split,lnp_id,num_components,component_types,percents,top_organ,target_pattern,target_lung_epithelium,target_liver,target_muscle,target_spleen,target_bone_marrow,target_heart,target_lung,target_kidney,target_ear
train,2063,4,IL|HL|PEG|CH,0.400074|0.300048|0.0500723|0.249805,lung_epithelium,lung_epithelium:1,1.0,0.0,0.0,0.0,0.0,0.0,0.0,0.0,0.0
train,1507,4,IL|HL|PEG|CH,0.203583|0.26672|0.0317704|0.497927,lung_epithelium,lung_epithelium:1,1.0,0.0,0.0,0.0,0.0,0.0,0.0,0.0,0.0
train,2637,4,IL|HL|PEG|CH,0.509549|0.262553|0.00868169|0.219216,lung_epithelium,lung_epithelium:1,1.0,0.0,0.0,0.0,0.0,0.0,0.0,0.0,0.0
train,2954,4,IL|HL|PEG|CH,0.5|0.1|0.015|0.385,ear,ear:1,0.0,0.0,0.0,0.0,0.0,0.0,0.0,0.0,1.0
train,2907,4,IL|HL|PEG|CH,0.35|0.16|0.025|0.465,liver,liver:0.2 + spleen:0.2 + heart:0.2 + lung:0.2 + kidney:0.2,0.0,0.20000000298023224,0.0,0.20000000298023224,0.0,0.20000000298023224,0.20000000298023224,0.20000000298023224,0.0
train,1808,4,IL|HL|PEG|CH,0.554064|0.111543|0.0111377|0.323255,lung_epithelium,lung_epithelium:1,1.0,0.0,0.0,0.0,0.0,0.0,0.0,0.0,0.0
train,1454,4,IL|HL|PEG|CH,0.570717|0.10691|0.053556|0.268816,lung_epithelium,lung_epithelium:1,1.0,0.0,0.0,0.0,0.0,0.0,0.0,0.0,0.0
train,1914,4,IL|HL|PEG|CH,0.439614|0.300567|0.0100646|0.249754,lung_epithelium,lung_epithelium:1,1.0,0.0,0.0,0.0,0.0,0.0,0.0,0.0,0.0
train,756,3,IL|HL|CH,0.406091|0.304569|0.28934,muscle,muscle:1,0.0,0.0,1.0,0.0,0.0,0.0,0.0,0.0,0.0
train,2542,4,IL|HL|PEG|CH,0.32093|0.187367|0.0278907|0.463812,lung_epithelium,lung_epithelium:1,1.0,0.0,0.0,0.0,0.0,0.0,0.0,0.0,0.0
train,300,4,IL|HL|PEG|CH,0.35|0.16|0.025|0.465,liver,liver:1,0.0,1.0,0.0,0.0,0.0,0.0,0.0,0.0,0.0
train,141,4,IL|HL|PEG|CH,0.3|0.39|0.01|0.3,lung_epithelium,lung_epithelium:1,1.0,0.0,0.0,0.0,0.0,0.0,0.0,0.0,0.0
train,163,4,IL|HL|PEG|CH,0.35|0.16|0.025|0.465,liver,liver:1,0.0,1.0,0.0,0.0,0.0,0.0,0.0,0.0,0.0
train,311,4,IL|HL|PEG|CH,0.35|0.16|0.025|0.465,liver,liver:1,0.0,1.0,0.0,0.0,0.0,0.0,0.0,0.0,0.0
train,737,3,IL|HL|CH,0.406091|0.304569|0.28934,muscle,muscle:1,0.0,0.0,1.0,0.0,0.0,0.0,0.0,0.0,0.0
train,2497,4,IL|HL|PEG|CH,0.706108|0.102689|0.00739832|0.183804,lung_epithelium,lung_epithelium:1,1.0,0.0,0.0,0.0,0.0,0.0,0.0,0.0,0.0
train,969,4,IL|HL|PEG|CH,0.5|0.1|0.015|0.385,liver,liver:0.5 + spleen:0.5,0.0,0.5,0.0,0.5,0.0,0.0,0.0,0.0,0.0
train,1190,4,IL|HL|PEG|CH,0.373095|0.313542|0.0523241|0.261039,lung_epithelium,lung_epithelium:1,1.0,0.0,0.0,0.0,0.0,0.0,0.0,0.0,0.0
train,505,4,IL|HL|PEG|CH,0.35|0.16|0.025|0.465,liver,liver:1,0.0,1.0,0.0,0.0,0.0,0.0,0.0,0.0,0.0
train,685,3,IL|HL|CH,0.406091|0.304569|0.28934,muscle,muscle:1,0.0,0.0,1.0,0.0,0.0,0.0,0.0,0.0,0.0
train,2706,4,IL|HL|PEG|CH,0.675441|0.0808297|0.040491|0.203238,lung_epithelium,lung_epithelium:1,1.0,0.0,0.0,0.0,0.0,0.0,0.0,0.0,0.0
train,232,4,IL|HL|PEG|CH,0.35|0.16|0.025|0.465,liver,liver:1,0.0,1.0,0.0,0.0,0.0,0.0,0.0,0.0,0.0
train,651,3,IL|HL|CH,0.406091|0.304569|0.28934,muscle,muscle:1,0.0,0.0,1.0,0.0,0.0,0.0,0.0,0.0,0.0
train,3063,4,IL|HL|PEG|CH,0.5|0.1|0.015|0.385,muscle,muscle:1,0.0,0.0,1.0,0.0,0.0,0.0,0.0,0.0,0.0
train,1673,4,IL|HL|PEG|CH,0.320193|0.160183|0.0265095|0.493114,lung_epithelium,lung_epithelium:1,1.0,0.0,0.0,0.0,0.0,0.0,0.0,0.0,0.0
train,9,4,IL|HL|PEG|CH,0.5|0.1|0.015|0.385,liver,liver:1,0.0,1.0,0.0,0.0,0.0,0.0,0.0,0.0,0.0
train,493,4,IL|HL|PEG|CH,0.35|0.16|0.025|0.465,liver,liver:1,0.0,1.0,0.0,0.0,0.0,0.0,0.0,0.0,0.0
train,2531,4,IL|HL|PEG|CH,0.515448|0.156199|0.0392772|0.289076,lung_epithelium,lung_epithelium:1,1.0,0.0,0.0,0.0,0.0,0.0,0.0,0.0,0.0
train,534,4,IL|HL|PEG|CH,0.35|0.16|0.025|0.465,liver,liver:1,0.0,1.0,0.0,0.0,0.0,0.0,0.0,0.0,0.0
train,2057,4,IL|HL|PEG|CH,0.199753|0.300357|0.00990747|0.489983,lung_epithelium,lung_epithelium:1,1.0,0.0,0.0,0.0,0.0,0.0,0.0,0.0,0.0
train,313,4,IL|HL|PEG|CH,0.35|0.16|0.025|0.465,liver,liver:1,0.0,1.0,0.0,0.0,0.0,0.0,0.0,0.0,0.0
train,1512,4,IL|HL|PEG|CH,0.271797|0.405302|0.010457|0.312444,lung_epithelium,lung_epithelium:1,1.0,0.0,0.0,0.0,0.0,0.0,0.0,0.0,0.0
train,1087,4,IL|HL|PEG|CH,0.35|0.16|0.025|0.465,muscle,muscle:1,0.0,0.0,1.0,0.0,0.0,0.0,0.0,0.0,0.0
train,993,4,IL|HL|PEG|CH,0.35|0.16|0.025|0.465,muscle,muscle:1,0.0,0.0,1.0,0.0,0.0,0.0,0.0,0.0,0.0
train,2788,4,IL|HL|PEG|CH,0.416427|0.137508|0.0227568|0.423309,lung_epithelium,lung_epithelium:1,1.0,0.0,0.0,0.0,0.0,0.0,0.0,0.0,0.0
train,1580,4,IL|HL|PEG|CH,0.353866|0.100869|0.0105479|0.534718,lung_epithelium,lung_epithelium:1,1.0,0.0,0.0,0.0,0.0,0.0,0.0,0.0,0.0
train,592,3,IL|HL|CH,0.406091|0.304569|0.28934,muscle,muscle:1,0.0,0.0,1.0,0.0,0.0,0.0,0.0,0.0,0.0
train,2045,4,IL|HL|PEG|CH,0.439326|0.300146|0.00992473|0.250603,lung_epithelium,lung_epithelium:1,1.0,0.0,0.0,0.0,0.0,0.0,0.0,0.0,0.0
train,1957,4,IL|HL|PEG|CH,0.483435|0.0793942|0.039621|0.39755,lung_epithelium,lung_epithelium:1,1.0,0.0,0.0,0.0,0.0,0.0,0.0,0.0,0.0
train,2576,4,IL|HL|PEG|CH,0.647035|0.088371|0.0442265|0.220368,lung_epithelium,lung_epithelium:1,1.0,0.0,0.0,0.0,0.0,0.0,0.0,0.0,0.0
train,3179,4,IL|HL|PEG|CH,0.5|0.1|0.015|0.385,bone_marrow,bone_marrow:1,0.0,0.0,0.0,0.0,1.0,0.0,0.0,0.0,0.0
train,344,4,IL|HL|PEG|CH,0.35|0.16|0.025|0.465,liver,liver:1,0.0,1.0,0.0,0.0,0.0,0.0,0.0,0.0,0.0
train,334,4,IL|HL|PEG|CH,0.35|0.16|0.025|0.465,liver,liver:1,0.0,1.0,0.0,0.0,0.0,0.0,0.0,0.0,0.0
train,2854,4,IL|HL|PEG|CH,0.354321|0.277901|0.0249048|0.342874,lung_epithelium,lung_epithelium:1,1.0,0.0,0.0,0.0,0.0,0.0,0.0,0.0,0.0
train,320,4,IL|HL|PEG|CH,0.35|0.16|0.025|0.465,liver,liver:1,0.0,1.0,0.0,0.0,0.0,0.0,0.0,0.0,0.0
train,104,3,IL|HL|CH,0.510204|0.387755|0.102041,liver,liver:1,0.0,1.0,0.0,0.0,0.0,0.0,0.0,0.0,0.0
train,1747,4,IL|HL|PEG|CH,0.177619|0.308664|0.0101815|0.503535,lung_epithelium,lung_epithelium:1,1.0,0.0,0.0,0.0,0.0,0.0,0.0,0.0,0.0
train,2287,4,IL|HL|PEG|CH,0.345199|0.102222|0.0106894|0.54189,lung_epithelium,lung_epithelium:1,1.0,0.0,0.0,0.0,0.0,0.0,0.0,0.0,0.0
train,3148,4,IL|HL|PEG|CH,0.4|0.3|0.015|0.285,muscle,muscle:1,0.0,0.0,1.0,0.0,0.0,0.0,0.0,0.0,0.0
train,965,4,IL|HL|PEG|CH,0.5|0.1|0.015|0.385,liver,liver:0.5 + spleen:0.5,0.0,0.5,0.0,0.5,0.0,0.0,0.0,0.0,0.0
train,1340,4,IL|HL|PEG|CH,0.266345|0.408336|0.0105353|0.314784,lung_epithelium,lung_epithelium:1,1.0,0.0,0.0,0.0,0.0,0.0,0.0,0.0,0.0
train,2621,4,IL|HL|PEG|CH,0.427213|0.0882994|0.0439817|0.440506,lung_epithelium,lung_epithelium:1,1.0,0.0,0.0,0.0,0.0,0.0,0.0,0.0,0.0
train,258,4,IL|HL|PEG|CH,0.35|0.16|0.025|0.465,liver,liver:1,0.0,1.0,0.0,0.0,0.0,0.0,0.0,0.0,0.0
train,471,4,IL|HL|PEG|CH,0.35|0.16|0.025|0.465,liver,liver:1,0.0,1.0,0.0,0.0,0.0,0.0,0.0,0.0,0.0
train,2064,4,IL|HL|PEG|CH,0.439614|0.300567|0.0100646|0.249754,lung_epithelium,lung_epithelium:1,1.0,0.0,0.0,0.0,0.0,0.0,0.0,0.0,0.0
train,2837,4,IL|HL|PEG|CH,0.403442|0.256759|0.0230102|0.316789,lung_epithelium,lung_epithelium:1,1.0,0.0,0.0,0.0,0.0,0.0,0.0,0.0,0.0
train,139,4,IL|HL|PEG|CH,0.3|0.39|0.01|0.3,lung_epithelium,lung_epithelium:1,1.0,0.0,0.0,0.0,0.0,0.0,0.0,0.0,0.0
train,585,3,IL|HL|CH,0.406091|0.304569|0.28934,muscle,muscle:1,0.0,0.0,1.0,0.0,0.0,0.0,0.0,0.0,0.0
train,2641,4,IL|HL|PEG|CH,0.419513|0.136781|0.0226365|0.42107,lung_epithelium,lung_epithelium:1,1.0,0.0,0.0,0.0,0.0,0.0,0.0,0.0,0.0
train,1552,4,IL|HL|PEG|CH,0.432713|0.303686|0.0100418|0.253559,lung_epithelium,lung_epithelium:1,1.0,0.0,0.0,0.0,0.0,0.0,0.0,0.0,0.0
train,296,4,IL|HL|PEG|CH,0.35|0.16|0.025|0.465,liver,liver:1,0.0,1.0,0.0,0.0,0.0,0.0,0.0,0.0,0.0
train,3242,4,IL|HL|PEG|CH,0.5|0.1|0.015|0.385,bone_marrow,bone_marrow:1,0.0,0.0,0.0,0.0,1.0,0.0,0.0,0.0,0.0
train,464,4,IL|HL|PEG|CH,0.35|0.16|0.025|0.465,liver,liver:1,0.0,1.0,0.0,0.0,0.0,0.0,0.0,0.0,0.0
train,3,4,IL|HL|PEG|CH,0.5|0.1|0.015|0.385,liver,liver:1,0.0,1.0,0.0,0.0,0.0,0.0,0.0,0.0,0.0
train,2605,4,IL|HL|PEG|CH,0.4426|0.0915243|0.00901214|0.456864,lung_epithelium,lung_epithelium:1,1.0,0.0,0.0,0.0,0.0,0.0,0.0,0.0,0.0
train,940,4,IL|HL|PEG|CH,0.5|0.1|0.015|0.385,liver,liver:0.5 + spleen:0.5,0.0,0.5,0.0,0.5,0.0,0.0,0.0,0.0,0.0
train,2010,4,IL|HL|PEG|CH,0.17814|0.275241|0.0327854|0.513834,lung_epithelium,lung_epithelium:1,1.0,0.0,0.0,0.0,0.0,0.0,0.0,0.0,0.0
train,1952,4,IL|HL|PEG|CH,0.577718|0.226494|0.00758425|0.188203,lung_epithelium,lung_epithelium:1,1.0,0.0,0.0,0.0,0.0,0.0,0.0,0.0,0.0
train,2066,4,IL|HL|PEG|CH,0.199885|0.300221|0.050156|0.449739,lung_epithelium,lung_epithelium:1,1.0,0.0,0.0,0.0,0.0,0.0,0.0,0.0,0.0
train,1453,4,IL|HL|PEG|CH,0.181366|0.307169|0.0513169|0.460148,lung_epithelium,lung_epithelium:1,1.0,0.0,0.0,0.0,0.0,0.0,0.0,0.0,0.0
train,312,4,IL|HL|PEG|CH,0.35|0.16|0.025|0.465,liver,liver:1,0.0,1.0,0.0,0.0,0.0,0.0,0.0,0.0,0.0
train,2816,4,IL|HL|PEG|CH,0.285451|0.168369|0.0278643|0.518315,lung_epithelium,lung_epithelium:1,1.0,0.0,0.0,0.0,0.0,0.0,0.0,0.0,0.0
train,514,4,IL|HL|PEG|CH,0.35|0.16|0.025|0.465,liver,liver:1,0.0,1.0,0.0,0.0,0.0,0.0,0.0,0.0,0.0
train,930,4,IL|HL|PEG|CH,0.5|0.1|0.015|0.385,liver,liver:0.5 + spleen:0.5,0.0,0.5,0.0,0.5,0.0,0.0,0.0,0.0,0.0
train,1326,4,IL|HL|PEG|CH,0.271805|0.405297|0.0104569|0.312441,lung_epithelium,lung_epithelium:1,1.0,0.0,0.0,0.0,0.0,0.0,0.0,0.0,0.0
train,76,4,IL|HL|PEG|CH,0.5|0.1|0.015|0.385,liver,liver:1,0.0,1.0,0.0,0.0,0.0,0.0,0.0,0.0,0.0
train,2318,4,IL|HL|PEG|CH,0.65892|0.0853152|0.00851883|0.247246,lung_epithelium,lung_epithelium:1,1.0,0.0,0.0,0.0,0.0,0.0,0.0,0.0,0.0
train,249,4,IL|HL|PEG|CH,0.35|0.16|0.025|0.465,liver,liver:1,0.0,1.0,0.0,0.0,0.0,0.0,0.0,0.0,0.0
train,1798,4,IL|HL|PEG|CH,0.353044|0.106229|0.0104601|0.530266,lung_epithelium,lung_epithelium:1,1.0,0.0,0.0,0.0,0.0,0.0,0.0,0.0,0.0
train,3164,4,IL|HL|PEG|CH,0.5|0.1|0.015|0.385,bone_marrow,bone_marrow:1,0.0,0.0,0.0,0.0,1.0,0.0,0.0,0.0,0.0
train,2399,4,IL|HL|PEG|CH,0.562078|0.0891707|0.026554|0.322198,lung_epithelium,lung_epithelium:1,1.0,0.0,0.0,0.0,0.0,0.0,0.0,0.0,0.0
train,2350,4,IL|HL|PEG|CH,0.507375|0.264223|0.00884764|0.219554,lung_epithelium,lung_epithelium:1,1.0,0.0,0.0,0.0,0.0,0.0,0.0,0.0,0.0
train,2958,4,IL|HL|PEG|CH,0.333333|0.133333|0.02|0.513333,ear,ear:1,0.0,0.0,0.0,0.0,0.0,0.0,0.0,0.0,1.0
train,2849,4,IL|HL|PEG|CH,0.375666|0.268714|0.0240815|0.331539,lung_epithelium,lung_epithelium:1,1.0,0.0,0.0,0.0,0.0,0.0,0.0,0.0,0.0
train,115,4,IL|HL|PEG|CH,0.3|0.39|0.01|0.3,lung_epithelium,lung_epithelium:0.5 + muscle:0.5,0.5,0.0,0.5,0.0,0.0,0.0,0.0,0.0,0.0
train,1840,4,IL|HL|PEG|CH,0.309796|0.297064|0.0266222|0.366517,lung_epithelium,lung_epithelium:1,1.0,0.0,0.0,0.0,0.0,0.0,0.0,0.0,0.0
train,2403,4,IL|HL|PEG|CH,0.455328|0.272414|0.0454606|0.226798,lung_epithelium,lung_epithelium:1,1.0,0.0,0.0,0.0,0.0,0.0,0.0,0.0,0.0
train,764,3,IL|HL|CH,0.406091|0.304569|0.28934,muscle,muscle:1,0.0,0.0,1.0,0.0,0.0,0.0,0.0,0.0,0.0
train,1220,4,IL|HL|PEG|CH,0.325823|0.166274|0.0259116|0.481991,lung_epithelium,lung_epithelium:1,1.0,0.0,0.0,0.0,0.0,0.0,0.0,0.0,0.0
train,2092,4,IL|HL|PEG|CH,0.392369|0.0997722|0.00982429|0.498035,lung_epithelium,lung_epithelium:1,1.0,0.0,0.0,0.0,0.0,0.0,0.0,0.0,0.0
train,2830,4,IL|HL|PEG|CH,0.519702|0.206721|0.0185258|0.255051,lung_epithelium,lung_epithelium:1,1.0,0.0,0.0,0.0,0.0,0.0,0.0,0.0,0.0
train,370,4,IL|HL|PEG|CH,0.35|0.16|0.025|0.465,liver,liver:1,0.0,1.0,0.0,0.0,0.0,0.0,0.0,0.0,0.0
train,1867,4,IL|HL|PEG|CH,0.306898|0.106527|0.0531616|0.533413,lung_epithelium,lung_epithelium:1,1.0,0.0,0.0,0.0,0.0,0.0,0.0,0.0,0.0
train,2880,4,IL|HL|PEG|CH,0.472669|0.226964|0.02034|0.280027,lung_epithelium,lung_epithelium:1,1.0,0.0,0.0,0.0,0.0,0.0,0.0,0.0,0.0
train,772,3,IL|HL|CH,0.406091|0.304569|0.28934,muscle,muscle:1,0.0,0.0,1.0,0.0,0.0,0.0,0.0,0.0,0.0
train,2723,4,IL|HL|PEG|CH,0.233947|0.28744|0.0480208|0.430593,lung_epithelium,lung_epithelium:1,1.0,0.0,0.0,0.0,0.0,0.0,0.0,0.0,0.0
train,2150,4,IL|HL|PEG|CH,0.608961|0.0979034|0.0489971|0.244138,lung_epithelium,lung_epithelium:1,1.0,0.0,0.0,0.0,0.0,0.0,0.0,0.0,0.0
train,1871,4,IL|HL|PEG|CH,0.457943|0.110375|0.0328684|0.398813,lung_epithelium,lung_epithelium:1,1.0,0.0,0.0,0.0,0.0,0.0,0.0,0.0,0.0
train,408,4,IL|HL|PEG|CH,0.35|0.16|0.025|0.465,liver,liver:1,0.0,1.0,0.0,0.0,0.0,0.0,0.0,0.0,0.0
train,743,3,IL|HL|CH,0.406091|0.304569|0.28934,muscle,muscle:1,0.0,0.0,1.0,0.0,0.0,0.0,0.0,0.0,0.0
train,77,4,IL|HL|PEG|CH,0.5|0.1|0.015|0.385,liver,liver:1,0.0,1.0,0.0,0.0,0.0,0.0,0.0,0.0,0.0
train,2499,4,IL|HL|PEG|CH,0.516757|0.24169|0.0403334|0.201219,lung_epithelium,lung_epithelium:1,1.0,0.0,0.0,0.0,0.0,0.0,0.0,0.0,0.0
train,3127,4,IL|HL|PEG|CH,0.5|0.1|0.015|0.385,muscle,muscle:1,0.0,0.0,1.0,0.0,0.0,0.0,0.0,0.0,0.0
train,2855,4,IL|HL|PEG|CH,0.35722|0.276653|0.024793|0.341334,lung_epithelium,lung_epithelium:1,1.0,0.0,0.0,0.0,0.0,0.0,0.0,0.0,0.0
train,2401,4,IL|HL|PEG|CH,0.652566|0.121398|0.00874617|0.21729,lung_epithelium,lung_epithelium:1,1.0,0.0,0.0,0.0,0.0,0.0,0.0,0.0,0.0
train,1303,4,IL|HL|PEG|CH,0.593296|0.101826|0.05096|0.253919,lung_epithelium,lung_epithelium:1,1.0,0.0,0.0,0.0,0.0,0.0,0.0,0.0,0.0
train,2908,4,IL|HL|PEG|CH,0.35|0.16|0.025|0.465,liver,liver:0.2 + spleen:0.2 + heart:0.2 + lung:0.2 + kidney:0.2,0.0,0.20000000298023224,0.0,0.20000000298023224,0.0,0.20000000298023224,0.20000000298023224,0.20000000298023224,0.0
train,2250,4,IL|HL|PEG|CH,0.550665|0.157003|0.0113114|0.281021,lung_epithelium,lung_epithelium:1,1.0,0.0,0.0,0.0,0.0,0.0,0.0,0.0,0.0
train,2087,4,IL|HL|PEG|CH,0.402833|0.298669|0.049842|0.248656,lung_epithelium,lung_epithelium:1,1.0,0.0,0.0,0.0,0.0,0.0,0.0,0.0,0.0
train,558,3,IL|HL|CH,0.406091|0.304569|0.28934,muscle,muscle:1,0.0,0.0,1.0,0.0,0.0,0.0,0.0,0.0,0.0
train,3188,4,IL|HL|PEG|CH,0.5|0.1|0.015|0.385,bone_marrow,bone_marrow:1,0.0,0.0,0.0,0.0,1.0,0.0,0.0,0.0,0.0
train,1288,4,IL|HL|PEG|CH,0.181248|0.307302|0.0101366|0.501313,lung_epithelium,lung_epithelium:1,1.0,0.0,0.0,0.0,0.0,0.0,0.0,0.0,0.0
train,2332,4,IL|HL|PEG|CH,0.451141|0.0901218|0.00887404|0.449863,lung_epithelium,lung_epithelium:1,1.0,0.0,0.0,0.0,0.0,0.0,0.0,0.0,0.0
train,2506,4,IL|HL|PEG|CH,0.505339|0.0808065|0.00816271|0.405692,lung_epithelium,lung_epithelium:1,1.0,0.0,0.0,0.0,0.0,0.0,0.0,0.0,0.0
train,352,4,IL|HL|PEG|CH,0.35|0.16|0.025|0.465,liver,liver:1,0.0,1.0,0.0,0.0,0.0,0.0,0.0,0.0,0.0
train,1913,4,IL|HL|PEG|CH,0.400074|0.300048|0.0500723|0.249805,lung_epithelium,lung_epithelium:1,1.0,0.0,0.0,0.0,0.0,0.0,0.0,0.0,0.0
train,2254,4,IL|HL|PEG|CH,0.550797|0.111871|0.0560412|0.28129,lung_epithelium,lung_epithelium:1,1.0,0.0,0.0,0.0,0.0,0.0,0.0,0.0,0.0
train,3267,4,IL|HL|PEG|CH,0.5|0.1|0.015|0.385,bone_marrow,bone_marrow:1,0.0,0.0,0.0,0.0,1.0,0.0,0.0,0.0,0.0
train,1591,4,IL|HL|PEG|CH,0.600583|0.139561|0.0100548|0.249801,lung_epithelium,lung_epithelium:1,1.0,0.0,0.0,0.0,0.0,0.0,0.0,0.0,0.0
train,387,4,IL|HL|PEG|CH,0.35|0.16|0.025|0.465,liver,liver:1,0.0,1.0,0.0,0.0,0.0,0.0,0.0,0.0,0.0
train,2746,4,IL|HL|PEG|CH,0.457756|0.0885795|0.00894791|0.444717,lung_epithelium,lung_epithelium:1,1.0,0.0,0.0,0.0,0.0,0.0,0.0,0.0,0.0
train,3301,4,IL|HL|PEG|CH,0.333333|0.133333|0.02|0.513333,ear,ear:1,0.0,0.0,0.0,0.0,0.0,0.0,0.0,0.0,1.0
train,738,3,IL|HL|CH,0.406091|0.304569|0.28934,muscle,muscle:1,0.0,0.0,1.0,0.0,0.0,0.0,0.0,0.0,0.0
train,2490,4,IL|HL|PEG|CH,0.449367|0.1775|0.0446336|0.328499,lung_epithelium,lung_epithelium:1,1.0,0.0,0.0,0.0,0.0,0.0,0.0,0.0,0.0
train,2677,4,IL|HL|PEG|CH,0.460645|0.0841994|0.00880476|0.44635,lung_epithelium,lung_epithelium:1,1.0,0.0,0.0,0.0,0.0,0.0,0.0,0.0,0.0
train,246,4,IL|HL|PEG|CH,0.35|0.16|0.025|0.465,liver,liver:1,0.0,1.0,0.0,0.0,0.0,0.0,0.0,0.0,0.0
train,1905,4,IL|HL|PEG|CH,0.349229|0.100021|0.0499147|0.500835,lung_epithelium,lung_epithelium:1,1.0,0.0,0.0,0.0,0.0,0.0,0.0,0.0,0.0
train,583,3,IL|HL|CH,0.406091|0.304569|0.28934,muscle,muscle:1,0.0,0.0,1.0,0.0,0.0,0.0,0.0,0.0,0.0
train,101,3,IL|HL|CH,0.510204|0.387755|0.102041,liver,liver:1,0.0,1.0,0.0,0.0,0.0,0.0,0.0,0.0,0.0
train,1252,4,IL|HL|PEG|CH,0.4361|0.301873|0.00998185|0.252045,lung_epithelium,lung_epithelium:1,1.0,0.0,0.0,0.0,0.0,0.0,0.0,0.0,0.0
train,3001,4,IL|HL|PEG|CH,0.324968|0.224475|0.0186037|0.431954,liver,liver:1,0.0,1.0,0.0,0.0,0.0,0.0,0.0,0.0,0.0
train,2843,4,IL|HL|PEG|CH,0.382245|0.265882|0.0238278|0.328045,lung_epithelium,lung_epithelium:1,1.0,0.0,0.0,0.0,0.0,0.0,0.0,0.0,0.0
train,697,3,IL|HL|CH,0.406091|0.304569|0.28934,muscle,muscle:1,0.0,0.0,1.0,0.0,0.0,0.0,0.0,0.0,0.0
train,2166,4,IL|HL|PEG|CH,0.400711|0.0935558|0.00978316|0.49595,lung_epithelium,lung_epithelium:1,1.0,0.0,0.0,0.0,0.0,0.0,0.0,0.0,0.0
train,124,4,IL|HL|PEG|CH,0.35|0.16|0.025|0.465,lung_epithelium,lung_epithelium:1,1.0,0.0,0.0,0.0,0.0,0.0,0.0,0.0,0.0
train,3086,4,IL|HL|PEG|CH,0.5|0.1|0.015|0.385,muscle,muscle:1,0.0,0.0,1.0,0.0,0.0,0.0,0.0,0.0,0.0
train,2086,4,IL|HL|PEG|CH,0.383015|0.198889|0.050012|0.368084,lung_epithelium,lung_epithelium:1,1.0,0.0,0.0,0.0,0.0,0.0,0.0,0.0,0.0
train,1966,4,IL|HL|PEG|CH,0.577718|0.226494|0.00758425|0.188203,lung_epithelium,lung_epithelium:1,1.0,0.0,0.0,0.0,0.0,0.0,0.0,0.0,0.0
train,126,4,IL|HL|PEG|CH,0.35|0.16|0.025|0.465,lung_epithelium,lung_epithelium:1,1.0,0.0,0.0,0.0,0.0,0.0,0.0,0.0,0.0
train,1777,4,IL|HL|PEG|CH,0.363094|0.318544|0.0531588|0.265203,lung_epithelium,lung_epithelium:1,1.0,0.0,0.0,0.0,0.0,0.0,0.0,0.0,0.0
train,1017,4,IL|HL|PEG|CH,0.35|0.16|0.025|0.465,muscle,muscle:1,0.0,0.0,1.0,0.0,0.0,0.0,0.0,0.0,0.0
train,1026,4,IL|HL|PEG|CH,0.35|0.16|0.025|0.465,muscle,muscle:1,0.0,0.0,1.0,0.0,0.0,0.0,0.0,0.0,0.0
train,1902,4,IL|HL|PEG|CH,0.349668|0.279903|0.0250843|0.345344,lung_epithelium,lung_epithelium:1,1.0,0.0,0.0,0.0,0.0,0.0,0.0,0.0,0.0
train,2974,4,IL|HL|PEG|CH,0.353743|0.214906|0.0178107|0.413541,liver,liver:1,0.0,1.0,0.0,0.0,0.0,0.0,0.0,0.0,0.0
train,3238,4,IL|HL|PEG|CH,0.5|0.1|0.015|0.385,bone_marrow,bone_marrow:1,0.0,0.0,0.0,0.0,1.0,0.0,0.0,0.0,0.0
train,1277,4,IL|HL|PEG|CH,0.398842|0.0987094|0.00971963|0.492729,lung_epithelium,lung_epithelium:1,1.0,0.0,0.0,0.0,0.0,0.0,0.0,0.0,0.0
train,1883,4,IL|HL|PEG|CH,0.17078|0.311231|0.0102662|0.507723,lung_epithelium,lung_epithelium:1,1.0,0.0,0.0,0.0,0.0,0.0,0.0,0.0,0.0
train,2357,4,IL|HL|PEG|CH,0.254573|0.279781|0.00922877|0.456417,lung_epithelium,lung_epithelium:1,1.0,0.0,0.0,0.0,0.0,0.0,0.0,0.0,0.0
train,49,4,IL|HL|PEG|CH,0.5|0.1|0.015|0.385,liver,liver:1,0.0,1.0,0.0,0.0,0.0,0.0,0.0,0.0,0.0
train,2081,4,IL|HL|PEG|CH,0.201594|0.299666|0.00988468|0.488856,lung_epithelium,lung_epithelium:1,1.0,0.0,0.0,0.0,0.0,0.0,0.0,0.0,0.0
train,3067,4,IL|HL|PEG|CH,0.5|0.1|0.015|0.385,muscle,muscle:1,0.0,0.0,1.0,0.0,0.0,0.0,0.0,0.0,0.0
train,2439,4,IL|HL|PEG|CH,0.496087|0.270277|0.00905036|0.224585,lung_epithelium,lung_epithelium:1,1.0,0.0,0.0,0.0,0.0,0.0,0.0,0.0,0.0
train,248,4,IL|HL|PEG|CH,0.35|0.16|0.025|0.465,liver,liver:1,0.0,1.0,0.0,0.0,0.0,0.0,0.0,0.0,0.0
train,593,3,IL|HL|CH,0.406091|0.304569|0.28934,muscle,muscle:1,0.0,0.0,1.0,0.0,0.0,0.0,0.0,0.0,0.0
train,819,4,IL|HL|PEG|CH,0.238095|0.238095|0.047619|0.47619,liver,liver:1,0.0,1.0,0.0,0.0,0.0,0.0,0.0,0.0,0.0
train,1240,4,IL|HL|PEG|CH,0.197385|0.301246|0.00993679|0.491433,lung_epithelium,lung_epithelium:1,1.0,0.0,0.0,0.0,0.0,0.0,0.0,0.0,0.0
train,128,4,IL|HL|PEG|CH,0.35|0.16|0.025|0.465,lung_epithelium,lung_epithelium:1,1.0,0.0,0.0,0.0,0.0,0.0,0.0,0.0,0.0
train,1163,4,IL|HL|PEG|CH,0.440442|0.270943|0.0479804|0.240634,lung_epithelium,lung_epithelium:1,1.0,0.0,0.0,0.0,0.0,0.0,0.0,0.0,0.0
train,2096,4,IL|HL|PEG|CH,0.394667|0.0944994|0.00988183|0.500952,lung_epithelium,lung_epithelium:1,1.0,0.0,0.0,0.0,0.0,0.0,0.0,0.0,0.0
train,2429,4,IL|HL|PEG|CH,0.402895|0.256995|0.0230313|0.317079,lung_epithelium,lung_epithelium:1,1.0,0.0,0.0,0.0,0.0,0.0,0.0,0.0,0.0
train,952,4,IL|HL|PEG|CH,0.5|0.1|0.015|0.385,liver,liver:0.5 + spleen:0.5,0.0,0.5,0.0,0.5,0.0,0.0,0.0,0.0,0.0
train,1419,4,IL|HL|PEG|CH,0.563375|0.109214|0.0109052|0.316506,lung_epithelium,lung_epithelium:1,1.0,0.0,0.0,0.0,0.0,0.0,0.0,0.0,0.0
train,1449,4,IL|HL|PEG|CH,0.352434|0.208747|0.0524909|0.386328,lung_epithelium,lung_epithelium:1,1.0,0.0,0.0,0.0,0.0,0.0,0.0,0.0,0.0
train,1113,4,IL|HL|PEG|CH,0.35|0.16|0.025|0.465,lung_epithelium,lung_epithelium:1,1.0,0.0,0.0,0.0,0.0,0.0,0.0,0.0,0.0
train,2229,4,IL|HL|PEG|CH,0.178962|0.30816|0.0101649|0.502713,lung_epithelium,lung_epithelium:1,1.0,0.0,0.0,0.0,0.0,0.0,0.0,0.0,0.0
train,1090,4,IL|HL|PEG|CH,0.35|0.16|0.025|0.465,muscle,muscle:1,0.0,0.0,1.0,0.0,0.0,0.0,0.0,0.0,0.0
train,2190,4,IL|HL|PEG|CH,0.203877|0.266621|0.0317587|0.497743,lung_epithelium,lung_epithelium:1,1.0,0.0,0.0,0.0,0.0,0.0,0.0,0.0,0.0
train,547,3,IL|HL|CH,0.406091|0.304569|0.28934,muscle,muscle:1,0.0,0.0,1.0,0.0,0.0,0.0,0.0,0.0,0.0
train,1112,4,IL|HL|PEG|CH,0.35|0.16|0.025|0.465,lung_epithelium,lung_epithelium:1,1.0,0.0,0.0,0.0,0.0,0.0,0.0,0.0,0.0
train,2847,4,IL|HL|PEG|CH,0.375666|0.268714|0.0240815|0.331539,lung_epithelium,lung_epithelium:1,1.0,0.0,0.0,0.0,0.0,0.0,0.0,0.0,0.0
train,2296,4,IL|HL|PEG|CH,0.41958|0.0892086|0.0445188|0.446693,lung_epithelium,lung_epithelium:1,1.0,0.0,0.0,0.0,0.0,0.0,0.0,0.0,0.0
train,285,4,IL|HL|PEG|CH,0.35|0.16|0.025|0.465,liver,liver:1,0.0,1.0,0.0,0.0,0.0,0.0,0.0,0.0,0.0
train,2998,4,IL|HL|PEG|CH,0.348769|0.21656|0.0179477|0.416723,liver,liver:1,0.0,1.0,0.0,0.0,0.0,0.0,0.0,0.0,0.0
train,1070,4,IL|HL|PEG|CH,0.35|0.16|0.025|0.465,muscle,muscle:1,0.0,0.0,1.0,0.0,0.0,0.0,0.0,0.0,0.0
train,1854,4,IL|HL|PEG|CH,0.17256|0.310473|0.0518689|0.465098,lung_epithelium,lung_epithelium:1,1.0,0.0,0.0,0.0,0.0,0.0,0.0,0.0,0.0
train,2164,4,IL|HL|PEG|CH,0.205649|0.266028|0.031688|0.496635,lung_epithelium,lung_epithelium:1,1.0,0.0,0.0,0.0,0.0,0.0,0.0,0.0,0.0
train,3027,4,IL|HL|PEG|CH,0.357608|0.213621|0.0177041|0.411067,liver,liver:1,0.0,1.0,0.0,0.0,0.0,0.0,0.0,0.0,0.0
train,178,4,IL|HL|PEG|CH,0.35|0.16|0.025|0.465,liver,liver:1,0.0,1.0,0.0,0.0,0.0,0.0,0.0,0.0,0.0
train,198,4,IL|HL|PEG|CH,0.35|0.16|0.025|0.465,liver,liver:1,0.0,1.0,0.0,0.0,0.0,0.0,0.0,0.0,0.0
train,1607,4,IL|HL|PEG|CH,0.394248|0.302962|0.0505586|0.252231,lung_epithelium,lung_epithelium:1,1.0,0.0,0.0,0.0,0.0,0.0,0.0,0.0,0.0
train,2606,4,IL|HL|PEG|CH,0.442105|0.0911362|0.00920617|0.457553,lung_epithelium,lung_epithelium:1,1.0,0.0,0.0,0.0,0.0,0.0,0.0,0.0,0.0
train,80,4,IL|HL|PEG|CH,0.5|0.1|0.015|0.385,liver,liver:1,0.0,1.0,0.0,0.0,0.0,0.0,0.0,0.0,0.0
train,711,3,IL|HL|CH,0.406091|0.304569|0.28934,muscle,muscle:1,0.0,0.0,1.0,0.0,0.0,0.0,0.0,0.0,0.0
train,55,4,IL|HL|PEG|CH,0.5|0.1|0.015|0.385,liver,liver:1,0.0,1.0,0.0,0.0,0.0,0.0,0.0,0.0,0.0
train,3046,4,IL|HL|PEG|CH,0.344512|0.217975|0.0180651|0.419448,liver,liver:1,0.0,1.0,0.0,0.0,0.0,0.0,0.0,0.0,0.0
train,2003,4,IL|HL|PEG|CH,0.366772|0.316704|0.0528518|0.263672,lung_epithelium,lung_epithelium:1,1.0,0.0,0.0,0.0,0.0,0.0,0.0,0.0,0.0
train,1233,4,IL|HL|PEG|CH,0.413318|0.314671|0.0105369|0.261474,lung_epithelium,lung_epithelium:1,1.0,0.0,0.0,0.0,0.0,0.0,0.0,0.0,0.0
train,1455,4,IL|HL|PEG|CH,0.322709|0.10441|0.0520061|0.520875,lung_epithelium,lung_epithelium:1,1.0,0.0,0.0,0.0,0.0,0.0,0.0,0.0,0.0
train,1009,4,IL|HL|PEG|CH,0.35|0.16|0.025|0.465,muscle,muscle:1,0.0,0.0,1.0,0.0,0.0,0.0,0.0,0.0,0.0
train,2669,4,IL|HL|PEG|CH,0.248703|0.281903|0.0470958|0.422298,lung_epithelium,lung_epithelium:1,1.0,0.0,0.0,0.0,0.0,0.0,0.0,0.0,0.0
train,2825,4,IL|HL|PEG|CH,0.4524|0.0854866|0.00893936|0.453174,lung_epithelium,lung_epithelium:1,1.0,0.0,0.0,0.0,0.0,0.0,0.0,0.0,0.0
train,1004,4,IL|HL|PEG|CH,0.35|0.16|0.025|0.465,muscle,muscle:1,0.0,0.0,1.0,0.0,0.0,0.0,0.0,0.0,0.0
train,2241,4,IL|HL|PEG|CH,0.357921|0.105429|0.0103813|0.52627,lung_epithelium,lung_epithelium:1,1.0,0.0,0.0,0.0,0.0,0.0,0.0,0.0,0.0
train,1995,4,IL|HL|PEG|CH,0.317917|0.104834|0.0523164|0.524933,lung_epithelium,lung_epithelium:1,1.0,0.0,0.0,0.0,0.0,0.0,0.0,0.0,0.0
train,134,4,IL|HL|PEG|CH,0.35|0.16|0.025|0.465,lung_epithelium,lung_epithelium:1,1.0,0.0,0.0,0.0,0.0,0.0,0.0,0.0,0.0
train,2103,4,IL|HL|PEG|CH,0.405853|0.297158|0.04959|0.247399,lung_epithelium,lung_epithelium:1,1.0,0.0,0.0,0.0,0.0,0.0,0.0,0.0,0.0
train,3132,4,IL|HL|PEG|CH,0.5|0.1|0.015|0.385,muscle,muscle:1,0.0,0.0,1.0,0.0,0.0,0.0,0.0,0.0,0.0
train,3076,4,IL|HL|PEG|CH,0.5|0.1|0.015|0.385,muscle,muscle:1,0.0,0.0,1.0,0.0,0.0,0.0,0.0,0.0,0.0
train,1642,4,IL|HL|PEG|CH,0.562643|0.109397|0.0109235|0.317037,lung_epithelium,lung_epithelium:1,1.0,0.0,0.0,0.0,0.0,0.0,0.0,0.0,0.0
train,1254,4,IL|HL|PEG|CH,0.385627|0.100362|0.0101382|0.503873,lung_epithelium,lung_epithelium:1,1.0,0.0,0.0,0.0,0.0,0.0,0.0,0.0,0.0
train,256,4,IL|HL|PEG|CH,0.35|0.16|0.025|0.465,liver,liver:1,0.0,1.0,0.0,0.0,0.0,0.0,0.0,0.0,0.0
train,1491,4,IL|HL|PEG|CH,0.605806|0.0986008|0.00984541|0.285747,lung_epithelium,lung_epithelium:1,1.0,0.0,0.0,0.0,0.0,0.0,0.0,0.0,0.0
train,611,3,IL|HL|CH,0.406091|0.304569|0.28934,muscle,muscle:1,0.0,0.0,1.0,0.0,0.0,0.0,0.0,0.0,0.0
train,2438,4,IL|HL|PEG|CH,0.455598|0.272278|0.045438|0.226685,lung_epithelium,lung_epithelium:1,1.0,0.0,0.0,0.0,0.0,0.0,0.0,0.0,0.0
train,2760,4,IL|HL|PEG|CH,0.652432|0.08656|0.0433616|0.217647,lung_epithelium,lung_epithelium:1,1.0,0.0,0.0,0.0,0.0,0.0,0.0,0.0,0.0
train,2509,4,IL|HL|PEG|CH,0.508247|0.0767683|0.00802768|0.406957,lung_epithelium,lung_epithelium:1,1.0,0.0,0.0,0.0,0.0,0.0,0.0,0.0,0.0
train,950,4,IL|HL|PEG|CH,0.5|0.1|0.015|0.385,liver,liver:0.5 + spleen:0.5,0.0,0.5,0.0,0.5,0.0,0.0,0.0,0.0,0.0
train,1269,4,IL|HL|PEG|CH,0.389433|0.19682|0.0494918|0.364255,lung_epithelium,lung_epithelium:1,1.0,0.0,0.0,0.0,0.0,0.0,0.0,0.0,0.0
train,2153,4,IL|HL|PEG|CH,0.608513|0.13679|0.00985515|0.244842,lung_epithelium,lung_epithelium:1,1.0,0.0,0.0,0.0,0.0,0.0,0.0,0.0,0.0
train,529,4,IL|HL|PEG|CH,0.35|0.16|0.025|0.465,liver,liver:1,0.0,1.0,0.0,0.0,0.0,0.0,0.0,0.0,0.0
train,434,4,IL|HL|PEG|CH,0.35|0.16|0.025|0.465,liver,liver:1,0.0,1.0,0.0,0.0,0.0,0.0,0.0,0.0,0.0
train,801,4,IL|HL|PEG|CH,0.238095|0.238095|0.047619|0.47619,liver,liver:1,0.0,1.0,0.0,0.0,0.0,0.0,0.0,0.0,0.0
train,441,4,IL|HL|PEG|CH,0.35|0.16|0.025|0.465,liver,liver:1,0.0,1.0,0.0,0.0,0.0,0.0,0.0,0.0,0.0
train,1379,4,IL|HL|PEG|CH,0.442886|0.298812|0.0100059|0.248296,lung_epithelium,lung_epithelium:1,1.0,0.0,0.0,0.0,0.0,0.0,0.0,0.0,0.0
train,2030,4,IL|HL|PEG|CH,0.319052|0.167754|0.0260852|0.487109,lung_epithelium,lung_epithelium:1,1.0,0.0,0.0,0.0,0.0,0.0,0.0,0.0,0.0
train,2936,4,IL|HL|PEG|CH,0.35|0.16|0.025|0.465,liver,liver:0.2 + spleen:0.2 + heart:0.2 + lung:0.2 + kidney:0.2,0.0,0.20000000298023224,0.0,0.20000000298023224,0.0,0.20000000298023224,0.20000000298023224,0.20000000298023224,0.0
train,669,3,IL|HL|CH,0.406091|0.304569|0.28934,muscle,muscle:1,0.0,0.0,1.0,0.0,0.0,0.0,0.0,0.0,0.0
train,28,4,IL|HL|PEG|CH,0.5|0.1|0.015|0.385,liver,liver:1,0.0,1.0,0.0,0.0,0.0,0.0,0.0,0.0,0.0
train,386,4,IL|HL|PEG|CH,0.35|0.16|0.025|0.465,liver,liver:1,0.0,1.0,0.0,0.0,0.0,0.0,0.0,0.0,0.0
train,110,3,IL|HL|CH,0.510204|0.387755|0.102041,liver,liver:1,0.0,1.0,0.0,0.0,0.0,0.0,0.0,0.0,0.0
train,1601,4,IL|HL|PEG|CH,0.195891|0.301806|0.00995528|0.492348,lung_epithelium,lung_epithelium:1,1.0,0.0,0.0,0.0,0.0,0.0,0.0,0.0,0.0
train,2234,4,IL|HL|PEG|CH,0.348917|0.209881|0.052776|0.388426,lung_epithelium,lung_epithelium:1,1.0,0.0,0.0,0.0,0.0,0.0,0.0,0.0,0.0
train,531,4,IL|HL|PEG|CH,0.35|0.16|0.025|0.465,liver,liver:1,0.0,1.0,0.0,0.0,0.0,0.0,0.0,0.0,0.0
train,45,4,IL|HL|PEG|CH,0.5|0.1|0.015|0.385,liver,liver:1,0.0,1.0,0.0,0.0,0.0,0.0,0.0,0.0,0.0
train,2078,4,IL|HL|PEG|CH,0.321938|0.167043|0.0259746|0.485045,lung_epithelium,lung_epithelium:1,1.0,0.0,0.0,0.0,0.0,0.0,0.0,0.0,0.0
train,2272,4,IL|HL|PEG|CH,0.391688|0.325648|0.010768|0.271896,lung_epithelium,lung_epithelium:1,1.0,0.0,0.0,0.0,0.0,0.0,0.0,0.0,0.0
train,1896,4,IL|HL|PEG|CH,0.344995|0.107551|0.0105902|0.536864,lung_epithelium,lung_epithelium:1,1.0,0.0,0.0,0.0,0.0,0.0,0.0,0.0,0.0
train,2314,4,IL|HL|PEG|CH,0.409094|0.254326|0.0227921|0.313787,lung_epithelium,lung_epithelium:1,1.0,0.0,0.0,0.0,0.0,0.0,0.0,0.0,0.0
train,29,4,IL|HL|PEG|CH,0.5|0.1|0.015|0.385,liver,liver:1,0.0,1.0,0.0,0.0,0.0,0.0,0.0,0.0,0.0
train,1046,4,IL|HL|PEG|CH,0.35|0.16|0.025|0.465,muscle,muscle:1,0.0,0.0,1.0,0.0,0.0,0.0,0.0,0.0,0.0
train,327,4,IL|HL|PEG|CH,0.35|0.16|0.025|0.465,liver,liver:1,0.0,1.0,0.0,0.0,0.0,0.0,0.0,0.0,0.0
train,2031,4,IL|HL|PEG|CH,0.348828|0.100083|0.0499455|0.501144,lung_epithelium,lung_epithelium:1,1.0,0.0,0.0,0.0,0.0,0.0,0.0,0.0,0.0
train,3047,4,IL|HL|PEG|CH,0.340357|0.219357|0.0181796|0.422106,liver,liver:1,0.0,1.0,0.0,0.0,0.0,0.0,0.0,0.0,0.0
train,682,3,IL|HL|CH,0.406091|0.304569|0.28934,muscle,muscle:1,0.0,0.0,1.0,0.0,0.0,0.0,0.0,0.0,0.0
train,1402,4,IL|HL|PEG|CH,0.396509|0.301832|0.0503699|0.25129,lung_epithelium,lung_epithelium:1,1.0,0.0,0.0,0.0,0.0,0.0,0.0,0.0,0.0
train,2220,4,IL|HL|PEG|CH,0.175538|0.309356|0.0516822|0.463424,lung_epithelium,lung_epithelium:1,1.0,0.0,0.0,0.0,0.0,0.0,0.0,0.0,0.0
train,414,4,IL|HL|PEG|CH,0.35|0.16|0.025|0.465,liver,liver:1,0.0,1.0,0.0,0.0,0.0,0.0,0.0,0.0,0.0
train,185,4,IL|HL|PEG|CH,0.35|0.16|0.025|0.465,liver,liver:1,0.0,1.0,0.0,0.0,0.0,0.0,0.0,0.0,0.0
train,394,4,IL|HL|PEG|CH,0.35|0.16|0.025|0.465,liver,liver:1,0.0,1.0,0.0,0.0,0.0,0.0,0.0,0.0,0.0
train,1844,4,IL|HL|PEG|CH,0.556045|0.111048|0.0110883|0.321819,lung_epithelium,lung_epithelium:1,1.0,0.0,0.0,0.0,0.0,0.0,0.0,0.0,0.0
train,3053,4,IL|HL|PEG|CH,0.5|0.1|0.015|0.385,muscle,muscle:1,0.0,0.0,1.0,0.0,0.0,0.0,0.0,0.0,0.0
train,325,4,IL|HL|PEG|CH,0.35|0.16|0.025|0.465,liver,liver:1,0.0,1.0,0.0,0.0,0.0,0.0,0.0,0.0,0.0
train,3072,4,IL|HL|PEG|CH,0.5|0.1|0.015|0.385,muscle,muscle:1,0.0,0.0,1.0,0.0,0.0,0.0,0.0,0.0,0.0
train,2685,4,IL|HL|PEG|CH,0.415853|0.137643|0.0227792|0.423725,lung_epithelium,lung_epithelium:1,1.0,0.0,0.0,0.0,0.0,0.0,0.0,0.0,0.0
train,1791,4,IL|HL|PEG|CH,0.363087|0.318548|0.0531594|0.265206,lung_epithelium,lung_epithelium:1,1.0,0.0,0.0,0.0,0.0,0.0,0.0,0.0,0.0
train,2765,4,IL|HL|PEG|CH,0.238085|0.255165|0.0303941|0.476356,lung_epithelium,lung_epithelium:1,1.0,0.0,0.0,0.0,0.0,0.0,0.0,0.0,0.0
train,2592,4,IL|HL|PEG|CH,0.251144|0.250792|0.0298731|0.468191,lung_epithelium,lung_epithelium:1,1.0,0.0,0.0,0.0,0.0,0.0,0.0,0.0,0.0
train,556,3,IL|HL|CH,0.406091|0.304569|0.28934,muscle,muscle:1,0.0,0.0,1.0,0.0,0.0,0.0,0.0,0.0,0.0
train,1242,4,IL|HL|PEG|CH,0.502183|0.101367|0.0301858|0.366265,lung_epithelium,lung_epithelium:1,1.0,0.0,0.0,0.0,0.0,0.0,0.0,0.0,0.0
train,914,4,IL|HL|PEG|CH,0.5|0.1|0.015|0.385,liver,liver:0.5 + spleen:0.5,0.0,0.5,0.0,0.5,0.0,0.0,0.0,0.0,0.0
train,2050,4,IL|HL|PEG|CH,0.391506|0.0949929|0.00993343|0.503568,lung_epithelium,lung_epithelium:1,1.0,0.0,0.0,0.0,0.0,0.0,0.0,0.0,0.0
train,2665,4,IL|HL|PEG|CH,0.457472|0.0886259|0.00895259|0.44495,lung_epithelium,lung_epithelium:1,1.0,0.0,0.0,0.0,0.0,0.0,0.0,0.0,0.0
train,1256,4,IL|HL|PEG|CH,0.349786|0.15321|0.0253556|0.471649,lung_epithelium,lung_epithelium:1,1.0,0.0,0.0,0.0,0.0,0.0,0.0,0.0,0.0
train,2575,4,IL|HL|PEG|CH,0.233609|0.287649|0.00948831|0.469253,lung_epithelium,lung_epithelium:1,1.0,0.0,0.0,0.0,0.0,0.0,0.0,0.0,0.0
train,2349,4,IL|HL|PEG|CH,0.466818|0.266667|0.0445016|0.222013,lung_epithelium,lung_epithelium:1,1.0,0.0,0.0,0.0,0.0,0.0,0.0,0.0,0.0
train,2339,4,IL|HL|PEG|CH,0.329071|0.373424|0.00963458|0.28787,lung_epithelium,lung_epithelium:1,1.0,0.0,0.0,0.0,0.0,0.0,0.0,0.0,0.0
train,2129,4,IL|HL|PEG|CH,0.401005|0.0978501|0.00988438|0.49126,lung_epithelium,lung_epithelium:1,1.0,0.0,0.0,0.0,0.0,0.0,0.0,0.0,0.0
train,2663,4,IL|HL|PEG|CH,0.509549|0.262553|0.00868169|0.219216,lung_epithelium,lung_epithelium:1,1.0,0.0,0.0,0.0,0.0,0.0,0.0,0.0,0.0
train,2870,4,IL|HL|PEG|CH,0.46265|0.231276|0.0207264|0.285348,lung_epithelium,lung_epithelium:1,1.0,0.0,0.0,0.0,0.0,0.0,0.0,0.0,0.0
train,1626,4,IL|HL|PEG|CH,0.286503|0.175772|0.027332|0.510392,lung_epithelium,lung_epithelium:1,1.0,0.0,0.0,0.0,0.0,0.0,0.0,0.0,0.0
train,871,4,IL|HL|PEG|CH,0.5|0.1|0.015|0.385,liver,liver:0.5 + spleen:0.5,0.0,0.5,0.0,0.5,0.0,0.0,0.0,0.0,0.0
train,2440,4,IL|HL|PEG|CH,0.314619|0.189108|0.0281499|0.468123,lung_epithelium,lung_epithelium:1,1.0,0.0,0.0,0.0,0.0,0.0,0.0,0.0,0.0
train,2533,4,IL|HL|PEG|CH,0.576233|0.22729|0.00761092|0.188865,lung_epithelium,lung_epithelium:1,1.0,0.0,0.0,0.0,0.0,0.0,0.0,0.0,0.0
train,1574,4,IL|HL|PEG|CH,0.313434|0.105839|0.0527183|0.528009,lung_epithelium,lung_epithelium:1,1.0,0.0,0.0,0.0,0.0,0.0,0.0,0.0,0.0
train,2377,4,IL|HL|PEG|CH,0.3301|0.372851|0.0096198|0.287429,lung_epithelium,lung_epithelium:1,1.0,0.0,0.0,0.0,0.0,0.0,0.0,0.0,0.0
train,715,3,IL|HL|CH,0.406091|0.304569|0.28934,muscle,muscle:1,0.0,0.0,1.0,0.0,0.0,0.0,0.0,0.0,0.0
train,280,4,IL|HL|PEG|CH,0.35|0.16|0.025|0.465,liver,liver:1,0.0,1.0,0.0,0.0,0.0,0.0,0.0,0.0,0.0
train,840,4,IL|HL|PEG|CH,0.5|0.1|0.015|0.385,liver,liver:0.5 + spleen:0.5,0.0,0.5,0.0,0.5,0.0,0.0,0.0,0.0,0.0
train,859,4,IL|HL|PEG|CH,0.5|0.1|0.015|0.385,liver,liver:0.5 + spleen:0.5,0.0,0.5,0.0,0.5,0.0,0.0,0.0,0.0,0.0
train,3213,4,IL|HL|PEG|CH,0.5|0.1|0.015|0.385,bone_marrow,bone_marrow:1,0.0,0.0,0.0,0.0,1.0,0.0,0.0,0.0,0.0
train,214,4,IL|HL|PEG|CH,0.35|0.16|0.025|0.465,liver,liver:1,0.0,1.0,0.0,0.0,0.0,0.0,0.0,0.0,0.0
train,2249,4,IL|HL|PEG|CH,0.35969|0.310045|0.0549048|0.275361,lung_epithelium,lung_epithelium:1,1.0,0.0,0.0,0.0,0.0,0.0,0.0,0.0,0.0
train,2014,4,IL|HL|PEG|CH,0.322872|0.291436|0.0261179|0.359574,lung_epithelium,lung_epithelium:1,1.0,0.0,0.0,0.0,0.0,0.0,0.0,0.0,0.0
train,1380,4,IL|HL|PEG|CH,0.270434|0.2013|0.0299647|0.498301,lung_epithelium,lung_epithelium:1,1.0,0.0,0.0,0.0,0.0,0.0,0.0,0.0,0.0
train,283,4,IL|HL|PEG|CH,0.35|0.16|0.025|0.465,liver,liver:1,0.0,1.0,0.0,0.0,0.0,0.0,0.0,0.0,0.0
train,2374,4,IL|HL|PEG|CH,0.468605|0.0829568|0.00867482|0.439763,lung_epithelium,lung_epithelium:1,1.0,0.0,0.0,0.0,0.0,0.0,0.0,0.0,0.0
train,209,4,IL|HL|PEG|CH,0.35|0.16|0.025|0.465,liver,liver:1,0.0,1.0,0.0,0.0,0.0,0.0,0.0,0.0,0.0
train,1983,4,IL|HL|PEG|CH,0.56523|0.108277|0.0542406|0.272252,lung_epithelium,lung_epithelium:1,1.0,0.0,0.0,0.0,0.0,0.0,0.0,0.0,0.0
train,2286,4,IL|HL|PEG|CH,0.308723|0.162886|0.0269568|0.501434,lung_epithelium,lung_epithelium:1,1.0,0.0,0.0,0.0,0.0,0.0,0.0,0.0,0.0
train,1358,4,IL|HL|PEG|CH,0.174988|0.309652|0.0102141|0.505146,lung_epithelium,lung_epithelium:1,1.0,0.0,0.0,0.0,0.0,0.0,0.0,0.0,0.0
train,480,4,IL|HL|PEG|CH,0.35|0.16|0.025|0.465,liver,liver:1,0.0,1.0,0.0,0.0,0.0,0.0,0.0,0.0,0.0
train,1074,4,IL|HL|PEG|CH,0.35|0.16|0.025|0.465,muscle,muscle:1,0.0,0.0,1.0,0.0,0.0,0.0,0.0,0.0,0.0
train,506,4,IL|HL|PEG|CH,0.35|0.16|0.025|0.465,liver,liver:1,0.0,1.0,0.0,0.0,0.0,0.0,0.0,0.0,0.0
train,2529,4,IL|HL|PEG|CH,0.543475|0.221054|0.0391457|0.196325,lung_epithelium,lung_epithelium:1,1.0,0.0,0.0,0.0,0.0,0.0,0.0,0.0,0.0
train,2457,4,IL|HL|PEG|CH,0.421433|0.142694|0.0222369|0.413636,lung_epithelium,lung_epithelium:1,1.0,0.0,0.0,0.0,0.0,0.0,0.0,0.0,0.0
train,1807,4,IL|HL|PEG|CH,0.307673|0.106408|0.0531021|0.532817,lung_epithelium,lung_epithelium:1,1.0,0.0,0.0,0.0,0.0,0.0,0.0,0.0,0.0
train,1437,4,IL|HL|PEG|CH,0.356624|0.100438|0.0105029|0.532435,lung_epithelium,lung_epithelium:1,1.0,0.0,0.0,0.0,0.0,0.0,0.0,0.0,0.0
train,982,4,IL|HL|PEG|CH,0.5|0.1|0.015|0.385,liver,liver:0.5 + spleen:0.5,0.0,0.5,0.0,0.5,0.0,0.0,0.0,0.0,0.0
train,2042,4,IL|HL|PEG|CH,0.199602|0.300327|0.0501737|0.449898,lung_epithelium,lung_epithelium:1,1.0,0.0,0.0,0.0,0.0,0.0,0.0,0.0,0.0
train,767,3,IL|HL|CH,0.406091|0.304569|0.28934,muscle,muscle:1,0.0,0.0,1.0,0.0,0.0,0.0,0.0,0.0,0.0
train,2052,4,IL|HL|PEG|CH,0.349668|0.279903|0.0250843|0.345344,lung_epithelium,lung_epithelium:1,1.0,0.0,0.0,0.0,0.0,0.0,0.0,0.0,0.0
train,447,4,IL|HL|PEG|CH,0.35|0.16|0.025|0.465,liver,liver:1,0.0,1.0,0.0,0.0,0.0,0.0,0.0,0.0,0.0
train,829,4,IL|HL|PEG|CH,0.238095|0.238095|0.047619|0.47619,liver,liver:1,0.0,1.0,0.0,0.0,0.0,0.0,0.0,0.0,0.0
train,3169,4,IL|HL|PEG|CH,0.5|0.1|0.015|0.385,bone_marrow,bone_marrow:1,0.0,0.0,0.0,0.0,1.0,0.0,0.0,0.0,0.0
train,1054,4,IL|HL|PEG|CH,0.35|0.16|0.025|0.465,muscle,muscle:1,0.0,0.0,1.0,0.0,0.0,0.0,0.0,0.0,0.0
train,2415,4,IL|HL|PEG|CH,0.682624|0.110895|0.0079895|0.198492,lung_epithelium,lung_epithelium:1,1.0,0.0,0.0,0.0,0.0,0.0,0.0,0.0,0.0
train,3260,4,IL|HL|PEG|CH,0.5|0.1|0.015|0.385,bone_marrow,bone_marrow:1,0.0,0.0,0.0,0.0,1.0,0.0,0.0,0.0,0.0
train,247,4,IL|HL|PEG|CH,0.35|0.16|0.025|0.465,liver,liver:1,0.0,1.0,0.0,0.0,0.0,0.0,0.0,0.0,0.0
train,2609,4,IL|HL|PEG|CH,0.668852|0.0829087|0.0414928|0.206746,lung_epithelium,lung_epithelium:1,1.0,0.0,0.0,0.0,0.0,0.0,0.0,0.0,0.0
train,2564,4,IL|HL|PEG|CH,0.269788|0.244548|0.0291294|0.456535,lung_epithelium,lung_epithelium:1,1.0,0.0,0.0,0.0,0.0,0.0,0.0,0.0,0.0
train,151,4,IL|HL|PEG|CH,0.4|0.14|0.022|0.438,liver,liver:1,0.0,1.0,0.0,0.0,0.0,0.0,0.0,0.0,0.0
train,3184,4,IL|HL|PEG|CH,0.5|0.1|0.015|0.385,bone_marrow,bone_marrow:1,0.0,0.0,0.0,0.0,1.0,0.0,0.0,0.0,0.0
train,2443,4,IL|HL|PEG|CH,0.429117|0.140799|0.0219415|0.408143,lung_epithelium,lung_epithelium:1,1.0,0.0,0.0,0.0,0.0,0.0,0.0,0.0,0.0
train,218,4,IL|HL|PEG|CH,0.35|0.16|0.025|0.465,liver,liver:1,0.0,1.0,0.0,0.0,0.0,0.0,0.0,0.0,0.0
train,2655,4,IL|HL|PEG|CH,0.463461|0.259797|0.0460066|0.230735,lung_epithelium,lung_epithelium:1,1.0,0.0,0.0,0.0,0.0,0.0,0.0,0.0,0.0
train,2645,4,IL|HL|PEG|CH,0.439258|0.114179|0.0340014|0.412561,lung_epithelium,lung_epithelium:1,1.0,0.0,0.0,0.0,0.0,0.0,0.0,0.0,0.0
train,572,3,IL|HL|CH,0.406091|0.304569|0.28934,muscle,muscle:1,0.0,0.0,1.0,0.0,0.0,0.0,0.0,0.0,0.0
train,2845,4,IL|HL|PEG|CH,0.382245|0.265882|0.0238278|0.328045,lung_epithelium,lung_epithelium:1,1.0,0.0,0.0,0.0,0.0,0.0,0.0,0.0,0.0
train,1225,4,IL|HL|PEG|CH,0.573994|0.106558|0.01064|0.308808,lung_epithelium,lung_epithelium:1,1.0,0.0,0.0,0.0,0.0,0.0,0.0,0.0,0.0
train,2307,4,IL|HL|PEG|CH,0.513947|0.260199|0.00860384|0.21725,lung_epithelium,lung_epithelium:1,1.0,0.0,0.0,0.0,0.0,0.0,0.0,0.0,0.0
train,714,3,IL|HL|CH,0.406091|0.304569|0.28934,muscle,muscle:1,0.0,0.0,1.0,0.0,0.0,0.0,0.0,0.0,0.0
train,1392,4,IL|HL|PEG|CH,0.26904|0.406836|0.0104966|0.313627,lung_epithelium,lung_epithelium:1,1.0,0.0,0.0,0.0,0.0,0.0,0.0,0.0,0.0
train,628,3,IL|HL|CH,0.406091|0.304569|0.28934,muscle,muscle:1,0.0,0.0,1.0,0.0,0.0,0.0,0.0,0.0,0.0
train,688,3,IL|HL|CH,0.406091|0.304569|0.28934,muscle,muscle:1,0.0,0.0,1.0,0.0,0.0,0.0,0.0,0.0,0.0
train,2461,4,IL|HL|PEG|CH,0.420744|0.0890296|0.0444294|0.445797,lung_epithelium,lung_epithelium:1,1.0,0.0,0.0,0.0,0.0,0.0,0.0,0.0,0.0
train,1575,4,IL|HL|PEG|CH,0.400112|0.321139|0.0106189|0.268131,lung_epithelium,lung_epithelium:1,1.0,0.0,0.0,0.0,0.0,0.0,0.0,0.0,0.0
train,2772,4,IL|HL|PEG|CH,0.446436|0.0908944|0.00895011|0.453719,lung_epithelium,lung_epithelium:1,1.0,0.0,0.0,0.0,0.0,0.0,0.0,0.0,0.0
train,725,3,IL|HL|CH,0.406091|0.304569|0.28934,muscle,muscle:1,0.0,0.0,1.0,0.0,0.0,0.0,0.0,0.0,0.0
train,2534,4,IL|HL|PEG|CH,0.243857|0.283803|0.00936144|0.462978,lung_epithelium,lung_epithelium:1,1.0,0.0,0.0,0.0,0.0,0.0,0.0,0.0,0.0
train,372,4,IL|HL|PEG|CH,0.35|0.16|0.025|0.465,liver,liver:1,0.0,1.0,0.0,0.0,0.0,0.0,0.0,0.0,0.0
train,939,4,IL|HL|PEG|CH,0.5|0.1|0.015|0.385,liver,liver:0.5 + spleen:0.5,0.0,0.5,0.0,0.5,0.0,0.0,0.0,0.0,0.0
train,3037,4,IL|HL|PEG|CH,0.336301|0.220706|0.0182913|0.424702,liver,liver:1,0.0,1.0,0.0,0.0,0.0,0.0,0.0,0.0,0.0
train,1766,4,IL|HL|PEG|CH,0.314902|0.294867|0.0264253|0.363806,lung_epithelium,lung_epithelium:1,1.0,0.0,0.0,0.0,0.0,0.0,0.0,0.0,0.0
train,297,4,IL|HL|PEG|CH,0.35|0.16|0.025|0.465,liver,liver:1,0.0,1.0,0.0,0.0,0.0,0.0,0.0,0.0,0.0
train,2035,4,IL|HL|PEG|CH,0.50546|0.100699|0.0299871|0.363853,lung_epithelium,lung_epithelium:1,1.0,0.0,0.0,0.0,0.0,0.0,0.0,0.0,0.0
train,905,4,IL|HL|PEG|CH,0.5|0.1|0.015|0.385,liver,liver:0.5 + spleen:0.5,0.0,0.5,0.0,0.5,0.0,0.0,0.0,0.0,0.0
train,1230,4,IL|HL|PEG|CH,0.573664|0.148967|0.0107324|0.266637,lung_epithelium,lung_epithelium:1,1.0,0.0,0.0,0.0,0.0,0.0,0.0,0.0,0.0
train,523,4,IL|HL|PEG|CH,0.35|0.16|0.025|0.465,liver,liver:1,0.0,1.0,0.0,0.0,0.0,0.0,0.0,0.0,0.0
train,2202,4,IL|HL|PEG|CH,0.175538|0.309356|0.0516822|0.463424,lung_epithelium,lung_epithelium:1,1.0,0.0,0.0,0.0,0.0,0.0,0.0,0.0,0.0
train,2588,4,IL|HL|PEG|CH,0.419288|0.0895211|0.0445902|0.4466,lung_epithelium,lung_epithelium:1,1.0,0.0,0.0,0.0,0.0,0.0,0.0,0.0,0.0
train,1001,4,IL|HL|PEG|CH,0.35|0.16|0.025|0.465,muscle,muscle:1,0.0,0.0,1.0,0.0,0.0,0.0,0.0,0.0,0.0
train,149,4,IL|HL|PEG|CH,0.5|0.1|0.015|0.385,liver,liver:1,0.0,1.0,0.0,0.0,0.0,0.0,0.0,0.0,0.0
train,2672,4,IL|HL|PEG|CH,0.509835|0.2624|0.00867663|0.219088,lung_epithelium,lung_epithelium:1,1.0,0.0,0.0,0.0,0.0,0.0,0.0,0.0,0.0
train,2405,4,IL|HL|PEG|CH,0.435832|0.139143|0.0216834|0.403342,lung_epithelium,lung_epithelium:1,1.0,0.0,0.0,0.0,0.0,0.0,0.0,0.0,0.0
train,476,4,IL|HL|PEG|CH,0.35|0.16|0.025|0.465,liver,liver:1,0.0,1.0,0.0,0.0,0.0,0.0,0.0,0.0,0.0
train,324,4,IL|HL|PEG|CH,0.35|0.16|0.025|0.465,liver,liver:1,0.0,1.0,0.0,0.0,0.0,0.0,0.0,0.0,0.0
train,2227,4,IL|HL|PEG|CH,0.31757|0.160801|0.0266118|0.495017,lung_epithelium,lung_epithelium:1,1.0,0.0,0.0,0.0,0.0,0.0,0.0,0.0,0.0
train,2966,4,IL|HL|PEG|CH,0.416369|0.19408|0.0160847|0.373466,liver,liver:1,0.0,1.0,0.0,0.0,0.0,0.0,0.0,0.0,0.0
train,54,4,IL|HL|PEG|CH,0.5|0.1|0.015|0.385,liver,liver:1,0.0,1.0,0.0,0.0,0.0,0.0,0.0,0.0,0.0
train,2458,4,IL|HL|PEG|CH,0.421215|0.24911|0.0223246|0.307351,lung_epithelium,lung_epithelium:1,1.0,0.0,0.0,0.0,0.0,0.0,0.0,0.0,0.0
train,2465,4,IL|HL|PEG|CH,0.580864|0.0853455|0.0254149|0.308376,lung_epithelium,lung_epithelium:1,1.0,0.0,0.0,0.0,0.0,0.0,0.0,0.0,0.0
train,3252,4,IL|HL|PEG|CH,0.5|0.1|0.015|0.385,bone_marrow,bone_marrow:1,0.0,0.0,0.0,0.0,1.0,0.0,0.0,0.0,0.0
train,1544,4,IL|HL|PEG|CH,0.592832|0.142269|0.0102499|0.254649,lung_epithelium,lung_epithelium:1,1.0,0.0,0.0,0.0,0.0,0.0,0.0,0.0,0.0
train,2351,4,IL|HL|PEG|CH,0.42406|0.142046|0.0221359|0.411758,lung_epithelium,lung_epithelium:1,1.0,0.0,0.0,0.0,0.0,0.0,0.0,0.0,0.0
train,61,4,IL|HL|PEG|CH,0.5|0.1|0.015|0.385,liver,liver:1,0.0,1.0,0.0,0.0,0.0,0.0,0.0,0.0,0.0
train,931,4,IL|HL|PEG|CH,0.5|0.1|0.015|0.385,liver,liver:0.5 + spleen:0.5,0.0,0.5,0.0,0.5,0.0,0.0,0.0,0.0,0.0
train,806,4,IL|HL|PEG|CH,0.238095|0.238095|0.047619|0.47619,liver,liver:1,0.0,1.0,0.0,0.0,0.0,0.0,0.0,0.0,0.0
train,1356,4,IL|HL|PEG|CH,0.313186|0.105561|0.0526793|0.528574,lung_epithelium,lung_epithelium:1,1.0,0.0,0.0,0.0,0.0,0.0,0.0,0.0,0.0
train,321,4,IL|HL|PEG|CH,0.35|0.16|0.025|0.465,liver,liver:1,0.0,1.0,0.0,0.0,0.0,0.0,0.0,0.0,0.0
train,494,4,IL|HL|PEG|CH,0.35|0.16|0.025|0.465,liver,liver:1,0.0,1.0,0.0,0.0,0.0,0.0,0.0,0.0,0.0
train,57,4,IL|HL|PEG|CH,0.5|0.1|0.015|0.385,liver,liver:1,0.0,1.0,0.0,0.0,0.0,0.0,0.0,0.0,0.0
train,309,4,IL|HL|PEG|CH,0.35|0.16|0.025|0.465,liver,liver:1,0.0,1.0,0.0,0.0,0.0,0.0,0.0,0.0,0.0
train,1182,4,IL|HL|PEG|CH,0.323828|0.103925|0.051863|0.520384,lung_epithelium,lung_epithelium:1,1.0,0.0,0.0,0.0,0.0,0.0,0.0,0.0,0.0
train,1044,4,IL|HL|PEG|CH,0.35|0.16|0.025|0.465,muscle,muscle:1,0.0,0.0,1.0,0.0,0.0,0.0,0.0,0.0,0.0
train,1876,4,IL|HL|PEG|CH,0.392941|0.325601|0.0109029|0.270555,lung_epithelium,lung_epithelium:1,1.0,0.0,0.0,0.0,0.0,0.0,0.0,0.0,0.0
train,2543,4,IL|HL|PEG|CH,0.244009|0.283664|0.04739|0.424936,lung_epithelium,lung_epithelium:1,1.0,0.0,0.0,0.0,0.0,0.0,0.0,0.0,0.0
train,2481,4,IL|HL|PEG|CH,0.331901|0.371849|0.00959395|0.286656,lung_epithelium,lung_epithelium:1,1.0,0.0,0.0,0.0,0.0,0.0,0.0,0.0,0.0
train,2094,4,IL|HL|PEG|CH,0.201558|0.267398|0.0318512|0.499193,lung_epithelium,lung_epithelium:1,1.0,0.0,0.0,0.0,0.0,0.0,0.0,0.0,0.0
train,3304,4,IL|HL|PEG|CH,0.333333|0.133333|0.02|0.513333,ear,ear:1,0.0,0.0,0.0,0.0,0.0,0.0,0.0,0.0,1.0
train,2551,4,IL|HL|PEG|CH,0.454371|0.0851789|0.00890718|0.451543,lung_epithelium,lung_epithelium:1,1.0,0.0,0.0,0.0,0.0,0.0,0.0,0.0,0.0
train,1223,4,IL|HL|PEG|CH,0.296526|0.173303|0.0269481|0.503223,lung_epithelium,lung_epithelium:1,1.0,0.0,0.0,0.0,0.0,0.0,0.0,0.0,0.0
train,3007,4,IL|HL|PEG|CH,0.321269|0.225705|0.0187056|0.434321,liver,liver:1,0.0,1.0,0.0,0.0,0.0,0.0,0.0,0.0,0.0
train,2426,4,IL|HL|PEG|CH,0.439401|0.132094|0.021861|0.406644,lung_epithelium,lung_epithelium:1,1.0,0.0,0.0,0.0,0.0,0.0,0.0,0.0,0.0
train,718,3,IL|HL|CH,0.406091|0.304569|0.28934,muscle,muscle:1,0.0,0.0,1.0,0.0,0.0,0.0,0.0,0.0,0.0
train,1547,4,IL|HL|PEG|CH,0.432565|0.304348|0.0101912|0.252896,lung_epithelium,lung_epithelium:1,1.0,0.0,0.0,0.0,0.0,0.0,0.0,0.0,0.0
train,2636,4,IL|HL|PEG|CH,0.415587|0.0900916|0.0448744|0.449447,lung_epithelium,lung_epithelium:1,1.0,0.0,0.0,0.0,0.0,0.0,0.0,0.0,0.0
train,1029,4,IL|HL|PEG|CH,0.35|0.16|0.025|0.465,muscle,muscle:1,0.0,0.0,1.0,0.0,0.0,0.0,0.0,0.0,0.0
train,461,4,IL|HL|PEG|CH,0.35|0.16|0.025|0.465,liver,liver:1,0.0,1.0,0.0,0.0,0.0,0.0,0.0,0.0,0.0
train,2333,4,IL|HL|PEG|CH,0.450645|0.0897411|0.00906525|0.450549,lung_epithelium,lung_epithelium:1,1.0,0.0,0.0,0.0,0.0,0.0,0.0,0.0,0.0
train,622,3,IL|HL|CH,0.406091|0.304569|0.28934,muscle,muscle:1,0.0,0.0,1.0,0.0,0.0,0.0,0.0,0.0,0.0
train,2812,4,IL|HL|PEG|CH,0.401335|0.141064|0.0233454|0.434256,lung_epithelium,lung_epithelium:1,1.0,0.0,0.0,0.0,0.0,0.0,0.0,0.0,0.0
train,780,3,IL|HL|CH,0.406091|0.304569|0.28934,muscle,muscle:1,0.0,0.0,1.0,0.0,0.0,0.0,0.0,0.0,0.0
train,33,4,IL|HL|PEG|CH,0.5|0.1|0.015|0.385,liver,liver:1,0.0,1.0,0.0,0.0,0.0,0.0,0.0,0.0,0.0
train,687,3,IL|HL|CH,0.406091|0.304569|0.28934,muscle,muscle:1,0.0,0.0,1.0,0.0,0.0,0.0,0.0,0.0,0.0
train,1779,4,IL|HL|PEG|CH,0.315088|0.168922|0.0263242|0.489666,lung_epithelium,lung_epithelium:1,1.0,0.0,0.0,0.0,0.0,0.0,0.0,0.0,0.0
train,2483,4,IL|HL|PEG|CH,0.41644|0.0896912|0.0447596|0.44911,lung_epithelium,lung_epithelium:1,1.0,0.0,0.0,0.0,0.0,0.0,0.0,0.0,0.0
train,1107,4,IL|HL|PEG|CH,0.35|0.16|0.025|0.465,lung_epithelium,lung_epithelium:1,1.0,0.0,0.0,0.0,0.0,0.0,0.0,0.0,0.0
train,53,4,IL|HL|PEG|CH,0.5|0.1|0.015|0.385,liver,liver:1,0.0,1.0,0.0,0.0,0.0,0.0,0.0,0.0,0.0
train,310,4,IL|HL|PEG|CH,0.35|0.16|0.025|0.465,liver,liver:1,0.0,1.0,0.0,0.0,0.0,0.0,0.0,0.0,0.0
train,3297,4,IL|HL|PEG|CH,0.333333|0.133333|0.02|0.513333,ear,ear:1,0.0,0.0,0.0,0.0,0.0,0.0,0.0,0.0,1.0
train,304,4,IL|HL|PEG|CH,0.35|0.16|0.025|0.465,liver,liver:1,0.0,1.0,0.0,0.0,0.0,0.0,0.0,0.0,0.0
train,2748,4,IL|HL|PEG|CH,0.419791|0.136715|0.0226256|0.420868,lung_epithelium,lung_epithelium:1,1.0,0.0,0.0,0.0,0.0,0.0,0.0,0.0,0.0
train,1503,4,IL|HL|PEG|CH,0.354979|0.0994349|0.0495283|0.496058,lung_epithelium,lung_epithelium:1,1.0,0.0,0.0,0.0,0.0,0.0,0.0,0.0,0.0
train,140,4,IL|HL|PEG|CH,0.3|0.39|0.01|0.3,lung_epithelium,lung_epithelium:1,1.0,0.0,0.0,0.0,0.0,0.0,0.0,0.0,0.0
train,467,4,IL|HL|PEG|CH,0.35|0.16|0.025|0.465,liver,liver:1,0.0,1.0,0.0,0.0,0.0,0.0,0.0,0.0,0.0
train,535,4,IL|HL|PEG|CH,0.35|0.16|0.025|0.465,liver,liver:1,0.0,1.0,0.0,0.0,0.0,0.0,0.0,0.0,0.0
train,610,3,IL|HL|CH,0.406091|0.304569|0.28934,muscle,muscle:1,0.0,0.0,1.0,0.0,0.0,0.0,0.0,0.0,0.0
train,2163,4,IL|HL|PEG|CH,0.39792|0.098354|0.00993529|0.49379,lung_epithelium,lung_epithelium:1,1.0,0.0,0.0,0.0,0.0,0.0,0.0,0.0,0.0
train,1999,4,IL|HL|PEG|CH,0.470703|0.107777|0.0320947|0.389426,lung_epithelium,lung_epithelium:1,1.0,0.0,0.0,0.0,0.0,0.0,0.0,0.0,0.0
train,1181,4,IL|HL|PEG|CH,0.295219|0.173625|0.0269981|0.504158,lung_epithelium,lung_epithelium:1,1.0,0.0,0.0,0.0,0.0,0.0,0.0,0.0,0.0
train,719,3,IL|HL|CH,0.406091|0.304569|0.28934,muscle,muscle:1,0.0,0.0,1.0,0.0,0.0,0.0,0.0,0.0,0.0
train,3170,4,IL|HL|PEG|CH,0.5|0.1|0.015|0.385,bone_marrow,bone_marrow:1,0.0,0.0,0.0,0.0,1.0,0.0,0.0,0.0,0.0
train,1058,4,IL|HL|PEG|CH,0.35|0.16|0.025|0.465,muscle,muscle:1,0.0,0.0,1.0,0.0,0.0,0.0,0.0,0.0,0.0
train,629,3,IL|HL|CH,0.406091|0.304569|0.28934,muscle,muscle:1,0.0,0.0,1.0,0.0,0.0,0.0,0.0,0.0,0.0
train,398,4,IL|HL|PEG|CH,0.35|0.16|0.025|0.465,liver,liver:1,0.0,1.0,0.0,0.0,0.0,0.0,0.0,0.0,0.0
train,1927,4,IL|HL|PEG|CH,0.4031|0.332221|0.00857153|0.256107,lung_epithelium,lung_epithelium:1,1.0,0.0,0.0,0.0,0.0,0.0,0.0,0.0,0.0
train,2418,4,IL|HL|PEG|CH,0.529659|0.252271|0.0084474|0.209622,lung_epithelium,lung_epithelium:1,1.0,0.0,0.0,0.0,0.0,0.0,0.0,0.0,0.0
train,167,4,IL|HL|PEG|CH,0.35|0.16|0.025|0.465,liver,liver:1,0.0,1.0,0.0,0.0,0.0,0.0,0.0,0.0,0.0
train,1628,4,IL|HL|PEG|CH,0.562087|0.109537|0.0109374|0.31744,lung_epithelium,lung_epithelium:1,1.0,0.0,0.0,0.0,0.0,0.0,0.0,0.0,0.0
train,1174,4,IL|HL|PEG|CH,0.422017|0.0944178|0.00953766|0.474028,lung_epithelium,lung_epithelium:1,1.0,0.0,0.0,0.0,0.0,0.0,0.0,0.0,0.0
train,120,4,IL|HL|PEG|CH,0.3|0.39|0.01|0.3,lung_epithelium,lung_epithelium:1,1.0,0.0,0.0,0.0,0.0,0.0,0.0,0.0,0.0
train,2782,4,IL|HL|PEG|CH,0.447581|0.0902416|0.00911581|0.453061,lung_epithelium,lung_epithelium:1,1.0,0.0,0.0,0.0,0.0,0.0,0.0,0.0,0.0
train,145,4,IL|HL|PEG|CH,0.3|0.39|0.01|0.3,lung_epithelium,lung_epithelium:1,1.0,0.0,0.0,0.0,0.0,0.0,0.0,0.0,0.0
train,1730,4,IL|HL|PEG|CH,0.287588|0.175505|0.0272905|0.509617,lung_epithelium,lung_epithelium:1,1.0,0.0,0.0,0.0,0.0,0.0,0.0,0.0,0.0
train,2960,4,IL|HL|PEG|CH,0.442481|0.185397|0.0153651|0.356757,liver,liver:1,0.0,1.0,0.0,0.0,0.0,0.0,0.0,0.0,0.0
train,27,4,IL|HL|PEG|CH,0.5|0.1|0.015|0.385,liver,liver:1,0.0,1.0,0.0,0.0,0.0,0.0,0.0,0.0,0.0
train,1094,4,IL|HL|PEG|CH,0.35|0.16|0.025|0.465,muscle,muscle:1,0.0,0.0,1.0,0.0,0.0,0.0,0.0,0.0,0.0
train,2687,4,IL|HL|PEG|CH,0.246338|0.28279|0.0472441|0.423628,lung_epithelium,lung_epithelium:1,1.0,0.0,0.0,0.0,0.0,0.0,0.0,0.0,0.0
train,350,4,IL|HL|PEG|CH,0.35|0.16|0.025|0.465,liver,liver:1,0.0,1.0,0.0,0.0,0.0,0.0,0.0,0.0,0.0
train,2271,4,IL|HL|PEG|CH,0.305905|0.107|0.0532964|0.533799,lung_epithelium,lung_epithelium:1,1.0,0.0,0.0,0.0,0.0,0.0,0.0,0.0,0.0
train,1481,4,IL|HL|PEG|CH,0.38284|0.101337|0.00997835|0.505845,lung_epithelium,lung_epithelium:1,1.0,0.0,0.0,0.0,0.0,0.0,0.0,0.0,0.0
train,421,4,IL|HL|PEG|CH,0.35|0.16|0.025|0.465,liver,liver:1,0.0,1.0,0.0,0.0,0.0,0.0,0.0,0.0,0.0
train,1776,4,IL|HL|PEG|CH,0.344105|0.211432|0.053166|0.391297,lung_epithelium,lung_epithelium:1,1.0,0.0,0.0,0.0,0.0,0.0,0.0,0.0,0.0
train,74,4,IL|HL|PEG|CH,0.5|0.1|0.015|0.385,liver,liver:1,0.0,1.0,0.0,0.0,0.0,0.0,0.0,0.0,0.0
train,2366,4,IL|HL|PEG|CH,0.25473|0.279642|0.046718|0.418911,lung_epithelium,lung_epithelium:1,1.0,0.0,0.0,0.0,0.0,0.0,0.0,0.0,0.0
train,1918,4,IL|HL|PEG|CH,0.349499|0.10028|0.049949|0.500272,lung_epithelium,lung_epithelium:1,1.0,0.0,0.0,0.0,0.0,0.0,0.0,0.0,0.0
train,796,3,IL|HL|CH,0.406091|0.304569|0.28934,muscle,muscle:1,0.0,0.0,1.0,0.0,0.0,0.0,0.0,0.0,0.0
train,2913,4,IL|HL|PEG|CH,0.35|0.16|0.025|0.465,liver,liver:0.2 + spleen:0.2 + heart:0.2 + lung:0.2 + kidney:0.2,0.0,0.20000000298023224,0.0,0.20000000298023224,0.0,0.20000000298023224,0.20000000298023224,0.20000000298023224,0.0
train,2312,4,IL|HL|PEG|CH,0.464736|0.0835607|0.00873797|0.442965,lung_epithelium,lung_epithelium:1,1.0,0.0,0.0,0.0,0.0,0.0,0.0,0.0,0.0
train,1412,4,IL|HL|PEG|CH,0.349786|0.15321|0.0253556|0.471649,lung_epithelium,lung_epithelium:1,1.0,0.0,0.0,0.0,0.0,0.0,0.0,0.0,0.0
train,536,4,IL|HL|PEG|CH,0.35|0.16|0.025|0.465,liver,liver:1,0.0,1.0,0.0,0.0,0.0,0.0,0.0,0.0,0.0
train,2043,4,IL|HL|PEG|CH,0.599436|0.0997582|0.0499731|0.250832,lung_epithelium,lung_epithelium:1,1.0,0.0,0.0,0.0,0.0,0.0,0.0,0.0,0.0
train,1737,4,IL|HL|PEG|CH,0.563058|0.152673|0.0109994|0.27327,lung_epithelium,lung_epithelium:1,1.0,0.0,0.0,0.0,0.0,0.0,0.0,0.0,0.0
train,1086,4,IL|HL|PEG|CH,0.35|0.16|0.025|0.465,muscle,muscle:1,0.0,0.0,1.0,0.0,0.0,0.0,0.0,0.0,0.0
train,2236,4,IL|HL|PEG|CH,0.406541|0.318306|0.0106586|0.264494,lung_epithelium,lung_epithelium:1,1.0,0.0,0.0,0.0,0.0,0.0,0.0,0.0,0.0
train,998,4,IL|HL|PEG|CH,0.35|0.16|0.025|0.465,muscle,muscle:1,0.0,0.0,1.0,0.0,0.0,0.0,0.0,0.0,0.0
train,381,4,IL|HL|PEG|CH,0.35|0.16|0.025|0.465,liver,liver:1,0.0,1.0,0.0,0.0,0.0,0.0,0.0,0.0,0.0
train,518,4,IL|HL|PEG|CH,0.35|0.16|0.025|0.465,liver,liver:1,0.0,1.0,0.0,0.0,0.0,0.0,0.0,0.0,0.0
train,1255,4,IL|HL|PEG|CH,0.197349|0.268807|0.0320191|0.501824,lung_epithelium,lung_epithelium:1,1.0,0.0,0.0,0.0,0.0,0.0,0.0,0.0,0.0
train,1831,4,IL|HL|PEG|CH,0.554403|0.110973|0.0555913|0.279032,lung_epithelium,lung_epithelium:1,1.0,0.0,0.0,0.0,0.0,0.0,0.0,0.0,0.0
train,2404,4,IL|HL|PEG|CH,0.495815|0.270424|0.00905526|0.224707,lung_epithelium,lung_epithelium:1,1.0,0.0,0.0,0.0,0.0,0.0,0.0,0.0,0.0
train,40,4,IL|HL|PEG|CH,0.5|0.1|0.015|0.385,liver,liver:1,0.0,1.0,0.0,0.0,0.0,0.0,0.0,0.0,0.0
train,869,4,IL|HL|PEG|CH,0.5|0.1|0.015|0.385,liver,liver:0.5 + spleen:0.5,0.0,0.5,0.0,0.5,0.0,0.0,0.0,0.0,0.0
train,3239,4,IL|HL|PEG|CH,0.5|0.1|0.015|0.385,bone_marrow,bone_marrow:1,0.0,0.0,0.0,0.0,1.0,0.0,0.0,0.0,0.0
train,1446,4,IL|HL|PEG|CH,0.475895|0.10672|0.0317799|0.385606,lung_epithelium,lung_epithelium:1,1.0,0.0,0.0,0.0,0.0,0.0,0.0,0.0,0.0
train,1584,4,IL|HL|PEG|CH,0.320208|0.167469|0.0260409|0.486282,lung_epithelium,lung_epithelium:1,1.0,0.0,0.0,0.0,0.0,0.0,0.0,0.0,0.0
train,1142,4,IL|HL|PEG|CH,0.600572|0.100004|0.0500483|0.249376,lung_epithelium,lung_epithelium:1,1.0,0.0,0.0,0.0,0.0,0.0,0.0,0.0,0.0
train,3006,4,IL|HL|PEG|CH,0.34939|0.216353|0.0179306|0.416326,liver,liver:1,0.0,1.0,0.0,0.0,0.0,0.0,0.0,0.0,0.0
train,661,3,IL|HL|CH,0.406091|0.304569|0.28934,muscle,muscle:1,0.0,0.0,1.0,0.0,0.0,0.0,0.0,0.0,0.0
train,51,4,IL|HL|PEG|CH,0.5|0.1|0.015|0.385,liver,liver:1,0.0,1.0,0.0,0.0,0.0,0.0,0.0,0.0,0.0
train,3228,4,IL|HL|PEG|CH,0.5|0.1|0.015|0.385,bone_marrow,bone_marrow:1,0.0,0.0,0.0,0.0,1.0,0.0,0.0,0.0,0.0
train,680,3,IL|HL|CH,0.406091|0.304569|0.28934,muscle,muscle:1,0.0,0.0,1.0,0.0,0.0,0.0,0.0,0.0,0.0
train,166,4,IL|HL|PEG|CH,0.35|0.16|0.025|0.465,liver,liver:1,0.0,1.0,0.0,0.0,0.0,0.0,0.0,0.0,0.0
train,1842,4,IL|HL|PEG|CH,0.28152|0.177|0.0275229|0.513958,lung_epithelium,lung_epithelium:1,1.0,0.0,0.0,0.0,0.0,0.0,0.0,0.0,0.0
train,1314,4,IL|HL|PEG|CH,0.354717|0.0991778|0.0494938|0.496612,lung_epithelium,lung_epithelium:1,1.0,0.0,0.0,0.0,0.0,0.0,0.0,0.0,0.0
train,1328,4,IL|HL|PEG|CH,0.349033|0.100051|0.0499298|0.500986,lung_epithelium,lung_epithelium:1,1.0,0.0,0.0,0.0,0.0,0.0,0.0,0.0,0.0
train,533,4,IL|HL|PEG|CH,0.35|0.16|0.025|0.465,liver,liver:1,0.0,1.0,0.0,0.0,0.0,0.0,0.0,0.0,0.0
train,1811,4,IL|HL|PEG|CH,0.458847|0.110191|0.0328135|0.398148,lung_epithelium,lung_epithelium:1,1.0,0.0,0.0,0.0,0.0,0.0,0.0,0.0,0.0
train,2541,4,IL|HL|PEG|CH,0.503366|0.266374|0.00891965|0.221341,lung_epithelium,lung_epithelium:1,1.0,0.0,0.0,0.0,0.0,0.0,0.0,0.0,0.0
train,1559,4,IL|HL|PEG|CH,0.240947|0.422472|0.0109|0.325681,lung_epithelium,lung_epithelium:1,1.0,0.0,0.0,0.0,0.0,0.0,0.0,0.0,0.0
train,2743,4,IL|HL|PEG|CH,0.415865|0.0900488|0.0448531|0.449233,lung_epithelium,lung_epithelium:1,1.0,0.0,0.0,0.0,0.0,0.0,0.0,0.0,0.0
train,242,4,IL|HL|PEG|CH,0.35|0.16|0.025|0.465,liver,liver:1,0.0,1.0,0.0,0.0,0.0,0.0,0.0,0.0,0.0
train,2903,4,IL|HL|PEG|CH,0.35|0.16|0.025|0.465,liver,liver:0.2 + spleen:0.2 + heart:0.2 + lung:0.2 + kidney:0.2,0.0,0.20000000298023224,0.0,0.20000000298023224,0.0,0.20000000298023224,0.20000000298023224,0.20000000298023224,0.0
train,817,4,IL|HL|PEG|CH,0.238095|0.238095|0.047619|0.47619,liver,liver:1,0.0,1.0,0.0,0.0,0.0,0.0,0.0,0.0,0.0
train,451,4,IL|HL|PEG|CH,0.35|0.16|0.025|0.465,liver,liver:1,0.0,1.0,0.0,0.0,0.0,0.0,0.0,0.0,0.0
train,873,4,IL|HL|PEG|CH,0.5|0.1|0.015|0.385,liver,liver:0.5 + spleen:0.5,0.0,0.5,0.0,0.5,0.0,0.0,0.0,0.0,0.0
train,655,3,IL|HL|CH,0.406091|0.304569|0.28934,muscle,muscle:1,0.0,0.0,1.0,0.0,0.0,0.0,0.0,0.0,0.0
train,3083,4,IL|HL|PEG|CH,0.5|0.1|0.015|0.385,muscle,muscle:1,0.0,0.0,1.0,0.0,0.0,0.0,0.0,0.0,0.0
train,2263,4,IL|HL|PEG|CH,0.551848|0.112203|0.0561534|0.279796,lung_epithelium,lung_epithelium:1,1.0,0.0,0.0,0.0,0.0,0.0,0.0,0.0,0.0
train,3272,4,IL|HL|PEG|CH,0.5|0.1|0.015|0.385,bone_marrow,bone_marrow:1,0.0,0.0,0.0,0.0,1.0,0.0,0.0,0.0,0.0
train,2980,4,IL|HL|PEG|CH,0.336854|0.220522|0.0182761|0.424348,liver,liver:1,0.0,1.0,0.0,0.0,0.0,0.0,0.0,0.0,0.0
train,1901,4,IL|HL|PEG|CH,0.349872|0.160343|0.0249873|0.464798,lung_epithelium,lung_epithelium:1,1.0,0.0,0.0,0.0,0.0,0.0,0.0,0.0,0.0
train,282,4,IL|HL|PEG|CH,0.35|0.16|0.025|0.465,liver,liver:1,0.0,1.0,0.0,0.0,0.0,0.0,0.0,0.0,0.0
train,158,4,IL|HL|PEG|CH,0.35|0.16|0.025|0.465,liver,liver:1,0.0,1.0,0.0,0.0,0.0,0.0,0.0,0.0,0.0
train,1713,4,IL|HL|PEG|CH,0.31591|0.168719|0.0262926|0.489078,lung_epithelium,lung_epithelium:1,1.0,0.0,0.0,0.0,0.0,0.0,0.0,0.0,0.0
train,1865,4,IL|HL|PEG|CH,0.235618|0.425438|0.0109766|0.327967,lung_epithelium,lung_epithelium:1,1.0,0.0,0.0,0.0,0.0,0.0,0.0,0.0,0.0
train,8,4,IL|HL|PEG|CH,0.5|0.1|0.015|0.385,liver,liver:1,0.0,1.0,0.0,0.0,0.0,0.0,0.0,0.0,0.0
train,1176,4,IL|HL|PEG|CH,0.384912|0.144933|0.0239858|0.446169,lung_epithelium,lung_epithelium:1,1.0,0.0,0.0,0.0,0.0,0.0,0.0,0.0,0.0
train,1494,4,IL|HL|PEG|CH,0.511905|0.099387|0.0295963|0.359112,lung_epithelium,lung_epithelium:1,1.0,0.0,0.0,0.0,0.0,0.0,0.0,0.0,0.0
train,716,3,IL|HL|CH,0.406091|0.304569|0.28934,muscle,muscle:1,0.0,0.0,1.0,0.0,0.0,0.0,0.0,0.0,0.0
train,1489,4,IL|HL|PEG|CH,0.324681|0.166367|0.0258696|0.483083,lung_epithelium,lung_epithelium:1,1.0,0.0,0.0,0.0,0.0,0.0,0.0,0.0,0.0
train,3241,4,IL|HL|PEG|CH,0.5|0.1|0.015|0.385,bone_marrow,bone_marrow:1,0.0,0.0,0.0,0.0,1.0,0.0,0.0,0.0,0.0
train,2460,4,IL|HL|PEG|CH,0.388493|0.150647|0.0234251|0.437435,lung_epithelium,lung_epithelium:1,1.0,0.0,0.0,0.0,0.0,0.0,0.0,0.0,0.0
train,2934,4,IL|HL|PEG|CH,0.35|0.16|0.025|0.465,liver,liver:0.2 + spleen:0.2 + heart:0.2 + lung:0.2 + kidney:0.2,0.0,0.20000000298023224,0.0,0.20000000298023224,0.0,0.20000000298023224,0.20000000298023224,0.20000000298023224,0.0
train,3012,4,IL|HL|PEG|CH,0.33264|0.221923|0.0183922|0.427044,liver,liver:1,0.0,1.0,0.0,0.0,0.0,0.0,0.0,0.0,0.0
train,2805,4,IL|HL|PEG|CH,0.446067|0.0864752|0.00904274|0.458415,lung_epithelium,lung_epithelium:1,1.0,0.0,0.0,0.0,0.0,0.0,0.0,0.0,0.0
train,3048,4,IL|HL|PEG|CH,0.344512|0.217975|0.0180651|0.419448,liver,liver:1,0.0,1.0,0.0,0.0,0.0,0.0,0.0,0.0,0.0
train,1629,4,IL|HL|PEG|CH,0.175968|0.309284|0.0102019|0.504546,lung_epithelium,lung_epithelium:1,1.0,0.0,0.0,0.0,0.0,0.0,0.0,0.0,0.0
train,2886,4,IL|HL|PEG|CH,0.35|0.16|0.025|0.465,liver,liver:0.2 + spleen:0.2 + heart:0.2 + lung:0.2 + kidney:0.2,0.0,0.20000000298023224,0.0,0.20000000298023224,0.0,0.20000000298023224,0.20000000298023224,0.20000000298023224,0.0
train,2503,4,IL|HL|PEG|CH,0.46281|0.0828119|0.0412484|0.41313,lung_epithelium,lung_epithelium:1,1.0,0.0,0.0,0.0,0.0,0.0,0.0,0.0,0.0
train,581,3,IL|HL|CH,0.406091|0.304569|0.28934,muscle,muscle:1,0.0,0.0,1.0,0.0,0.0,0.0,0.0,0.0,0.0
train,1133,4,IL|HL|PEG|CH,0.35|0.16|0.025|0.465,muscle,muscle:1,0.0,0.0,1.0,0.0,0.0,0.0,0.0,0.0,0.0
train,374,4,IL|HL|PEG|CH,0.35|0.16|0.025|0.465,liver,liver:1,0.0,1.0,0.0,0.0,0.0,0.0,0.0,0.0,0.0
train,2257,4,IL|HL|PEG|CH,0.343026|0.107874|0.0106221|0.538478,lung_epithelium,lung_epithelium:1,1.0,0.0,0.0,0.0,0.0,0.0,0.0,0.0,0.0
train,3149,4,IL|HL|PEG|CH,0.5|0.1|0.015|0.385,bone_marrow,bone_marrow:1,0.0,0.0,0.0,0.0,1.0,0.0,0.0,0.0,0.0
train,106,3,IL|HL|CH,0.510204|0.387755|0.102041,liver,liver:1,0.0,1.0,0.0,0.0,0.0,0.0,0.0,0.0,0.0
train,331,4,IL|HL|PEG|CH,0.35|0.16|0.025|0.465,liver,liver:1,0.0,1.0,0.0,0.0,0.0,0.0,0.0,0.0,0.0
train,1361,4,IL|HL|PEG|CH,0.368523|0.305768|0.0541473|0.271562,lung_epithelium,lung_epithelium:1,1.0,0.0,0.0,0.0,0.0,0.0,0.0,0.0,0.0
train,1040,4,IL|HL|PEG|CH,0.35|0.16|0.025|0.465,muscle,muscle:1,0.0,0.0,1.0,0.0,0.0,0.0,0.0,0.0,0.0
train,204,4,IL|HL|PEG|CH,0.35|0.16|0.025|0.465,liver,liver:1,0.0,1.0,0.0,0.0,0.0,0.0,0.0,0.0,0.0
train,59,4,IL|HL|PEG|CH,0.5|0.1|0.015|0.385,liver,liver:1,0.0,1.0,0.0,0.0,0.0,0.0,0.0,0.0,0.0
train,2059,4,IL|HL|PEG|CH,0.505902|0.100609|0.0299603|0.363528,lung_epithelium,lung_epithelium:1,1.0,0.0,0.0,0.0,0.0,0.0,0.0,0.0,0.0
train,2248,4,IL|HL|PEG|CH,0.45577|0.110817|0.0330001|0.400412,lung_epithelium,lung_epithelium:1,1.0,0.0,0.0,0.0,0.0,0.0,0.0,0.0,0.0
train,489,4,IL|HL|PEG|CH,0.35|0.16|0.025|0.465,liver,liver:1,0.0,1.0,0.0,0.0,0.0,0.0,0.0,0.0,0.0
train,2846,4,IL|HL|PEG|CH,0.37246|0.270094|0.0242052|0.333241,lung_epithelium,lung_epithelium:1,1.0,0.0,0.0,0.0,0.0,0.0,0.0,0.0,0.0
train,2831,4,IL|HL|PEG|CH,0.305447|0.298936|0.02679|0.368827,lung_epithelium,lung_epithelium:1,1.0,0.0,0.0,0.0,0.0,0.0,0.0,0.0,0.0
train,1655,4,IL|HL|PEG|CH,0.316434|0.105062|0.0524301|0.526074,lung_epithelium,lung_epithelium:1,1.0,0.0,0.0,0.0,0.0,0.0,0.0,0.0,0.0
train,389,4,IL|HL|PEG|CH,0.35|0.16|0.025|0.465,liver,liver:1,0.0,1.0,0.0,0.0,0.0,0.0,0.0,0.0,0.0
train,1925,4,IL|HL|PEG|CH,0.493114|0.125015|0.0194819|0.362389,lung_epithelium,lung_epithelium:1,1.0,0.0,0.0,0.0,0.0,0.0,0.0,0.0,0.0
train,692,3,IL|HL|CH,0.406091|0.304569|0.28934,muscle,muscle:1,0.0,0.0,1.0,0.0,0.0,0.0,0.0,0.0,0.0
train,1910,4,IL|HL|PEG|CH,0.40716|0.287059|0.0508343|0.254947,lung_epithelium,lung_epithelium:1,1.0,0.0,0.0,0.0,0.0,0.0,0.0,0.0,0.0
train,1521,4,IL|HL|PEG|CH,0.380093|0.199831|0.0502489|0.369827,lung_epithelium,lung_epithelium:1,1.0,0.0,0.0,0.0,0.0,0.0,0.0,0.0,0.0
train,150,4,IL|HL|PEG|CH,0.45|0.12|0.018|0.412,liver,liver:1,0.0,1.0,0.0,0.0,0.0,0.0,0.0,0.0,0.0
train,786,3,IL|HL|CH,0.406091|0.304569|0.28934,muscle,muscle:1,0.0,0.0,1.0,0.0,0.0,0.0,0.0,0.0,0.0
train,305,4,IL|HL|PEG|CH,0.35|0.16|0.025|0.465,liver,liver:1,0.0,1.0,0.0,0.0,0.0,0.0,0.0,0.0,0.0
train,2459,4,IL|HL|PEG|CH,0.335835|0.36966|0.00953745|0.284968,lung_epithelium,lung_epithelium:1,1.0,0.0,0.0,0.0,0.0,0.0,0.0,0.0,0.0
train,1121,4,IL|HL|PEG|CH,0.35|0.16|0.025|0.465,lung_epithelium,lung_epithelium:1,1.0,0.0,0.0,0.0,0.0,0.0,0.0,0.0,0.0
train,1295,4,IL|HL|PEG|CH,0.410281|0.3163|0.0105915|0.262827,lung_epithelium,lung_epithelium:1,1.0,0.0,0.0,0.0,0.0,0.0,0.0,0.0,0.0
train,393,4,IL|HL|PEG|CH,0.35|0.16|0.025|0.465,liver,liver:1,0.0,1.0,0.0,0.0,0.0,0.0,0.0,0.0,0.0
train,1307,4,IL|HL|PEG|CH,0.373583|0.20193|0.0507766|0.373711,lung_epithelium,lung_epithelium:1,1.0,0.0,0.0,0.0,0.0,0.0,0.0,0.0,0.0
train,1665,4,IL|HL|PEG|CH,0.239855|0.209737|0.0312206|0.519187,lung_epithelium,lung_epithelium:1,1.0,0.0,0.0,0.0,0.0,0.0,0.0,0.0,0.0
train,2183,4,IL|HL|PEG|CH,0.27292|0.200614|0.0298626|0.496604,lung_epithelium,lung_epithelium:1,1.0,0.0,0.0,0.0,0.0,0.0,0.0,0.0,0.0
train,862,4,IL|HL|PEG|CH,0.5|0.1|0.015|0.385,liver,liver:0.5 + spleen:0.5,0.0,0.5,0.0,0.5,0.0,0.0,0.0,0.0,0.0
train,794,3,IL|HL|CH,0.406091|0.304569|0.28934,muscle,muscle:1,0.0,0.0,1.0,0.0,0.0,0.0,0.0,0.0,0.0
train,1333,4,IL|HL|PEG|CH,0.406951|0.28716|0.0508522|0.255036,lung_epithelium,lung_epithelium:1,1.0,0.0,0.0,0.0,0.0,0.0,0.0,0.0,0.0
train,1581,4,IL|HL|PEG|CH,0.350679|0.160144|0.0249562|0.46422,lung_epithelium,lung_epithelium:1,1.0,0.0,0.0,0.0,0.0,0.0,0.0,0.0,0.0
train,2283,4,IL|HL|PEG|CH,0.361911|0.0996129|0.0104166|0.528059,lung_epithelium,lung_epithelium:1,1.0,0.0,0.0,0.0,0.0,0.0,0.0,0.0,0.0
train,2802,4,IL|HL|PEG|CH,0.420937|0.136445|0.022581|0.420037,lung_epithelium,lung_epithelium:1,1.0,0.0,0.0,0.0,0.0,0.0,0.0,0.0,0.0
train,2586,4,IL|HL|PEG|CH,0.513201|0.261098|0.008743|0.216958,lung_epithelium,lung_epithelium:1,1.0,0.0,0.0,0.0,0.0,0.0,0.0,0.0,0.0
train,1615,4,IL|HL|PEG|CH,0.17553|0.309448|0.0102074|0.504814,lung_epithelium,lung_epithelium:1,1.0,0.0,0.0,0.0,0.0,0.0,0.0,0.0,0.0
train,618,3,IL|HL|CH,0.406091|0.304569|0.28934,muscle,muscle:1,0.0,0.0,1.0,0.0,0.0,0.0,0.0,0.0,0.0
train,3017,4,IL|HL|PEG|CH,0.330686|0.222573|0.0184461|0.428295,liver,liver:1,0.0,1.0,0.0,0.0,0.0,0.0,0.0,0.0,0.0
train,2353,4,IL|HL|PEG|CH,0.33824|0.368321|0.00950292|0.283936,lung_epithelium,lung_epithelium:1,1.0,0.0,0.0,0.0,0.0,0.0,0.0,0.0,0.0
train,306,4,IL|HL|PEG|CH,0.35|0.16|0.025|0.465,liver,liver:1,0.0,1.0,0.0,0.0,0.0,0.0,0.0,0.0,0.0
train,966,4,IL|HL|PEG|CH,0.5|0.1|0.015|0.385,liver,liver:0.5 + spleen:0.5,0.0,0.5,0.0,0.5,0.0,0.0,0.0,0.0,0.0
train,2985,4,IL|HL|PEG|CH,0.336854|0.220522|0.0182761|0.424348,liver,liver:1,0.0,1.0,0.0,0.0,0.0,0.0,0.0,0.0,0.0
train,3281,4,IL|HL|PEG|CH,0.5|0.1|0.015|0.385,ear,ear:1,0.0,0.0,0.0,0.0,0.0,0.0,0.0,0.0,1.0
train,1134,4,IL|HL|PEG|CH,0.35|0.16|0.025|0.465,muscle,muscle:1,0.0,0.0,1.0,0.0,0.0,0.0,0.0,0.0,0.0
train,2750,4,IL|HL|PEG|CH,0.317988|0.188179|0.0280115|0.465822,lung_epithelium,lung_epithelium:1,1.0,0.0,0.0,0.0,0.0,0.0,0.0,0.0,0.0
train,3233,4,IL|HL|PEG|CH,0.5|0.1|0.015|0.385,bone_marrow,bone_marrow:1,0.0,0.0,0.0,0.0,1.0,0.0,0.0,0.0,0.0
train,2102,4,IL|HL|PEG|CH,0.385983|0.197933|0.0497715|0.366313,lung_epithelium,lung_epithelium:1,1.0,0.0,0.0,0.0,0.0,0.0,0.0,0.0,0.0
train,997,4,IL|HL|PEG|CH,0.35|0.16|0.025|0.465,muscle,muscle:1,0.0,0.0,1.0,0.0,0.0,0.0,0.0,0.0,0.0
train,267,4,IL|HL|PEG|CH,0.35|0.16|0.025|0.465,liver,liver:1,0.0,1.0,0.0,0.0,0.0,0.0,0.0,0.0,0.0
train,983,4,IL|HL|PEG|CH,0.5|0.1|0.015|0.385,liver,liver:0.5 + spleen:0.5,0.0,0.5,0.0,0.5,0.0,0.0,0.0,0.0,0.0
train,1922,4,IL|HL|PEG|CH,0.199717|0.268015|0.0319247|0.500344,lung_epithelium,lung_epithelium:1,1.0,0.0,0.0,0.0,0.0,0.0,0.0,0.0,0.0
train,1706,4,IL|HL|PEG|CH,0.314082|0.105739|0.0526685|0.52751,lung_epithelium,lung_epithelium:1,1.0,0.0,0.0,0.0,0.0,0.0,0.0,0.0,0.0
train,251,4,IL|HL|PEG|CH,0.35|0.16|0.025|0.465,liver,liver:1,0.0,1.0,0.0,0.0,0.0,0.0,0.0,0.0,0.0
train,1407,4,IL|HL|PEG|CH,0.346124|0.1008|0.0502082|0.502868,lung_epithelium,lung_epithelium:1,1.0,0.0,0.0,0.0,0.0,0.0,0.0,0.0,0.0
train,3203,4,IL|HL|PEG|CH,0.5|0.1|0.015|0.385,bone_marrow,bone_marrow:1,0.0,0.0,0.0,0.0,1.0,0.0,0.0,0.0,0.0
train,2692,4,IL|HL|PEG|CH,0.454606|0.0890941|0.00899989|0.4473,lung_epithelium,lung_epithelium:1,1.0,0.0,0.0,0.0,0.0,0.0,0.0,0.0,0.0
train,2390,4,IL|HL|PEG|CH,0.459507|0.0843771|0.00882334|0.447292,lung_epithelium,lung_epithelium:1,1.0,0.0,0.0,0.0,0.0,0.0,0.0,0.0,0.0
train,1271,4,IL|HL|PEG|CH,0.449132|0.295462|0.00989368|0.245512,lung_epithelium,lung_epithelium:1,1.0,0.0,0.0,0.0,0.0,0.0,0.0,0.0,0.0
train,1946,4,IL|HL|PEG|CH,0.723598|0.0692022|0.0346332|0.172567,lung_epithelium,lung_epithelium:1,1.0,0.0,0.0,0.0,0.0,0.0,0.0,0.0,0.0
train,3291,4,IL|HL|PEG|CH,0.5|0.1|0.015|0.385,ear,ear:1,0.0,0.0,0.0,0.0,0.0,0.0,0.0,0.0,1.0
train,2328,4,IL|HL|PEG|CH,0.243382|0.2839|0.0474294|0.425289,lung_epithelium,lung_epithelium:1,1.0,0.0,0.0,0.0,0.0,0.0,0.0,0.0,0.0
train,2021,4,IL|HL|PEG|CH,0.475895|0.10672|0.0317799|0.385606,lung_epithelium,lung_epithelium:1,1.0,0.0,0.0,0.0,0.0,0.0,0.0,0.0,0.0
train,642,3,IL|HL|CH,0.406091|0.304569|0.28934,muscle,muscle:1,0.0,0.0,1.0,0.0,0.0,0.0,0.0,0.0,0.0
train,1352,4,IL|HL|PEG|CH,0.313794|0.169241|0.0263739|0.490591,lung_epithelium,lung_epithelium:1,1.0,0.0,0.0,0.0,0.0,0.0,0.0,0.0,0.0
train,792,3,IL|HL|CH,0.406091|0.304569|0.28934,muscle,muscle:1,0.0,0.0,1.0,0.0,0.0,0.0,0.0,0.0,0.0
train,208,4,IL|HL|PEG|CH,0.35|0.16|0.025|0.465,liver,liver:1,0.0,1.0,0.0,0.0,0.0,0.0,0.0,0.0,0.0
train,2969,4,IL|HL|PEG|CH,0.353743|0.214906|0.0178107|0.413541,liver,liver:1,0.0,1.0,0.0,0.0,0.0,0.0,0.0,0.0,0.0
train,721,3,IL|HL|CH,0.406091|0.304569|0.28934,muscle,muscle:1,0.0,0.0,1.0,0.0,0.0,0.0,0.0,0.0,0.0
train,1137,4,IL|HL|PEG|CH,0.35|0.16|0.025|0.465,muscle,muscle:1,0.0,0.0,1.0,0.0,0.0,0.0,0.0,0.0,0.0
train,532,4,IL|HL|PEG|CH,0.35|0.16|0.025|0.465,liver,liver:1,0.0,1.0,0.0,0.0,0.0,0.0,0.0,0.0,0.0
train,2754,4,IL|HL|PEG|CH,0.448635|0.0905334|0.00891457|0.451917,lung_epithelium,lung_epithelium:1,1.0,0.0,0.0,0.0,0.0,0.0,0.0,0.0,0.0
train,3129,4,IL|HL|PEG|CH,0.5|0.1|0.015|0.385,muscle,muscle:1,0.0,0.0,1.0,0.0,0.0,0.0,0.0,0.0,0.0
train,366,4,IL|HL|PEG|CH,0.35|0.16|0.025|0.465,liver,liver:1,0.0,1.0,0.0,0.0,0.0,0.0,0.0,0.0,0.0
train,1192,4,IL|HL|PEG|CH,0.344939|0.16156|0.0251769|0.468324,lung_epithelium,lung_epithelium:1,1.0,0.0,0.0,0.0,0.0,0.0,0.0,0.0,0.0
train,2221,4,IL|HL|PEG|CH,0.560952|0.109343|0.0547743|0.274931,lung_epithelium,lung_epithelium:1,1.0,0.0,0.0,0.0,0.0,0.0,0.0,0.0,0.0
train,261,4,IL|HL|PEG|CH,0.35|0.16|0.025|0.465,liver,liver:1,0.0,1.0,0.0,0.0,0.0,0.0,0.0,0.0,0.0
train,289,4,IL|HL|PEG|CH,0.35|0.16|0.025|0.465,liver,liver:1,0.0,1.0,0.0,0.0,0.0,0.0,0.0,0.0,0.0
train,2222,4,IL|HL|PEG|CH,0.314082|0.105739|0.0526685|0.52751,lung_epithelium,lung_epithelium:1,1.0,0.0,0.0,0.0,0.0,0.0,0.0,0.0,0.0
train,1396,4,IL|HL|PEG|CH,0.197385|0.301246|0.00993679|0.491433,lung_epithelium,lung_epithelium:1,1.0,0.0,0.0,0.0,0.0,0.0,0.0,0.0,0.0
train,1860,4,IL|HL|PEG|CH,0.17241|0.27716|0.033014|0.517416,lung_epithelium,lung_epithelium:1,1.0,0.0,0.0,0.0,0.0,0.0,0.0,0.0,0.0
train,2885,4,IL|HL|PEG|CH,0.35|0.16|0.025|0.465,liver,liver:0.2 + spleen:0.2 + heart:0.2 + lung:0.2 + kidney:0.2,0.0,0.20000000298023224,0.0,0.20000000298023224,0.0,0.20000000298023224,0.20000000298023224,0.20000000298023224,0.0
train,513,4,IL|HL|PEG|CH,0.35|0.16|0.025|0.465,liver,liver:1,0.0,1.0,0.0,0.0,0.0,0.0,0.0,0.0,0.0
train,936,4,IL|HL|PEG|CH,0.5|0.1|0.015|0.385,liver,liver:0.5 + spleen:0.5,0.0,0.5,0.0,0.5,0.0,0.0,0.0,0.0,0.0
train,1050,4,IL|HL|PEG|CH,0.35|0.16|0.025|0.465,muscle,muscle:1,0.0,0.0,1.0,0.0,0.0,0.0,0.0,0.0,0.0
train,121,4,IL|HL|PEG|CH,0.3|0.39|0.01|0.3,lung_epithelium,lung_epithelium:1,1.0,0.0,0.0,0.0,0.0,0.0,0.0,0.0,0.0
train,3026,4,IL|HL|PEG|CH,0.362197|0.212094|0.0175776|0.408131,liver,liver:1,0.0,1.0,0.0,0.0,0.0,0.0,0.0,0.0,0.0
train,424,4,IL|HL|PEG|CH,0.35|0.16|0.025|0.465,liver,liver:1,0.0,1.0,0.0,0.0,0.0,0.0,0.0,0.0,0.0
train,1533,4,IL|HL|PEG|CH,0.391712|0.0949606|0.00993006|0.503397,lung_epithelium,lung_epithelium:1,1.0,0.0,0.0,0.0,0.0,0.0,0.0,0.0,0.0
train,3133,4,IL|HL|PEG|CH,0.5|0.1|0.015|0.385,muscle,muscle:1,0.0,0.0,1.0,0.0,0.0,0.0,0.0,0.0,0.0
train,2321,4,IL|HL|PEG|CH,0.568663|0.0878299|0.0261547|0.317353,lung_epithelium,lung_epithelium:1,1.0,0.0,0.0,0.0,0.0,0.0,0.0,0.0,0.0
train,1641,4,IL|HL|PEG|CH,0.315132|0.105262|0.05253|0.527076,lung_epithelium,lung_epithelium:1,1.0,0.0,0.0,0.0,0.0,0.0,0.0,0.0,0.0
train,2815,4,IL|HL|PEG|CH,0.448265|0.0861322|0.00900687|0.456596,lung_epithelium,lung_epithelium:1,1.0,0.0,0.0,0.0,0.0,0.0,0.0,0.0,0.0
train,2602,4,IL|HL|PEG|CH,0.493875|0.271464|0.0090901|0.225571,lung_epithelium,lung_epithelium:1,1.0,0.0,0.0,0.0,0.0,0.0,0.0,0.0,0.0
train,2910,4,IL|HL|PEG|CH,0.35|0.16|0.025|0.465,liver,liver:0.2 + spleen:0.2 + heart:0.2 + lung:0.2 + kidney:0.2,0.0,0.20000000298023224,0.0,0.20000000298023224,0.0,0.20000000298023224,0.20000000298023224,0.20000000298023224,0.0
train,2519,4,IL|HL|PEG|CH,0.646805|0.0884286|0.0442553|0.220511,lung_epithelium,lung_epithelium:1,1.0,0.0,0.0,0.0,0.0,0.0,0.0,0.0,0.0
train,1554,4,IL|HL|PEG|CH,0.195175|0.269536|0.0321059|0.503184,lung_epithelium,lung_epithelium:1,1.0,0.0,0.0,0.0,0.0,0.0,0.0,0.0,0.0
train,1339,4,IL|HL|PEG|CH,0.343187|0.282693|0.0253343|0.348786,lung_epithelium,lung_epithelium:1,1.0,0.0,0.0,0.0,0.0,0.0,0.0,0.0,0.0
train,2535,4,IL|HL|PEG|CH,0.659805|0.0851738|0.0426264|0.212395,lung_epithelium,lung_epithelium:1,1.0,0.0,0.0,0.0,0.0,0.0,0.0,0.0,0.0
train,1457,4,IL|HL|PEG|CH,0.361478|0.104844|0.0103237|0.523354,lung_epithelium,lung_epithelium:1,1.0,0.0,0.0,0.0,0.0,0.0,0.0,0.0,0.0
train,2769,4,IL|HL|PEG|CH,0.654449|0.0860577|0.0431099|0.216384,lung_epithelium,lung_epithelium:1,1.0,0.0,0.0,0.0,0.0,0.0,0.0,0.0,0.0
train,2856,4,IL|HL|PEG|CH,0.319504|0.292886|0.0262478|0.361362,lung_epithelium,lung_epithelium:1,1.0,0.0,0.0,0.0,0.0,0.0,0.0,0.0,0.0
train,2968,4,IL|HL|PEG|CH,0.372414|0.208697|0.0172961|0.401593,liver,liver:1,0.0,1.0,0.0,0.0,0.0,0.0,0.0,0.0,0.0
train,1732,4,IL|HL|PEG|CH,0.563391|0.10921|0.0109048|0.316494,lung_epithelium,lung_epithelium:1,1.0,0.0,0.0,0.0,0.0,0.0,0.0,0.0,0.0
train,176,4,IL|HL|PEG|CH,0.35|0.16|0.025|0.465,liver,liver:1,0.0,1.0,0.0,0.0,0.0,0.0,0.0,0.0,0.0
train,1285,4,IL|HL|PEG|CH,0.293917|0.173946|0.027048|0.505089,lung_epithelium,lung_epithelium:1,1.0,0.0,0.0,0.0,0.0,0.0,0.0,0.0,0.0
train,781,3,IL|HL|CH,0.406091|0.304569|0.28934,muscle,muscle:1,0.0,0.0,1.0,0.0,0.0,0.0,0.0,0.0,0.0
train,136,4,IL|HL|PEG|CH,0.35|0.16|0.025|0.465,lung_epithelium,lung_epithelium:1,1.0,0.0,0.0,0.0,0.0,0.0,0.0,0.0,0.0
train,2026,4,IL|HL|PEG|CH,0.410273|0.316305|0.0105916|0.262831,lung_epithelium,lung_epithelium:1,1.0,0.0,0.0,0.0,0.0,0.0,0.0,0.0,0.0
train,2527,4,IL|HL|PEG|CH,0.722379|0.0695073|0.0347859|0.173328,lung_epithelium,lung_epithelium:1,1.0,0.0,0.0,0.0,0.0,0.0,0.0,0.0,0.0
train,1652,4,IL|HL|PEG|CH,0.316852|0.294028|0.0263501|0.362771,lung_epithelium,lung_epithelium:1,1.0,0.0,0.0,0.0,0.0,0.0,0.0,0.0,0.0
train,1616,4,IL|HL|PEG|CH,0.561473|0.109793|0.0549473|0.273786,lung_epithelium,lung_epithelium:1,1.0,0.0,0.0,0.0,0.0,0.0,0.0,0.0,0.0
train,1084,4,IL|HL|PEG|CH,0.35|0.16|0.025|0.465,muscle,muscle:1,0.0,0.0,1.0,0.0,0.0,0.0,0.0,0.0,0.0
train,44,4,IL|HL|PEG|CH,0.5|0.1|0.015|0.385,liver,liver:1,0.0,1.0,0.0,0.0,0.0,0.0,0.0,0.0,0.0
train,2258,4,IL|HL|PEG|CH,0.342574|0.107395|0.0108486|0.539182,lung_epithelium,lung_epithelium:1,1.0,0.0,0.0,0.0,0.0,0.0,0.0,0.0,0.0
train,605,3,IL|HL|CH,0.406091|0.304569|0.28934,muscle,muscle:1,0.0,0.0,1.0,0.0,0.0,0.0,0.0,0.0,0.0
train,1882,4,IL|HL|PEG|CH,0.553157|0.11177|0.0111604|0.323913,lung_epithelium,lung_epithelium:1,1.0,0.0,0.0,0.0,0.0,0.0,0.0,0.0,0.0
train,1640,4,IL|HL|PEG|CH,0.286965|0.175658|0.0273143|0.510062,lung_epithelium,lung_epithelium:1,1.0,0.0,0.0,0.0,0.0,0.0,0.0,0.0,0.0
train,1701,4,IL|HL|PEG|CH,0.362388|0.318897|0.0532177|0.265497,lung_epithelium,lung_epithelium:1,1.0,0.0,0.0,0.0,0.0,0.0,0.0,0.0,0.0
train,1666,4,IL|HL|PEG|CH,0.177293|0.308697|0.0515722|0.462437,lung_epithelium,lung_epithelium:1,1.0,0.0,0.0,0.0,0.0,0.0,0.0,0.0,0.0
train,2107,4,IL|HL|PEG|CH,0.605612|0.0982202|0.0492027|0.246965,lung_epithelium,lung_epithelium:1,1.0,0.0,0.0,0.0,0.0,0.0,0.0,0.0,0.0
train,142,4,IL|HL|PEG|CH,0.3|0.39|0.01|0.3,lung_epithelium,lung_epithelium:1,1.0,0.0,0.0,0.0,0.0,0.0,0.0,0.0,0.0
train,159,4,IL|HL|PEG|CH,0.35|0.16|0.025|0.465,liver,liver:1,0.0,1.0,0.0,0.0,0.0,0.0,0.0,0.0,0.0
train,2628,4,IL|HL|PEG|CH,0.587011|0.0840937|0.0250422|0.303853,lung_epithelium,lung_epithelium:1,1.0,0.0,0.0,0.0,0.0,0.0,0.0,0.0,0.0
train,1451,4,IL|HL|PEG|CH,0.410273|0.316305|0.0105916|0.262831,lung_epithelium,lung_epithelium:1,1.0,0.0,0.0,0.0,0.0,0.0,0.0,0.0,0.0
train,2619,4,IL|HL|PEG|CH,0.2575|0.278602|0.0465443|0.417353,lung_epithelium,lung_epithelium:1,1.0,0.0,0.0,0.0,0.0,0.0,0.0,0.0,0.0
train,1280,4,IL|HL|PEG|CH,0.362033|0.150324|0.024878|0.462764,lung_epithelium,lung_epithelium:1,1.0,0.0,0.0,0.0,0.0,0.0,0.0,0.0,0.0
train,1201,4,IL|HL|PEG|CH,0.401918|0.289597|0.0512838|0.257201,lung_epithelium,lung_epithelium:1,1.0,0.0,0.0,0.0,0.0,0.0,0.0,0.0,0.0
train,363,4,IL|HL|PEG|CH,0.35|0.16|0.025|0.465,liver,liver:1,0.0,1.0,0.0,0.0,0.0,0.0,0.0,0.0,0.0
train,1565,4,IL|HL|PEG|CH,0.465241|0.108889|0.0324259|0.393445,lung_epithelium,lung_epithelium:1,1.0,0.0,0.0,0.0,0.0,0.0,0.0,0.0,0.0
train,2547,4,IL|HL|PEG|CH,0.451985|0.0899833|0.0088604|0.449171,lung_epithelium,lung_epithelium:1,1.0,0.0,0.0,0.0,0.0,0.0,0.0,0.0,0.0
train,233,4,IL|HL|PEG|CH,0.35|0.16|0.025|0.465,liver,liver:1,0.0,1.0,0.0,0.0,0.0,0.0,0.0,0.0,0.0
train,359,4,IL|HL|PEG|CH,0.35|0.16|0.025|0.465,liver,liver:1,0.0,1.0,0.0,0.0,0.0,0.0,0.0,0.0,0.0
train,1832,4,IL|HL|PEG|CH,0.308392|0.106617|0.0531055|0.531886,lung_epithelium,lung_epithelium:1,1.0,0.0,0.0,0.0,0.0,0.0,0.0,0.0,0.0
train,2281,4,IL|HL|PEG|CH,0.564668|0.0679603|0.00710662|0.360265,lung_epithelium,lung_epithelium:1,1.0,0.0,0.0,0.0,0.0,0.0,0.0,0.0,0.0
train,2804,4,IL|HL|PEG|CH,0.405534|0.140074|0.0231816|0.43121,lung_epithelium,lung_epithelium:1,1.0,0.0,0.0,0.0,0.0,0.0,0.0,0.0,0.0
train,1915,4,IL|HL|PEG|CH,0.267824|0.20202|0.0300719|0.500084,lung_epithelium,lung_epithelium:1,1.0,0.0,0.0,0.0,0.0,0.0,0.0,0.0,0.0
train,889,4,IL|HL|PEG|CH,0.5|0.1|0.015|0.385,liver,liver:0.5 + spleen:0.5,0.0,0.5,0.0,0.5,0.0,0.0,0.0,0.0,0.0
train,1700,4,IL|HL|PEG|CH,0.343416|0.211654|0.0532219|0.391708,lung_epithelium,lung_epithelium:1,1.0,0.0,0.0,0.0,0.0,0.0,0.0,0.0,0.0
train,1813,4,IL|HL|PEG|CH,0.55373|0.155932|0.0112342|0.279103,lung_epithelium,lung_epithelium:1,1.0,0.0,0.0,0.0,0.0,0.0,0.0,0.0,0.0
train,2285,4,IL|HL|PEG|CH,0.366988|0.0988204|0.0103337|0.523858,lung_epithelium,lung_epithelium:1,1.0,0.0,0.0,0.0,0.0,0.0,0.0,0.0,0.0
train,827,4,IL|HL|PEG|CH,0.238095|0.238095|0.047619|0.47619,liver,liver:1,0.0,1.0,0.0,0.0,0.0,0.0,0.0,0.0,0.0
train,495,4,IL|HL|PEG|CH,0.35|0.16|0.025|0.465,liver,liver:1,0.0,1.0,0.0,0.0,0.0,0.0,0.0,0.0,0.0
train,1049,4,IL|HL|PEG|CH,0.35|0.16|0.025|0.465,muscle,muscle:1,0.0,0.0,1.0,0.0,0.0,0.0,0.0,0.0,0.0
train,3229,4,IL|HL|PEG|CH,0.5|0.1|0.015|0.385,bone_marrow,bone_marrow:1,0.0,0.0,0.0,0.0,1.0,0.0,0.0,0.0,0.0
train,2829,4,IL|HL|PEG|CH,0.306063|0.298671|0.0267662|0.3685,lung_epithelium,lung_epithelium:1,1.0,0.0,0.0,0.0,0.0,0.0,0.0,0.0,0.0
train,290,4,IL|HL|PEG|CH,0.35|0.16|0.025|0.465,liver,liver:1,0.0,1.0,0.0,0.0,0.0,0.0,0.0,0.0,0.0
train,1144,4,IL|HL|PEG|CH,0.40755|0.28687|0.0508009|0.254779,lung_epithelium,lung_epithelium:1,1.0,0.0,0.0,0.0,0.0,0.0,0.0,0.0,0.0
train,949,4,IL|HL|PEG|CH,0.5|0.1|0.015|0.385,liver,liver:0.5 + spleen:0.5,0.0,0.5,0.0,0.5,0.0,0.0,0.0,0.0,0.0
train,2657,4,IL|HL|PEG|CH,0.435623|0.181931|0.0457477|0.336699,lung_epithelium,lung_epithelium:1,1.0,0.0,0.0,0.0,0.0,0.0,0.0,0.0,0.0
train,739,3,IL|HL|CH,0.406091|0.304569|0.28934,muscle,muscle:1,0.0,0.0,1.0,0.0,0.0,0.0,0.0,0.0,0.0
train,557,3,IL|HL|CH,0.406091|0.304569|0.28934,muscle,muscle:1,0.0,0.0,1.0,0.0,0.0,0.0,0.0,0.0,0.0
train,1926,4,IL|HL|PEG|CH,0.49289|0.218261|0.01956|0.26929,lung_epithelium,lung_epithelium:1,1.0,0.0,0.0,0.0,0.0,0.0,0.0,0.0,0.0
train,3118,4,IL|HL|PEG|CH,0.5|0.1|0.015|0.385,muscle,muscle:1,0.0,0.0,1.0,0.0,0.0,0.0,0.0,0.0,0.0
train,1724,4,IL|HL|PEG|CH,0.344957|0.211157|0.053097|0.390789,lung_epithelium,lung_epithelium:1,1.0,0.0,0.0,0.0,0.0,0.0,0.0,0.0,0.0
train,440,4,IL|HL|PEG|CH,0.35|0.16|0.025|0.465,liver,liver:1,0.0,1.0,0.0,0.0,0.0,0.0,0.0,0.0,0.0
train,2793,4,IL|HL|PEG|CH,0.46533|0.083468|0.00872828|0.442473,lung_epithelium,lung_epithelium:1,1.0,0.0,0.0,0.0,0.0,0.0,0.0,0.0,0.0
train,2168,4,IL|HL|PEG|CH,0.597029|0.100891|0.0504923|0.251588,lung_epithelium,lung_epithelium:1,1.0,0.0,0.0,0.0,0.0,0.0,0.0,0.0,0.0
train,2834,4,IL|HL|PEG|CH,0.418929|0.250093|0.0224128|0.308565,lung_epithelium,lung_epithelium:1,1.0,0.0,0.0,0.0,0.0,0.0,0.0,0.0,0.0
train,946,4,IL|HL|PEG|CH,0.5|0.1|0.015|0.385,liver,liver:0.5 + spleen:0.5,0.0,0.5,0.0,0.5,0.0,0.0,0.0,0.0,0.0
train,3294,4,IL|HL|PEG|CH,0.5|0.1|0.015|0.385,ear,ear:1,0.0,0.0,0.0,0.0,0.0,0.0,0.0,0.0,1.0
train,2741,4,IL|HL|PEG|CH,0.248703|0.281903|0.0470958|0.422298,lung_epithelium,lung_epithelium:1,1.0,0.0,0.0,0.0,0.0,0.0,0.0,0.0,0.0
train,2554,4,IL|HL|PEG|CH,0.602521|0.0809355|0.0241017|0.292442,lung_epithelium,lung_epithelium:1,1.0,0.0,0.0,0.0,0.0,0.0,0.0,0.0,0.0
train,571,3,IL|HL|CH,0.406091|0.304569|0.28934,muscle,muscle:1,0.0,0.0,1.0,0.0,0.0,0.0,0.0,0.0,0.0
train,347,4,IL|HL|PEG|CH,0.35|0.16|0.025|0.465,liver,liver:1,0.0,1.0,0.0,0.0,0.0,0.0,0.0,0.0,0.0
train,3154,4,IL|HL|PEG|CH,0.5|0.1|0.015|0.385,bone_marrow,bone_marrow:1,0.0,0.0,0.0,0.0,1.0,0.0,0.0,0.0,0.0
train,3023,4,IL|HL|PEG|CH,0.366906|0.210528|0.0174479|0.405117,liver,liver:1,0.0,1.0,0.0,0.0,0.0,0.0,0.0,0.0,0.0
train,2392,4,IL|HL|PEG|CH,0.402632|0.257108|0.0230414|0.317219,lung_epithelium,lung_epithelium:1,1.0,0.0,0.0,0.0,0.0,0.0,0.0,0.0,0.0
train,1199,4,IL|HL|PEG|CH,0.594952|0.101411|0.0507525|0.252885,lung_epithelium,lung_epithelium:1,1.0,0.0,0.0,0.0,0.0,0.0,0.0,0.0,0.0
train,2932,4,IL|HL|PEG|CH,0.35|0.16|0.025|0.465,liver,liver:0.2 + spleen:0.2 + heart:0.2 + lung:0.2 + kidney:0.2,0.0,0.20000000298023224,0.0,0.20000000298023224,0.0,0.20000000298023224,0.20000000298023224,0.20000000298023224,0.0
train,322,4,IL|HL|PEG|CH,0.35|0.16|0.025|0.465,liver,liver:1,0.0,1.0,0.0,0.0,0.0,0.0,0.0,0.0,0.0
train,2414,4,IL|HL|PEG|CH,0.496447|0.243825|0.0431782|0.216549,lung_epithelium,lung_epithelium:1,1.0,0.0,0.0,0.0,0.0,0.0,0.0,0.0,0.0
train,1108,4,IL|HL|PEG|CH,0.35|0.16|0.025|0.465,lung_epithelium,lung_epithelium:1,1.0,0.0,0.0,0.0,0.0,0.0,0.0,0.0,0.0
train,1605,4,IL|HL|PEG|CH,0.593876|0.141905|0.0102236|0.253996,lung_epithelium,lung_epithelium:1,1.0,0.0,0.0,0.0,0.0,0.0,0.0,0.0,0.0
train,2411,4,IL|HL|PEG|CH,0.263796|0.27632|0.00911459|0.45077,lung_epithelium,lung_epithelium:1,1.0,0.0,0.0,0.0,0.0,0.0,0.0,0.0,0.0
train,3204,4,IL|HL|PEG|CH,0.5|0.1|0.015|0.385,bone_marrow,bone_marrow:1,0.0,0.0,0.0,0.0,1.0,0.0,0.0,0.0,0.0
train,560,3,IL|HL|CH,0.406091|0.304569|0.28934,muscle,muscle:1,0.0,0.0,1.0,0.0,0.0,0.0,0.0,0.0,0.0
train,299,4,IL|HL|PEG|CH,0.35|0.16|0.025|0.465,liver,liver:1,0.0,1.0,0.0,0.0,0.0,0.0,0.0,0.0,0.0
train,3069,4,IL|HL|PEG|CH,0.5|0.1|0.015|0.385,muscle,muscle:1,0.0,0.0,1.0,0.0,0.0,0.0,0.0,0.0,0.0
train,2658,4,IL|HL|PEG|CH,0.45615|0.272002|0.0453919|0.226455,lung_epithelium,lung_epithelium:1,1.0,0.0,0.0,0.0,0.0,0.0,0.0,0.0,0.0
train,3052,4,IL|HL|PEG|CH,0.5|0.1|0.015|0.385,muscle,muscle:1,0.0,0.0,1.0,0.0,0.0,0.0,0.0,0.0,0.0
train,1336,4,IL|HL|PEG|CH,0.399867|0.300152|0.0500896|0.249891,lung_epithelium,lung_epithelium:1,1.0,0.0,0.0,0.0,0.0,0.0,0.0,0.0,0.0
train,2259,4,IL|HL|PEG|CH,0.169516|0.278129|0.0331294|0.519226,lung_epithelium,lung_epithelium:1,1.0,0.0,0.0,0.0,0.0,0.0,0.0,0.0,0.0
train,1908,4,IL|HL|PEG|CH,0.600184|0.100101|0.0500969|0.249618,lung_epithelium,lung_epithelium:1,1.0,0.0,0.0,0.0,0.0,0.0,0.0,0.0,0.0
train,994,4,IL|HL|PEG|CH,0.35|0.16|0.025|0.465,muscle,muscle:1,0.0,0.0,1.0,0.0,0.0,0.0,0.0,0.0,0.0
train,2892,4,IL|HL|PEG|CH,0.35|0.16|0.025|0.465,liver,liver:0.2 + spleen:0.2 + heart:0.2 + lung:0.2 + kidney:0.2,0.0,0.20000000298023224,0.0,0.20000000298023224,0.0,0.20000000298023224,0.20000000298023224,0.20000000298023224,0.0
train,2514,4,IL|HL|PEG|CH,0.706434|0.102575|0.0073901|0.1836,lung_epithelium,lung_epithelium:1,1.0,0.0,0.0,0.0,0.0,0.0,0.0,0.0,0.0
train,720,3,IL|HL|CH,0.406091|0.304569|0.28934,muscle,muscle:1,0.0,0.0,1.0,0.0,0.0,0.0,0.0,0.0,0.0
train,3011,4,IL|HL|PEG|CH,0.349403|0.216349|0.0179302|0.416317,liver,liver:1,0.0,1.0,0.0,0.0,0.0,0.0,0.0,0.0,0.0
train,637,3,IL|HL|CH,0.406091|0.304569|0.28934,muscle,muscle:1,0.0,0.0,1.0,0.0,0.0,0.0,0.0,0.0,0.0
train,20,4,IL|HL|PEG|CH,0.5|0.1|0.015|0.385,liver,liver:1,0.0,1.0,0.0,0.0,0.0,0.0,0.0,0.0,0.0
train,365,4,IL|HL|PEG|CH,0.35|0.16|0.025|0.465,liver,liver:1,0.0,1.0,0.0,0.0,0.0,0.0,0.0,0.0,0.0
train,564,3,IL|HL|CH,0.406091|0.304569|0.28934,muscle,muscle:1,0.0,0.0,1.0,0.0,0.0,0.0,0.0,0.0,0.0
train,1355,4,IL|HL|PEG|CH,0.285121|0.176113|0.027385|0.511382,lung_epithelium,lung_epithelium:1,1.0,0.0,0.0,0.0,0.0,0.0,0.0,0.0,0.0
train,1452,4,IL|HL|PEG|CH,0.244937|0.208335|0.0310119|0.515716,lung_epithelium,lung_epithelium:1,1.0,0.0,0.0,0.0,0.0,0.0,0.0,0.0,0.0
train,961,4,IL|HL|PEG|CH,0.5|0.1|0.015|0.385,liver,liver:0.5 + spleen:0.5,0.0,0.5,0.0,0.5,0.0,0.0,0.0,0.0,0.0
train,1971,4,IL|HL|PEG|CH,0.317584|0.104885|0.052342|0.525189,lung_epithelium,lung_epithelium:1,1.0,0.0,0.0,0.0,0.0,0.0,0.0,0.0,0.0
train,2674,4,IL|HL|PEG|CH,0.457756|0.0885795|0.00894791|0.444717,lung_epithelium,lung_epithelium:1,1.0,0.0,0.0,0.0,0.0,0.0,0.0,0.0,0.0
train,1900,4,IL|HL|PEG|CH,0.347174|0.101914|0.0106571|0.540255,lung_epithelium,lung_epithelium:1,1.0,0.0,0.0,0.0,0.0,0.0,0.0,0.0,0.0
train,2127,4,IL|HL|PEG|CH,0.45201|0.293356|0.00970021|0.244934,lung_epithelium,lung_epithelium:1,1.0,0.0,0.0,0.0,0.0,0.0,0.0,0.0,0.0
train,2860,4,IL|HL|PEG|CH,0.309467|0.297206|0.0266349|0.366692,lung_epithelium,lung_epithelium:1,1.0,0.0,0.0,0.0,0.0,0.0,0.0,0.0,0.0
train,328,4,IL|HL|PEG|CH,0.35|0.16|0.025|0.465,liver,liver:1,0.0,1.0,0.0,0.0,0.0,0.0,0.0,0.0,0.0
train,1391,4,IL|HL|PEG|CH,0.346292|0.281356|0.0252145|0.347137,lung_epithelium,lung_epithelium:1,1.0,0.0,0.0,0.0,0.0,0.0,0.0,0.0,0.0
train,1627,4,IL|HL|PEG|CH,0.314645|0.105337|0.0525674|0.527451,lung_epithelium,lung_epithelium:1,1.0,0.0,0.0,0.0,0.0,0.0,0.0,0.0,0.0
train,2937,4,IL|HL|PEG|CH,0.35|0.16|0.025|0.465,liver,liver:0.2 + spleen:0.2 + heart:0.2 + lung:0.2 + kidney:0.2,0.0,0.20000000298023224,0.0,0.20000000298023224,0.0,0.20000000298023224,0.20000000298023224,0.20000000298023224,0.0
train,3110,4,IL|HL|PEG|CH,0.5|0.1|0.015|0.385,muscle,muscle:1,0.0,0.0,1.0,0.0,0.0,0.0,0.0,0.0,0.0
train,1493,4,IL|HL|PEG|CH,0.605934|0.0986615|0.0493765|0.246028,lung_epithelium,lung_epithelium:1,1.0,0.0,0.0,0.0,0.0,0.0,0.0,0.0,0.0
train,2116,4,IL|HL|PEG|CH,0.612019|0.0971378|0.0486139|0.242229,lung_epithelium,lung_epithelium:1,1.0,0.0,0.0,0.0,0.0,0.0,0.0,0.0,0.0
train,3283,4,IL|HL|PEG|CH,0.5|0.1|0.015|0.385,ear,ear:1,0.0,0.0,0.0,0.0,0.0,0.0,0.0,0.0,1.0
train,1178,4,IL|HL|PEG|CH,0.324447|0.166614|0.0259645|0.482975,lung_epithelium,lung_epithelium:1,1.0,0.0,0.0,0.0,0.0,0.0,0.0,0.0,0.0
train,1886,4,IL|HL|PEG|CH,0.361702|0.30907|0.0547322|0.274496,lung_epithelium,lung_epithelium:1,1.0,0.0,0.0,0.0,0.0,0.0,0.0,0.0,0.0
train,2210,4,IL|HL|PEG|CH,0.354555|0.100761|0.0105366|0.534147,lung_epithelium,lung_epithelium:1,1.0,0.0,0.0,0.0,0.0,0.0,0.0,0.0,0.0
train,1668,4,IL|HL|PEG|CH,0.31669|0.105337|0.0524683|0.525504,lung_epithelium,lung_epithelium:1,1.0,0.0,0.0,0.0,0.0,0.0,0.0,0.0,0.0
train,1654,4,IL|HL|PEG|CH,0.2882|0.175354|0.027267|0.509179,lung_epithelium,lung_epithelium:1,1.0,0.0,0.0,0.0,0.0,0.0,0.0,0.0,0.0
train,2574,4,IL|HL|PEG|CH,0.361693|0.342361|0.0114641|0.284482,lung_epithelium,lung_epithelium:1,1.0,0.0,0.0,0.0,0.0,0.0,0.0,0.0,0.0
train,2571,4,IL|HL|PEG|CH,0.519754|0.167804|0.0120895|0.300353,lung_epithelium,lung_epithelium:1,1.0,0.0,0.0,0.0,0.0,0.0,0.0,0.0,0.0
train,2972,4,IL|HL|PEG|CH,0.393167|0.201796|0.0167241|0.388313,liver,liver:1,0.0,1.0,0.0,0.0,0.0,0.0,0.0,0.0,0.0
train,598,3,IL|HL|CH,0.406091|0.304569|0.28934,muscle,muscle:1,0.0,0.0,1.0,0.0,0.0,0.0,0.0,0.0,0.0
train,3150,4,IL|HL|PEG|CH,0.5|0.1|0.015|0.385,bone_marrow,bone_marrow:1,0.0,0.0,0.0,0.0,1.0,0.0,0.0,0.0,0.0
train,1378,4,IL|HL|PEG|CH,0.403264|0.298453|0.049806|0.248477,lung_epithelium,lung_epithelium:1,1.0,0.0,0.0,0.0,0.0,0.0,0.0,0.0,0.0
train,343,4,IL|HL|PEG|CH,0.35|0.16|0.025|0.465,liver,liver:1,0.0,1.0,0.0,0.0,0.0,0.0,0.0,0.0,0.0
train,2276,4,IL|HL|PEG|CH,0.309342|0.16274|0.0269327|0.500985,lung_epithelium,lung_epithelium:1,1.0,0.0,0.0,0.0,0.0,0.0,0.0,0.0,0.0
train,479,4,IL|HL|PEG|CH,0.35|0.16|0.025|0.465,liver,liver:1,0.0,1.0,0.0,0.0,0.0,0.0,0.0,0.0,0.0
train,2280,4,IL|HL|PEG|CH,0.523544|0.112268|0.0185798|0.345609,lung_epithelium,lung_epithelium:1,1.0,0.0,0.0,0.0,0.0,0.0,0.0,0.0,0.0
train,353,4,IL|HL|PEG|CH,0.35|0.16|0.025|0.465,liver,liver:1,0.0,1.0,0.0,0.0,0.0,0.0,0.0,0.0,0.0
train,2709,4,IL|HL|PEG|CH,0.469828|0.0870535|0.00857191|0.434546,lung_epithelium,lung_epithelium:1,1.0,0.0,0.0,0.0,0.0,0.0,0.0,0.0,0.0
train,3155,4,IL|HL|PEG|CH,0.5|0.1|0.015|0.385,bone_marrow,bone_marrow:1,0.0,0.0,0.0,0.0,1.0,0.0,0.0,0.0,0.0
train,3091,4,IL|HL|PEG|CH,0.5|0.1|0.015|0.385,muscle,muscle:1,0.0,0.0,1.0,0.0,0.0,0.0,0.0,0.0,0.0
train,1898,4,IL|HL|PEG|CH,0.170748|0.277716|0.0330803|0.518455,lung_epithelium,lung_epithelium:1,1.0,0.0,0.0,0.0,0.0,0.0,0.0,0.0,0.0
train,673,3,IL|HL|CH,0.406091|0.304569|0.28934,muscle,muscle:1,0.0,0.0,1.0,0.0,0.0,0.0,0.0,0.0,0.0
train,712,3,IL|HL|CH,0.406091|0.304569|0.28934,muscle,muscle:1,0.0,0.0,1.0,0.0,0.0,0.0,0.0,0.0,0.0
train,3066,4,IL|HL|PEG|CH,0.5|0.1|0.015|0.385,muscle,muscle:1,0.0,0.0,1.0,0.0,0.0,0.0,0.0,0.0,0.0
train,2142,4,IL|HL|PEG|CH,0.363862|0.0980654|0.0488461|0.489226,lung_epithelium,lung_epithelium:1,1.0,0.0,0.0,0.0,0.0,0.0,0.0,0.0,0.0
train,771,3,IL|HL|CH,0.406091|0.304569|0.28934,muscle,muscle:1,0.0,0.0,1.0,0.0,0.0,0.0,0.0,0.0,0.0
train,938,4,IL|HL|PEG|CH,0.5|0.1|0.015|0.385,liver,liver:0.5 + spleen:0.5,0.0,0.5,0.0,0.5,0.0,0.0,0.0,0.0,0.0
train,1213,4,IL|HL|PEG|CH,0.607671|0.0982266|0.0491588|0.244944,lung_epithelium,lung_epithelium:1,1.0,0.0,0.0,0.0,0.0,0.0,0.0,0.0,0.0
train,1878,4,IL|HL|PEG|CH,0.307302|0.298138|0.0267184|0.367842,lung_epithelium,lung_epithelium:1,1.0,0.0,0.0,0.0,0.0,0.0,0.0,0.0,0.0
train,1241,4,IL|HL|PEG|CH,0.596609|0.100996|0.0505449|0.25185,lung_epithelium,lung_epithelium:1,1.0,0.0,0.0,0.0,0.0,0.0,0.0,0.0,0.0
train,2252,4,IL|HL|PEG|CH,0.352939|0.323623|0.0540064|0.269432,lung_epithelium,lung_epithelium:1,1.0,0.0,0.0,0.0,0.0,0.0,0.0,0.0,0.0
train,3116,4,IL|HL|PEG|CH,0.5|0.1|0.015|0.385,muscle,muscle:1,0.0,0.0,1.0,0.0,0.0,0.0,0.0,0.0,0.0
train,690,3,IL|HL|CH,0.406091|0.304569|0.28934,muscle,muscle:1,0.0,0.0,1.0,0.0,0.0,0.0,0.0,0.0,0.0
train,416,4,IL|HL|PEG|CH,0.35|0.16|0.025|0.465,liver,liver:1,0.0,1.0,0.0,0.0,0.0,0.0,0.0,0.0,0.0
train,2247,4,IL|HL|PEG|CH,0.551131|0.112382|0.0562432|0.280244,lung_epithelium,lung_epithelium:1,1.0,0.0,0.0,0.0,0.0,0.0,0.0,0.0,0.0
train,528,4,IL|HL|PEG|CH,0.35|0.16|0.025|0.465,liver,liver:1,0.0,1.0,0.0,0.0,0.0,0.0,0.0,0.0,0.0
train,341,4,IL|HL|PEG|CH,0.35|0.16|0.025|0.465,liver,liver:1,0.0,1.0,0.0,0.0,0.0,0.0,0.0,0.0,0.0
train,868,4,IL|HL|PEG|CH,0.5|0.1|0.015|0.385,liver,liver:0.5 + spleen:0.5,0.0,0.5,0.0,0.5,0.0,0.0,0.0,0.0,0.0
train,2808,4,IL|HL|PEG|CH,0.268073|0.172464|0.028542|0.530921,lung_epithelium,lung_epithelium:1,1.0,0.0,0.0,0.0,0.0,0.0,0.0,0.0,0.0
train,2882,4,IL|HL|PEG|CH,0.35|0.16|0.025|0.465,liver,liver:0.2 + spleen:0.2 + heart:0.2 + lung:0.2 + kidney:0.2,0.0,0.20000000298023224,0.0,0.20000000298023224,0.0,0.20000000298023224,0.20000000298023224,0.20000000298023224,0.0
train,2659,4,IL|HL|PEG|CH,0.496643|0.269979|0.00904038|0.224337,lung_epithelium,lung_epithelium:1,1.0,0.0,0.0,0.0,0.0,0.0,0.0,0.0,0.0
train,355,4,IL|HL|PEG|CH,0.35|0.16|0.025|0.465,liver,liver:1,0.0,1.0,0.0,0.0,0.0,0.0,0.0,0.0,0.0
train,2973,4,IL|HL|PEG|CH,0.372414|0.208697|0.0172961|0.401593,liver,liver:1,0.0,1.0,0.0,0.0,0.0,0.0,0.0,0.0,0.0
train,1846,4,IL|HL|PEG|CH,0.556176|0.111119|0.055611|0.277094,lung_epithelium,lung_epithelium:1,1.0,0.0,0.0,0.0,0.0,0.0,0.0,0.0,0.0
train,778,3,IL|HL|CH,0.406091|0.304569|0.28934,muscle,muscle:1,0.0,0.0,1.0,0.0,0.0,0.0,0.0,0.0,0.0
train,2315,4,IL|HL|PEG|CH,0.324792|0.375806|0.00969603|0.289706,lung_epithelium,lung_epithelium:1,1.0,0.0,0.0,0.0,0.0,0.0,0.0,0.0,0.0
train,2334,4,IL|HL|PEG|CH,0.243188|0.253456|0.0301905|0.473165,lung_epithelium,lung_epithelium:1,1.0,0.0,0.0,0.0,0.0,0.0,0.0,0.0,0.0
train,3190,4,IL|HL|PEG|CH,0.5|0.1|0.015|0.385,bone_marrow,bone_marrow:1,0.0,0.0,0.0,0.0,1.0,0.0,0.0,0.0,0.0
train,1855,4,IL|HL|PEG|CH,0.555844|0.110615|0.0554116|0.27813,lung_epithelium,lung_epithelium:1,1.0,0.0,0.0,0.0,0.0,0.0,0.0,0.0,0.0
train,1772,4,IL|HL|PEG|CH,0.562036|0.109652|0.0548768|0.273435,lung_epithelium,lung_epithelium:1,1.0,0.0,0.0,0.0,0.0,0.0,0.0,0.0,0.0
train,519,4,IL|HL|PEG|CH,0.35|0.16|0.025|0.465,liver,liver:1,0.0,1.0,0.0,0.0,0.0,0.0,0.0,0.0,0.0
train,604,3,IL|HL|CH,0.406091|0.304569|0.28934,muscle,muscle:1,0.0,0.0,1.0,0.0,0.0,0.0,0.0,0.0,0.0
train,1750,4,IL|HL|PEG|CH,0.372749|0.303721|0.0537849|0.269745,lung_epithelium,lung_epithelium:1,1.0,0.0,0.0,0.0,0.0,0.0,0.0,0.0,0.0
train,2356,4,IL|HL|PEG|CH,0.672425|0.0819373|0.00818154|0.237456,lung_epithelium,lung_epithelium:1,1.0,0.0,0.0,0.0,0.0,0.0,0.0,0.0,0.0
train,432,4,IL|HL|PEG|CH,0.35|0.16|0.025|0.465,liver,liver:1,0.0,1.0,0.0,0.0,0.0,0.0,0.0,0.0,0.0
train,1316,4,IL|HL|PEG|CH,0.203626|0.298903|0.00985952|0.487611,lung_epithelium,lung_epithelium:1,1.0,0.0,0.0,0.0,0.0,0.0,0.0,0.0,0.0
train,3050,4,IL|HL|PEG|CH,0.5|0.1|0.015|0.385,muscle,muscle:1,0.0,0.0,1.0,0.0,0.0,0.0,0.0,0.0,0.0
train,2407,4,IL|HL|PEG|CH,0.349074|0.362291|0.00934734|0.279288,lung_epithelium,lung_epithelium:1,1.0,0.0,0.0,0.0,0.0,0.0,0.0,0.0,0.0
train,3128,4,IL|HL|PEG|CH,0.5|0.1|0.015|0.385,muscle,muscle:1,0.0,0.0,1.0,0.0,0.0,0.0,0.0,0.0,0.0
train,462,4,IL|HL|PEG|CH,0.35|0.16|0.025|0.465,liver,liver:1,0.0,1.0,0.0,0.0,0.0,0.0,0.0,0.0,0.0
train,2697,4,IL|HL|PEG|CH,0.67921|0.0798909|0.0400208|0.200878,lung_epithelium,lung_epithelium:1,1.0,0.0,0.0,0.0,0.0,0.0,0.0,0.0,0.0
train,1562,4,IL|HL|PEG|CH,0.56041|0.109956|0.0109792|0.318655,lung_epithelium,lung_epithelium:1,1.0,0.0,0.0,0.0,0.0,0.0,0.0,0.0,0.0
train,470,4,IL|HL|PEG|CH,0.35|0.16|0.025|0.465,liver,liver:1,0.0,1.0,0.0,0.0,0.0,0.0,0.0,0.0,0.0
train,2293,4,IL|HL|PEG|CH,0.42005|0.249611|0.0223696|0.30797,lung_epithelium,lung_epithelium:1,1.0,0.0,0.0,0.0,0.0,0.0,0.0,0.0,0.0
train,3255,4,IL|HL|PEG|CH,0.5|0.1|0.015|0.385,bone_marrow,bone_marrow:1,0.0,0.0,0.0,0.0,1.0,0.0,0.0,0.0,0.0
train,2651,4,IL|HL|PEG|CH,0.375214|0.334467|0.0110596|0.279259,lung_epithelium,lung_epithelium:1,1.0,0.0,0.0,0.0,0.0,0.0,0.0,0.0,0.0
train,438,4,IL|HL|PEG|CH,0.35|0.16|0.025|0.465,liver,liver:1,0.0,1.0,0.0,0.0,0.0,0.0,0.0,0.0,0.0
train,3175,4,IL|HL|PEG|CH,0.5|0.1|0.015|0.385,bone_marrow,bone_marrow:1,0.0,0.0,0.0,0.0,1.0,0.0,0.0,0.0,0.0
train,664,3,IL|HL|CH,0.406091|0.304569|0.28934,muscle,muscle:1,0.0,0.0,1.0,0.0,0.0,0.0,0.0,0.0,0.0
train,66,4,IL|HL|PEG|CH,0.5|0.1|0.015|0.385,liver,liver:1,0.0,1.0,0.0,0.0,0.0,0.0,0.0,0.0,0.0
train,3049,4,IL|HL|PEG|CH,0.321001|0.225794|0.018713|0.434492,liver,liver:1,0.0,1.0,0.0,0.0,0.0,0.0,0.0,0.0,0.0
train,710,3,IL|HL|CH,0.406091|0.304569|0.28934,muscle,muscle:1,0.0,0.0,1.0,0.0,0.0,0.0,0.0,0.0,0.0
train,1778,4,IL|HL|PEG|CH,0.401424|0.321051|0.0107505|0.266775,lung_epithelium,lung_epithelium:1,1.0,0.0,0.0,0.0,0.0,0.0,0.0,0.0,0.0
train,3268,4,IL|HL|PEG|CH,0.5|0.1|0.015|0.385,bone_marrow,bone_marrow:1,0.0,0.0,0.0,0.0,1.0,0.0,0.0,0.0,0.0
train,213,4,IL|HL|PEG|CH,0.35|0.16|0.025|0.465,liver,liver:1,0.0,1.0,0.0,0.0,0.0,0.0,0.0,0.0,0.0
train,1006,4,IL|HL|PEG|CH,0.35|0.16|0.025|0.465,muscle,muscle:1,0.0,0.0,1.0,0.0,0.0,0.0,0.0,0.0,0.0
train,1011,4,IL|HL|PEG|CH,0.35|0.16|0.025|0.465,muscle,muscle:1,0.0,0.0,1.0,0.0,0.0,0.0,0.0,0.0,0.0
train,2364,4,IL|HL|PEG|CH,0.517678|0.258697|0.00866259|0.214962,lung_epithelium,lung_epithelium:1,1.0,0.0,0.0,0.0,0.0,0.0,0.0,0.0,0.0
train,1497,4,IL|HL|PEG|CH,0.385983|0.197933|0.0497715|0.366313,lung_epithelium,lung_epithelium:1,1.0,0.0,0.0,0.0,0.0,0.0,0.0,0.0,0.0
train,2089,4,IL|HL|PEG|CH,0.602613|0.098967|0.0495768|0.248843,lung_epithelium,lung_epithelium:1,1.0,0.0,0.0,0.0,0.0,0.0,0.0,0.0,0.0
train,174,4,IL|HL|PEG|CH,0.35|0.16|0.025|0.465,liver,liver:1,0.0,1.0,0.0,0.0,0.0,0.0,0.0,0.0,0.0
train,1864,4,IL|HL|PEG|CH,0.307308|0.298135|0.0267182|0.367838,lung_epithelium,lung_epithelium:1,1.0,0.0,0.0,0.0,0.0,0.0,0.0,0.0,0.0
train,2505,4,IL|HL|PEG|CH,0.50584|0.0811404|0.00798966|0.40503,lung_epithelium,lung_epithelium:1,1.0,0.0,0.0,0.0,0.0,0.0,0.0,0.0,0.0
train,2662,4,IL|HL|PEG|CH,0.415587|0.0900916|0.0448744|0.449447,lung_epithelium,lung_epithelium:1,1.0,0.0,0.0,0.0,0.0,0.0,0.0,0.0,0.0
train,2400,4,IL|HL|PEG|CH,0.462637|0.260197|0.0460773|0.231089,lung_epithelium,lung_epithelium:1,1.0,0.0,0.0,0.0,0.0,0.0,0.0,0.0,0.0
train,1703,4,IL|HL|PEG|CH,0.23766|0.210343|0.0313108|0.520686,lung_epithelium,lung_epithelium:1,1.0,0.0,0.0,0.0,0.0,0.0,0.0,0.0,0.0
train,383,4,IL|HL|PEG|CH,0.35|0.16|0.025|0.465,liver,liver:1,0.0,1.0,0.0,0.0,0.0,0.0,0.0,0.0,0.0
train,911,4,IL|HL|PEG|CH,0.5|0.1|0.015|0.385,liver,liver:0.5 + spleen:0.5,0.0,0.5,0.0,0.5,0.0,0.0,0.0,0.0,0.0
train,802,4,IL|HL|PEG|CH,0.238095|0.238095|0.047619|0.47619,liver,liver:1,0.0,1.0,0.0,0.0,0.0,0.0,0.0,0.0,0.0
train,3215,4,IL|HL|PEG|CH,0.5|0.1|0.015|0.385,bone_marrow,bone_marrow:1,0.0,0.0,0.0,0.0,1.0,0.0,0.0,0.0,0.0
train,1523,4,IL|HL|PEG|CH,0.439391|0.300687|0.0100686|0.249853,lung_epithelium,lung_epithelium:1,1.0,0.0,0.0,0.0,0.0,0.0,0.0,0.0,0.0
train,1956,4,IL|HL|PEG|CH,0.450112|0.135467|0.0210646|0.393357,lung_epithelium,lung_epithelium:1,1.0,0.0,0.0,0.0,0.0,0.0,0.0,0.0,0.0
train,2756,4,IL|HL|PEG|CH,0.241329|0.254079|0.0302647|0.474328,lung_epithelium,lung_epithelium:1,1.0,0.0,0.0,0.0,0.0,0.0,0.0,0.0,0.0
train,2188,4,IL|HL|PEG|CH,0.395796|0.0992095|0.00976888|0.495226,lung_epithelium,lung_epithelium:1,1.0,0.0,0.0,0.0,0.0,0.0,0.0,0.0,0.0
train,2712,4,IL|HL|PEG|CH,0.431167|0.134034|0.022182|0.412616,lung_epithelium,lung_epithelium:1,1.0,0.0,0.0,0.0,0.0,0.0,0.0,0.0,0.0
train,1099,4,IL|HL|PEG|CH,0.35|0.16|0.025|0.465,muscle,muscle:1,0.0,0.0,1.0,0.0,0.0,0.0,0.0,0.0,0.0
train,826,4,IL|HL|PEG|CH,0.238095|0.238095|0.047619|0.47619,liver,liver:1,0.0,1.0,0.0,0.0,0.0,0.0,0.0,0.0,0.0
train,1619,4,IL|HL|PEG|CH,0.561009|0.153389|0.011051|0.274551,lung_epithelium,lung_epithelium:1,1.0,0.0,0.0,0.0,0.0,0.0,0.0,0.0,0.0
train,2309,4,IL|HL|PEG|CH,0.461843|0.0879118|0.00888046|0.441364,lung_epithelium,lung_epithelium:1,1.0,0.0,0.0,0.0,0.0,0.0,0.0,0.0,0.0
train,631,3,IL|HL|CH,0.406091|0.304569|0.28934,muscle,muscle:1,0.0,0.0,1.0,0.0,0.0,0.0,0.0,0.0,0.0
train,2624,4,IL|HL|PEG|CH,0.469329|0.086689|0.00875694|0.435225,lung_epithelium,lung_epithelium:1,1.0,0.0,0.0,0.0,0.0,0.0,0.0,0.0,0.0
train,1318,4,IL|HL|PEG|CH,0.511915|0.099385|0.0295957|0.359105,lung_epithelium,lung_epithelium:1,1.0,0.0,0.0,0.0,0.0,0.0,0.0,0.0,0.0
train,1977,4,IL|HL|PEG|CH,0.565098|0.15196|0.0109481|0.271994,lung_epithelium,lung_epithelium:1,1.0,0.0,0.0,0.0,0.0,0.0,0.0,0.0,0.0
train,2295,4,IL|HL|PEG|CH,0.387358|0.150926|0.0234686|0.438247,lung_epithelium,lung_epithelium:1,1.0,0.0,0.0,0.0,0.0,0.0,0.0,0.0,0.0
train,1622,4,IL|HL|PEG|CH,0.400875|0.321345|0.0107604|0.267019,lung_epithelium,lung_epithelium:1,1.0,0.0,0.0,0.0,0.0,0.0,0.0,0.0,0.0
train,2308,4,IL|HL|PEG|CH,0.462342|0.0882827|0.00869295|0.440682,lung_epithelium,lung_epithelium:1,1.0,0.0,0.0,0.0,0.0,0.0,0.0,0.0,0.0
train,483,4,IL|HL|PEG|CH,0.35|0.16|0.025|0.465,liver,liver:1,0.0,1.0,0.0,0.0,0.0,0.0,0.0,0.0,0.0
train,917,4,IL|HL|PEG|CH,0.5|0.1|0.015|0.385,liver,liver:0.5 + spleen:0.5,0.0,0.5,0.0,0.5,0.0,0.0,0.0,0.0,0.0
train,845,4,IL|HL|PEG|CH,0.5|0.1|0.015|0.385,liver,liver:0.5 + spleen:0.5,0.0,0.5,0.0,0.5,0.0,0.0,0.0,0.0,0.0
train,1721,4,IL|HL|PEG|CH,0.46769|0.10839|0.0322774|0.391643,lung_epithelium,lung_epithelium:1,1.0,0.0,0.0,0.0,0.0,0.0,0.0,0.0,0.0
train,22,4,IL|HL|PEG|CH,0.5|0.1|0.015|0.385,liver,liver:1,0.0,1.0,0.0,0.0,0.0,0.0,0.0,0.0,0.0
train,2850,4,IL|HL|PEG|CH,0.366211|0.272783|0.0244462|0.33656,lung_epithelium,lung_epithelium:1,1.0,0.0,0.0,0.0,0.0,0.0,0.0,0.0,0.0
train,2694,4,IL|HL|PEG|CH,0.416702|0.137443|0.0227461|0.423109,lung_epithelium,lung_epithelium:1,1.0,0.0,0.0,0.0,0.0,0.0,0.0,0.0,0.0
train,665,3,IL|HL|CH,0.406091|0.304569|0.28934,muscle,muscle:1,0.0,0.0,1.0,0.0,0.0,0.0,0.0,0.0,0.0
train,3299,4,IL|HL|PEG|CH,0.333333|0.133333|0.02|0.513333,ear,ear:1,0.0,0.0,0.0,0.0,0.0,0.0,0.0,0.0,1.0
train,989,4,IL|HL|PEG|CH,0.5|0.1|0.015|0.385,liver,liver:0.5 + spleen:0.5,0.0,0.5,0.0,0.5,0.0,0.0,0.0,0.0,0.0
train,2144,4,IL|HL|PEG|CH,0.404622|0.0977603|0.00962618|0.487992,lung_epithelium,lung_epithelium:1,1.0,0.0,0.0,0.0,0.0,0.0,0.0,0.0,0.0
train,3277,4,IL|HL|PEG|CH,0.5|0.1|0.015|0.385,bone_marrow,bone_marrow:1,0.0,0.0,0.0,0.0,1.0,0.0,0.0,0.0,0.0
train,1826,4,IL|HL|PEG|CH,0.363056|0.308415|0.0546161|0.273913,lung_epithelium,lung_epithelium:1,1.0,0.0,0.0,0.0,0.0,0.0,0.0,0.0,0.0
train,1344,4,IL|HL|PEG|CH,0.195216|0.30206|0.00996364|0.492761,lung_epithelium,lung_epithelium:1,1.0,0.0,0.0,0.0,0.0,0.0,0.0,0.0,0.0
train,1774,4,IL|HL|PEG|CH,0.369929|0.305087|0.0540268|0.270958,lung_epithelium,lung_epithelium:1,1.0,0.0,0.0,0.0,0.0,0.0,0.0,0.0,0.0
train,411,4,IL|HL|PEG|CH,0.35|0.16|0.025|0.465,liver,liver:1,0.0,1.0,0.0,0.0,0.0,0.0,0.0,0.0,0.0
train,1606,4,IL|HL|PEG|CH,0.374588|0.201606|0.0506952|0.373111,lung_epithelium,lung_epithelium:1,1.0,0.0,0.0,0.0,0.0,0.0,0.0,0.0,0.0
train,1341,4,IL|HL|PEG|CH,0.313246|0.169184|0.0263076|0.491262,lung_epithelium,lung_epithelium:1,1.0,0.0,0.0,0.0,0.0,0.0,0.0,0.0,0.0
train,2589,4,IL|HL|PEG|CH,0.513352|0.260518|0.00861438|0.217516,lung_epithelium,lung_epithelium:1,1.0,0.0,0.0,0.0,0.0,0.0,0.0,0.0,0.0
train,7,4,IL|HL|PEG|CH,0.5|0.1|0.015|0.385,liver,liver:1,0.0,1.0,0.0,0.0,0.0,0.0,0.0,0.0,0.0
train,1405,4,IL|HL|PEG|CH,0.197516|0.30111|0.0503045|0.45107,lung_epithelium,lung_epithelium:1,1.0,0.0,0.0,0.0,0.0,0.0,0.0,0.0,0.0
train,3079,4,IL|HL|PEG|CH,0.5|0.1|0.015|0.385,muscle,muscle:1,0.0,0.0,1.0,0.0,0.0,0.0,0.0,0.0,0.0
train,1014,4,IL|HL|PEG|CH,0.35|0.16|0.025|0.465,muscle,muscle:1,0.0,0.0,1.0,0.0,0.0,0.0,0.0,0.0,0.0
train,805,4,IL|HL|PEG|CH,0.238095|0.238095|0.047619|0.47619,liver,liver:1,0.0,1.0,0.0,0.0,0.0,0.0,0.0,0.0,0.0
train,926,4,IL|HL|PEG|CH,0.5|0.1|0.015|0.385,liver,liver:0.5 + spleen:0.5,0.0,0.5,0.0,0.5,0.0,0.0,0.0,0.0,0.0
train,1950,4,IL|HL|PEG|CH,0.516967|0.155709|0.039154|0.28817,lung_epithelium,lung_epithelium:1,1.0,0.0,0.0,0.0,0.0,0.0,0.0,0.0,0.0
train,3033,4,IL|HL|PEG|CH,0.366906|0.210528|0.0174479|0.405117,liver,liver:1,0.0,1.0,0.0,0.0,0.0,0.0,0.0,0.0,0.0
train,1251,4,IL|HL|PEG|CH,0.346124|0.1008|0.0502082|0.502868,lung_epithelium,lung_epithelium:1,1.0,0.0,0.0,0.0,0.0,0.0,0.0,0.0,0.0
train,1374,4,IL|HL|PEG|CH,0.50922|0.0999338|0.0297591|0.361087,lung_epithelium,lung_epithelium:1,1.0,0.0,0.0,0.0,0.0,0.0,0.0,0.0,0.0
train,2323,4,IL|HL|PEG|CH,0.658617|0.119283|0.00859385|0.213506,lung_epithelium,lung_epithelium:1,1.0,0.0,0.0,0.0,0.0,0.0,0.0,0.0,0.0
train,1502,4,IL|HL|PEG|CH,0.605612|0.0982202|0.0492027|0.246965,lung_epithelium,lung_epithelium:1,1.0,0.0,0.0,0.0,0.0,0.0,0.0,0.0,0.0
train,2611,4,IL|HL|PEG|CH,0.480272|0.251658|0.0445652|0.223505,lung_epithelium,lung_epithelium:1,1.0,0.0,0.0,0.0,0.0,0.0,0.0,0.0,0.0
train,1200,4,IL|HL|PEG|CH,0.500463|0.101717|0.0302901|0.36753,lung_epithelium,lung_epithelium:1,1.0,0.0,0.0,0.0,0.0,0.0,0.0,0.0,0.0
train,970,4,IL|HL|PEG|CH,0.5|0.1|0.015|0.385,liver,liver:0.5 + spleen:0.5,0.0,0.5,0.0,0.5,0.0,0.0,0.0,0.0,0.0
train,891,4,IL|HL|PEG|CH,0.5|0.1|0.015|0.385,liver,liver:0.5 + spleen:0.5,0.0,0.5,0.0,0.5,0.0,0.0,0.0,0.0,0.0
train,2039,4,IL|HL|PEG|CH,0.39965|0.300261|0.0501077|0.249982,lung_epithelium,lung_epithelium:1,1.0,0.0,0.0,0.0,0.0,0.0,0.0,0.0,0.0
train,679,3,IL|HL|CH,0.406091|0.304569|0.28934,muscle,muscle:1,0.0,0.0,1.0,0.0,0.0,0.0,0.0,0.0,0.0
train,12,4,IL|HL|PEG|CH,0.5|0.1|0.015|0.385,liver,liver:1,0.0,1.0,0.0,0.0,0.0,0.0,0.0,0.0,0.0
train,265,4,IL|HL|PEG|CH,0.35|0.16|0.025|0.465,liver,liver:1,0.0,1.0,0.0,0.0,0.0,0.0,0.0,0.0,0.0
train,1513,4,IL|HL|PEG|CH,0.319241|0.167707|0.026078|0.486974,lung_epithelium,lung_epithelium:1,1.0,0.0,0.0,0.0,0.0,0.0,0.0,0.0,0.0
train,428,4,IL|HL|PEG|CH,0.35|0.16|0.025|0.465,liver,liver:1,0.0,1.0,0.0,0.0,0.0,0.0,0.0,0.0,0.0
train,849,4,IL|HL|PEG|CH,0.5|0.1|0.015|0.385,liver,liver:0.5 + spleen:0.5,0.0,0.5,0.0,0.5,0.0,0.0,0.0,0.0,0.0
train,1738,4,IL|HL|PEG|CH,0.345469|0.210992|0.0530555|0.390483,lung_epithelium,lung_epithelium:1,1.0,0.0,0.0,0.0,0.0,0.0,0.0,0.0,0.0
train,798,3,IL|HL|CH,0.406091|0.304569|0.28934,muscle,muscle:1,0.0,0.0,1.0,0.0,0.0,0.0,0.0,0.0,0.0
train,1885,4,IL|HL|PEG|CH,0.457936|0.110376|0.0328688|0.398819,lung_epithelium,lung_epithelium:1,1.0,0.0,0.0,0.0,0.0,0.0,0.0,0.0,0.0
train,749,3,IL|HL|CH,0.406091|0.304569|0.28934,muscle,muscle:1,0.0,0.0,1.0,0.0,0.0,0.0,0.0,0.0,0.0
train,1870,4,IL|HL|PEG|CH,0.553296|0.11184|0.0559719|0.278892,lung_epithelium,lung_epithelium:1,1.0,0.0,0.0,0.0,0.0,0.0,0.0,0.0,0.0
train,2633,4,IL|HL|PEG|CH,0.575405|0.086457|0.0257459|0.312392,lung_epithelium,lung_epithelium:1,1.0,0.0,0.0,0.0,0.0,0.0,0.0,0.0,0.0
train,1171,4,IL|HL|PEG|CH,0.381098|0.0954084|0.0475227|0.475971,lung_epithelium,lung_epithelium:1,1.0,0.0,0.0,0.0,0.0,0.0,0.0,0.0,0.0
train,2921,4,IL|HL|PEG|CH,0.35|0.16|0.025|0.465,liver,liver:0.2 + spleen:0.2 + heart:0.2 + lung:0.2 + kidney:0.2,0.0,0.20000000298023224,0.0,0.20000000298023224,0.0,0.20000000298023224,0.20000000298023224,0.20000000298023224,0.0
train,700,3,IL|HL|CH,0.406091|0.304569|0.28934,muscle,muscle:1,0.0,0.0,1.0,0.0,0.0,0.0,0.0,0.0,0.0
train,587,3,IL|HL|CH,0.406091|0.304569|0.28934,muscle,muscle:1,0.0,0.0,1.0,0.0,0.0,0.0,0.0,0.0,0.0
train,446,4,IL|HL|PEG|CH,0.35|0.16|0.025|0.465,liver,liver:1,0.0,1.0,0.0,0.0,0.0,0.0,0.0,0.0,0.0
train,1279,4,IL|HL|PEG|CH,0.20595|0.265927|0.031676|0.496447,lung_epithelium,lung_epithelium:1,1.0,0.0,0.0,0.0,0.0,0.0,0.0,0.0,0.0
train,2029,4,IL|HL|PEG|CH,0.271626|0.405397|0.0104595|0.312518,lung_epithelium,lung_epithelium:1,1.0,0.0,0.0,0.0,0.0,0.0,0.0,0.0,0.0
train,430,4,IL|HL|PEG|CH,0.35|0.16|0.025|0.465,liver,liver:1,0.0,1.0,0.0,0.0,0.0,0.0,0.0,0.0,0.0
train,2753,4,IL|HL|PEG|CH,0.500133|0.267594|0.00884837|0.223425,lung_epithelium,lung_epithelium:1,1.0,0.0,0.0,0.0,0.0,0.0,0.0,0.0,0.0
train,1462,4,IL|HL|PEG|CH,0.343381|0.161944|0.0252368|0.469438,lung_epithelium,lung_epithelium:1,1.0,0.0,0.0,0.0,0.0,0.0,0.0,0.0,0.0
train,886,4,IL|HL|PEG|CH,0.5|0.1|0.015|0.385,liver,liver:0.5 + spleen:0.5,0.0,0.5,0.0,0.5,0.0,0.0,0.0,0.0,0.0
train,2630,4,IL|HL|PEG|CH,0.675736|0.0811851|0.0406302|0.202448,lung_epithelium,lung_epithelium:1,1.0,0.0,0.0,0.0,0.0,0.0,0.0,0.0,0.0
train,857,4,IL|HL|PEG|CH,0.5|0.1|0.015|0.385,liver,liver:0.5 + spleen:0.5,0.0,0.5,0.0,0.5,0.0,0.0,0.0,0.0,0.0
train,785,3,IL|HL|CH,0.406091|0.304569|0.28934,muscle,muscle:1,0.0,0.0,1.0,0.0,0.0,0.0,0.0,0.0,0.0
train,2121,4,IL|HL|PEG|CH,0.41203|0.294069|0.0490744|0.244827,lung_epithelium,lung_epithelium:1,1.0,0.0,0.0,0.0,0.0,0.0,0.0,0.0,0.0
train,1543,4,IL|HL|PEG|CH,0.40026|0.2904|0.051426|0.257914,lung_epithelium,lung_epithelium:1,1.0,0.0,0.0,0.0,0.0,0.0,0.0,0.0,0.0
train,1232,4,IL|HL|PEG|CH,0.374563|0.312808|0.0522015|0.260428,lung_epithelium,lung_epithelium:1,1.0,0.0,0.0,0.0,0.0,0.0,0.0,0.0,0.0
train,1249,4,IL|HL|PEG|CH,0.197516|0.30111|0.0503045|0.45107,lung_epithelium,lung_epithelium:1,1.0,0.0,0.0,0.0,0.0,0.0,0.0,0.0,0.0
train,1537,4,IL|HL|PEG|CH,0.313238|0.169186|0.0263079|0.491268,lung_epithelium,lung_epithelium:1,1.0,0.0,0.0,0.0,0.0,0.0,0.0,0.0,0.0
train,2948,4,IL|HL|PEG|CH,0.428571|0.114286|0.0171429|0.44,ear,ear:1,0.0,0.0,0.0,0.0,0.0,0.0,0.0,0.0,1.0
train,760,3,IL|HL|CH,0.406091|0.304569|0.28934,muscle,muscle:1,0.0,0.0,1.0,0.0,0.0,0.0,0.0,0.0,0.0
train,2095,4,IL|HL|PEG|CH,0.355804|0.151792|0.0251209|0.467283,lung_epithelium,lung_epithelium:1,1.0,0.0,0.0,0.0,0.0,0.0,0.0,0.0,0.0
train,425,4,IL|HL|PEG|CH,0.35|0.16|0.025|0.465,liver,liver:1,0.0,1.0,0.0,0.0,0.0,0.0,0.0,0.0,0.0
train,620,3,IL|HL|CH,0.406091|0.304569|0.28934,muscle,muscle:1,0.0,0.0,1.0,0.0,0.0,0.0,0.0,0.0,0.0
train,2072,4,IL|HL|PEG|CH,0.199717|0.268015|0.0319247|0.500344,lung_epithelium,lung_epithelium:1,1.0,0.0,0.0,0.0,0.0,0.0,0.0,0.0,0.0
train,3138,4,IL|HL|PEG|CH,0.5|0.1|0.015|0.385,muscle,muscle:1,0.0,0.0,1.0,0.0,0.0,0.0,0.0,0.0,0.0
train,388,4,IL|HL|PEG|CH,0.35|0.16|0.025|0.465,liver,liver:1,0.0,1.0,0.0,0.0,0.0,0.0,0.0,0.0,0.0
train,2989,4,IL|HL|PEG|CH,0.345117|0.217774|0.0180484|0.41906,liver,liver:1,0.0,1.0,0.0,0.0,0.0,0.0,0.0,0.0,0.0
train,2819,4,IL|HL|PEG|CH,0.316575|0.10669|0.0111567|0.565578,lung_epithelium,lung_epithelium:1,1.0,0.0,0.0,0.0,0.0,0.0,0.0,0.0,0.0
train,449,4,IL|HL|PEG|CH,0.35|0.16|0.025|0.465,liver,liver:1,0.0,1.0,0.0,0.0,0.0,0.0,0.0,0.0,0.0
train,1290,4,IL|HL|PEG|CH,0.475903|0.106718|0.0317793|0.3856,lung_epithelium,lung_epithelium:1,1.0,0.0,0.0,0.0,0.0,0.0,0.0,0.0,0.0
train,2950,4,IL|HL|PEG|CH,0.333333|0.133333|0.02|0.513333,ear,ear:1,0.0,0.0,0.0,0.0,0.0,0.0,0.0,0.0,1.0
train,2986,4,IL|HL|PEG|CH,0.321504|0.225626|0.0186991|0.43417,liver,liver:1,0.0,1.0,0.0,0.0,0.0,0.0,0.0,0.0,0.0
train,3225,4,IL|HL|PEG|CH,0.5|0.1|0.015|0.385,bone_marrow,bone_marrow:1,0.0,0.0,0.0,0.0,1.0,0.0,0.0,0.0,0.0
train,2316,4,IL|HL|PEG|CH,0.376701|0.153552|0.0238768|0.445871,lung_epithelium,lung_epithelium:1,1.0,0.0,0.0,0.0,0.0,0.0,0.0,0.0,0.0
train,2691,4,IL|HL|PEG|CH,0.455103|0.0894713|0.00880999|0.446616,lung_epithelium,lung_epithelium:1,1.0,0.0,0.0,0.0,0.0,0.0,0.0,0.0,0.0
train,1376,4,IL|HL|PEG|CH,0.602914|0.138747|0.00999609|0.248343,lung_epithelium,lung_epithelium:1,1.0,0.0,0.0,0.0,0.0,0.0,0.0,0.0,0.0
train,2245,4,IL|HL|PEG|CH,0.360137|0.09989|0.0104455|0.529528,lung_epithelium,lung_epithelium:1,1.0,0.0,0.0,0.0,0.0,0.0,0.0,0.0,0.0
train,1838,4,IL|HL|PEG|CH,0.348503|0.101706|0.0106354|0.539155,lung_epithelium,lung_epithelium:1,1.0,0.0,0.0,0.0,0.0,0.0,0.0,0.0,0.0
train,228,4,IL|HL|PEG|CH,0.35|0.16|0.025|0.465,liver,liver:1,0.0,1.0,0.0,0.0,0.0,0.0,0.0,0.0,0.0
train,1351,4,IL|HL|PEG|CH,0.432574|0.304343|0.0101911|0.252892,lung_epithelium,lung_epithelium:1,1.0,0.0,0.0,0.0,0.0,0.0,0.0,0.0,0.0
train,934,4,IL|HL|PEG|CH,0.5|0.1|0.015|0.385,liver,liver:0.5 + spleen:0.5,0.0,0.5,0.0,0.5,0.0,0.0,0.0,0.0,0.0
train,1862,4,IL|HL|PEG|CH,0.349829|0.101499|0.0106138|0.538058,lung_epithelium,lung_epithelium:1,1.0,0.0,0.0,0.0,0.0,0.0,0.0,0.0,0.0
train,342,4,IL|HL|PEG|CH,0.35|0.16|0.025|0.465,liver,liver:1,0.0,1.0,0.0,0.0,0.0,0.0,0.0,0.0,0.0
train,1331,4,IL|HL|PEG|CH,0.599977|0.100153|0.0501228|0.249747,lung_epithelium,lung_epithelium:1,1.0,0.0,0.0,0.0,0.0,0.0,0.0,0.0,0.0
train,553,3,IL|HL|CH,0.406091|0.304569|0.28934,muscle,muscle:1,0.0,0.0,1.0,0.0,0.0,0.0,0.0,0.0,0.0
train,1578,4,IL|HL|PEG|CH,0.174951|0.276309|0.0329126|0.515828,lung_epithelium,lung_epithelium:1,1.0,0.0,0.0,0.0,0.0,0.0,0.0,0.0,0.0
train,923,4,IL|HL|PEG|CH,0.5|0.1|0.015|0.385,liver,liver:0.5 + spleen:0.5,0.0,0.5,0.0,0.5,0.0,0.0,0.0,0.0,0.0
train,1427,4,IL|HL|PEG|CH,0.402861|0.32028|0.0107247|0.266135,lung_epithelium,lung_epithelium:1,1.0,0.0,0.0,0.0,0.0,0.0,0.0,0.0,0.0
train,1681,4,IL|HL|PEG|CH,0.175423|0.309488|0.0102087|0.50488,lung_epithelium,lung_epithelium:1,1.0,0.0,0.0,0.0,0.0,0.0,0.0,0.0,0.0
train,838,4,IL|HL|PEG|CH,0.5|0.1|0.015|0.385,liver,liver:0.5 + spleen:0.5,0.0,0.5,0.0,0.5,0.0,0.0,0.0,0.0,0.0
train,1098,4,IL|HL|PEG|CH,0.35|0.16|0.025|0.465,muscle,muscle:1,0.0,0.0,1.0,0.0,0.0,0.0,0.0,0.0,0.0
train,1486,4,IL|HL|PEG|CH,0.355355|0.158991|0.0247765|0.460878,lung_epithelium,lung_epithelium:1,1.0,0.0,0.0,0.0,0.0,0.0,0.0,0.0,0.0
train,1061,4,IL|HL|PEG|CH,0.35|0.16|0.025|0.465,muscle,muscle:1,0.0,0.0,1.0,0.0,0.0,0.0,0.0,0.0,0.0
train,2396,4,IL|HL|PEG|CH,0.652872|0.0868281|0.00866989|0.25163,lung_epithelium,lung_epithelium:1,1.0,0.0,0.0,0.0,0.0,0.0,0.0,0.0,0.0
train,867,4,IL|HL|PEG|CH,0.5|0.1|0.015|0.385,liver,liver:0.5 + spleen:0.5,0.0,0.5,0.0,0.5,0.0,0.0,0.0,0.0,0.0
train,1753,4,IL|HL|PEG|CH,0.365893|0.317144|0.0529252|0.264038,lung_epithelium,lung_epithelium:1,1.0,0.0,0.0,0.0,0.0,0.0,0.0,0.0,0.0
train,2024,4,IL|HL|PEG|CH,0.352434|0.208747|0.0524909|0.386328,lung_epithelium,lung_epithelium:1,1.0,0.0,0.0,0.0,0.0,0.0,0.0,0.0,0.0
train,1085,4,IL|HL|PEG|CH,0.35|0.16|0.025|0.465,muscle,muscle:1,0.0,0.0,1.0,0.0,0.0,0.0,0.0,0.0,0.0
train,1566,4,IL|HL|PEG|CH,0.368515|0.305771|0.054148|0.271566,lung_epithelium,lung_epithelium:1,1.0,0.0,0.0,0.0,0.0,0.0,0.0,0.0,0.0
train,1172,4,IL|HL|PEG|CH,0.473581|0.281808|0.00931838|0.235293,lung_epithelium,lung_epithelium:1,1.0,0.0,0.0,0.0,0.0,0.0,0.0,0.0,0.0
train,2120,4,IL|HL|PEG|CH,0.392057|0.195974|0.0492791|0.362689,lung_epithelium,lung_epithelium:1,1.0,0.0,0.0,0.0,0.0,0.0,0.0,0.0,0.0
train,2594,4,IL|HL|PEG|CH,0.464144|0.0836532|0.00874764|0.443455,lung_epithelium,lung_epithelium:1,1.0,0.0,0.0,0.0,0.0,0.0,0.0,0.0,0.0
train,2053,4,IL|HL|PEG|CH,0.271976|0.405202|0.0104545|0.312368,lung_epithelium,lung_epithelium:1,1.0,0.0,0.0,0.0,0.0,0.0,0.0,0.0,0.0
train,3185,4,IL|HL|PEG|CH,0.5|0.1|0.015|0.385,bone_marrow,bone_marrow:1,0.0,0.0,0.0,0.0,1.0,0.0,0.0,0.0,0.0
train,1030,4,IL|HL|PEG|CH,0.35|0.16|0.025|0.465,muscle,muscle:1,0.0,0.0,1.0,0.0,0.0,0.0,0.0,0.0,0.0
train,484,4,IL|HL|PEG|CH,0.35|0.16|0.025|0.465,liver,liver:1,0.0,1.0,0.0,0.0,0.0,0.0,0.0,0.0,0.0
train,1414,4,IL|HL|PEG|CH,0.316386|0.168602|0.0262743|0.488738,lung_epithelium,lung_epithelium:1,1.0,0.0,0.0,0.0,0.0,0.0,0.0,0.0,0.0
train,887,4,IL|HL|PEG|CH,0.5|0.1|0.015|0.385,liver,liver:0.5 + spleen:0.5,0.0,0.5,0.0,0.5,0.0,0.0,0.0,0.0,0.0
train,1067,4,IL|HL|PEG|CH,0.35|0.16|0.025|0.465,muscle,muscle:1,0.0,0.0,1.0,0.0,0.0,0.0,0.0,0.0,0.0
train,981,4,IL|HL|PEG|CH,0.5|0.1|0.015|0.385,liver,liver:0.5 + spleen:0.5,0.0,0.5,0.0,0.5,0.0,0.0,0.0,0.0,0.0
train,3032,4,IL|HL|PEG|CH,0.362197|0.212094|0.0175776|0.408131,liver,liver:1,0.0,1.0,0.0,0.0,0.0,0.0,0.0,0.0,0.0
train,2707,4,IL|HL|PEG|CH,0.427213|0.0882994|0.0439817|0.440506,lung_epithelium,lung_epithelium:1,1.0,0.0,0.0,0.0,0.0,0.0,0.0,0.0,0.0
train,346,4,IL|HL|PEG|CH,0.35|0.16|0.025|0.465,liver,liver:1,0.0,1.0,0.0,0.0,0.0,0.0,0.0,0.0,0.0
train,1553,4,IL|HL|PEG|CH,0.38284|0.101337|0.00997835|0.505845,lung_epithelium,lung_epithelium:1,1.0,0.0,0.0,0.0,0.0,0.0,0.0,0.0,0.0
train,1941,4,IL|HL|PEG|CH,0.39449|0.337013|0.00869516|0.259801,lung_epithelium,lung_epithelium:1,1.0,0.0,0.0,0.0,0.0,0.0,0.0,0.0,0.0
train,1100,4,IL|HL|PEG|CH,0.35|0.16|0.025|0.465,muscle,muscle:1,0.0,0.0,1.0,0.0,0.0,0.0,0.0,0.0,0.0
train,1399,4,IL|HL|PEG|CH,0.403573|0.288796|0.0511419|0.256489,lung_epithelium,lung_epithelium:1,1.0,0.0,0.0,0.0,0.0,0.0,0.0,0.0,0.0
train,3278,4,IL|HL|PEG|CH,0.5|0.1|0.015|0.385,bone_marrow,bone_marrow:1,0.0,0.0,0.0,0.0,1.0,0.0,0.0,0.0,0.0
train,433,4,IL|HL|PEG|CH,0.35|0.16|0.025|0.465,liver,liver:1,0.0,1.0,0.0,0.0,0.0,0.0,0.0,0.0,0.0
train,1080,4,IL|HL|PEG|CH,0.35|0.16|0.025|0.465,muscle,muscle:1,0.0,0.0,1.0,0.0,0.0,0.0,0.0,0.0,0.0
train,879,4,IL|HL|PEG|CH,0.5|0.1|0.015|0.385,liver,liver:0.5 + spleen:0.5,0.0,0.5,0.0,0.5,0.0,0.0,0.0,0.0,0.0
train,1210,4,IL|HL|PEG|CH,0.356376|0.0989228|0.0493666|0.495335,lung_epithelium,lung_epithelium:1,1.0,0.0,0.0,0.0,0.0,0.0,0.0,0.0,0.0
train,517,4,IL|HL|PEG|CH,0.35|0.16|0.025|0.465,liver,liver:1,0.0,1.0,0.0,0.0,0.0,0.0,0.0,0.0,0.0
train,1746,4,IL|HL|PEG|CH,0.564877|0.108839|0.0108677|0.315417,lung_epithelium,lung_epithelium:1,1.0,0.0,0.0,0.0,0.0,0.0,0.0,0.0,0.0
train,2046,4,IL|HL|PEG|CH,0.389214|0.10029|0.00987529|0.50062,lung_epithelium,lung_epithelium:1,1.0,0.0,0.0,0.0,0.0,0.0,0.0,0.0,0.0
train,1702,4,IL|HL|PEG|CH,0.40069|0.321444|0.0107637|0.267102,lung_epithelium,lung_epithelium:1,1.0,0.0,0.0,0.0,0.0,0.0,0.0,0.0,0.0
train,963,4,IL|HL|PEG|CH,0.5|0.1|0.015|0.385,liver,liver:0.5 + spleen:0.5,0.0,0.5,0.0,0.5,0.0,0.0,0.0,0.0,0.0
train,588,3,IL|HL|CH,0.406091|0.304569|0.28934,muscle,muscle:1,0.0,0.0,1.0,0.0,0.0,0.0,0.0,0.0,0.0
train,1845,4,IL|HL|PEG|CH,0.172442|0.310607|0.0102456|0.506705,lung_epithelium,lung_epithelium:1,1.0,0.0,0.0,0.0,0.0,0.0,0.0,0.0,0.0
train,942,4,IL|HL|PEG|CH,0.5|0.1|0.015|0.385,liver,liver:0.5 + spleen:0.5,0.0,0.5,0.0,0.5,0.0,0.0,0.0,0.0,0.0
train,3126,4,IL|HL|PEG|CH,0.5|0.1|0.015|0.385,muscle,muscle:1,0.0,0.0,1.0,0.0,0.0,0.0,0.0,0.0,0.0
train,1518,4,IL|HL|PEG|CH,0.505677|0.100655|0.029974|0.363694,lung_epithelium,lung_epithelium:1,1.0,0.0,0.0,0.0,0.0,0.0,0.0,0.0,0.0
train,3246,4,IL|HL|PEG|CH,0.5|0.1|0.015|0.385,bone_marrow,bone_marrow:1,0.0,0.0,0.0,0.0,1.0,0.0,0.0,0.0,0.0
train,1771,4,IL|HL|PEG|CH,0.175861|0.309324|0.0102033|0.504612,lung_epithelium,lung_epithelium:1,1.0,0.0,0.0,0.0,0.0,0.0,0.0,0.0,0.0
train,2297,4,IL|HL|PEG|CH,0.668992|0.082796|0.00826729|0.239945,lung_epithelium,lung_epithelium:1,1.0,0.0,0.0,0.0,0.0,0.0,0.0,0.0,0.0
train,1912,4,IL|HL|PEG|CH,0.380306|0.199762|0.0502316|0.3697,lung_epithelium,lung_epithelium:1,1.0,0.0,0.0,0.0,0.0,0.0,0.0,0.0,0.0
train,2124,4,IL|HL|PEG|CH,0.207931|0.297201|0.0496516|0.445216,lung_epithelium,lung_epithelium:1,1.0,0.0,0.0,0.0,0.0,0.0,0.0,0.0,0.0
train,175,4,IL|HL|PEG|CH,0.35|0.16|0.025|0.465,liver,liver:1,0.0,1.0,0.0,0.0,0.0,0.0,0.0,0.0,0.0
train,2783,4,IL|HL|PEG|CH,0.240916|0.254217|0.0302812|0.474586,lung_epithelium,lung_epithelium:1,1.0,0.0,0.0,0.0,0.0,0.0,0.0,0.0,0.0
train,1894,4,IL|HL|PEG|CH,0.307143|0.106809|0.0532013|0.532846,lung_epithelium,lung_epithelium:1,1.0,0.0,0.0,0.0,0.0,0.0,0.0,0.0,0.0
train,1466,4,IL|HL|PEG|CH,0.342744|0.101018|0.0504122|0.505826,lung_epithelium,lung_epithelium:1,1.0,0.0,0.0,0.0,0.0,0.0,0.0,0.0,0.0
train,2289,4,IL|HL|PEG|CH,0.349814|0.101501|0.010614|0.53807,lung_epithelium,lung_epithelium:1,1.0,0.0,0.0,0.0,0.0,0.0,0.0,0.0,0.0
train,2967,4,IL|HL|PEG|CH,0.393167|0.201796|0.0167241|0.388313,liver,liver:1,0.0,1.0,0.0,0.0,0.0,0.0,0.0,0.0,0.0
train,117,4,IL|HL|PEG|CH,0.3|0.39|0.01|0.3,lung_epithelium,lung_epithelium:0.5 + muscle:0.5,0.5,0.0,0.5,0.0,0.0,0.0,0.0,0.0,0.0
train,676,3,IL|HL|CH,0.406091|0.304569|0.28934,muscle,muscle:1,0.0,0.0,1.0,0.0,0.0,0.0,0.0,0.0,0.0
train,1784,4,IL|HL|PEG|CH,0.561897|0.109584|0.0109421|0.317577,lung_epithelium,lung_epithelium:1,1.0,0.0,0.0,0.0,0.0,0.0,0.0,0.0,0.0
train,1432,4,IL|HL|PEG|CH,0.403005|0.319589|0.0105677|0.266837,lung_epithelium,lung_epithelium:1,1.0,0.0,0.0,0.0,0.0,0.0,0.0,0.0,0.0
train,1093,4,IL|HL|PEG|CH,0.35|0.16|0.025|0.465,muscle,muscle:1,0.0,0.0,1.0,0.0,0.0,0.0,0.0,0.0,0.0
train,2242,4,IL|HL|PEG|CH,0.35746|0.104964|0.010603|0.526974,lung_epithelium,lung_epithelium:1,1.0,0.0,0.0,0.0,0.0,0.0,0.0,0.0,0.0
train,482,4,IL|HL|PEG|CH,0.35|0.16|0.025|0.465,liver,liver:1,0.0,1.0,0.0,0.0,0.0,0.0,0.0,0.0,0.0
train,985,4,IL|HL|PEG|CH,0.5|0.1|0.015|0.385,liver,liver:0.5 + spleen:0.5,0.0,0.5,0.0,0.5,0.0,0.0,0.0,0.0,0.0
train,964,4,IL|HL|PEG|CH,0.5|0.1|0.015|0.385,liver,liver:0.5 + spleen:0.5,0.0,0.5,0.0,0.5,0.0,0.0,0.0,0.0,0.0
train,2795,4,IL|HL|PEG|CH,0.458645|0.0845117|0.00883742|0.448006,lung_epithelium,lung_epithelium:1,1.0,0.0,0.0,0.0,0.0,0.0,0.0,0.0,0.0
train,144,4,IL|HL|PEG|CH,0.3|0.39|0.01|0.3,lung_epithelium,lung_epithelium:1,1.0,0.0,0.0,0.0,0.0,0.0,0.0,0.0,0.0
train,79,4,IL|HL|PEG|CH,0.5|0.1|0.015|0.385,liver,liver:1,0.0,1.0,0.0,0.0,0.0,0.0,0.0,0.0,0.0
train,18,4,IL|HL|PEG|CH,0.5|0.1|0.015|0.385,liver,liver:1,0.0,1.0,0.0,0.0,0.0,0.0,0.0,0.0,0.0
train,2704,4,IL|HL|PEG|CH,0.476528|0.08172|0.00854548|0.433207,lung_epithelium,lung_epithelium:1,1.0,0.0,0.0,0.0,0.0,0.0,0.0,0.0,0.0
train,925,4,IL|HL|PEG|CH,0.5|0.1|0.015|0.385,liver,liver:0.5 + spleen:0.5,0.0,0.5,0.0,0.5,0.0,0.0,0.0,0.0,0.0
train,2448,4,IL|HL|PEG|CH,0.676962|0.0808024|0.00806822|0.234167,lung_epithelium,lung_epithelium:1,1.0,0.0,0.0,0.0,0.0,0.0,0.0,0.0,0.0
train,987,4,IL|HL|PEG|CH,0.5|0.1|0.015|0.385,liver,liver:0.5 + spleen:0.5,0.0,0.5,0.0,0.5,0.0,0.0,0.0,0.0,0.0
train,360,4,IL|HL|PEG|CH,0.35|0.16|0.025|0.465,liver,liver:1,0.0,1.0,0.0,0.0,0.0,0.0,0.0,0.0,0.0
train,147,4,IL|HL|PEG|CH,0.3|0.39|0.01|0.3,lung_epithelium,lung_epithelium:1,1.0,0.0,0.0,0.0,0.0,0.0,0.0,0.0,0.0
train,734,3,IL|HL|CH,0.406091|0.304569|0.28934,muscle,muscle:1,0.0,0.0,1.0,0.0,0.0,0.0,0.0,0.0,0.0
train,318,4,IL|HL|PEG|CH,0.35|0.16|0.025|0.465,liver,liver:1,0.0,1.0,0.0,0.0,0.0,0.0,0.0,0.0,0.0
train,765,3,IL|HL|CH,0.406091|0.304569|0.28934,muscle,muscle:1,0.0,0.0,1.0,0.0,0.0,0.0,0.0,0.0,0.0
train,2933,4,IL|HL|PEG|CH,0.35|0.16|0.025|0.465,liver,liver:0.2 + spleen:0.2 + heart:0.2 + lung:0.2 + kidney:0.2,0.0,0.20000000298023224,0.0,0.20000000298023224,0.0,0.20000000298023224,0.20000000298023224,0.20000000298023224,0.0
train,2764,4,IL|HL|PEG|CH,0.443741|0.0908689|0.00917917|0.456211,lung_epithelium,lung_epithelium:1,1.0,0.0,0.0,0.0,0.0,0.0,0.0,0.0,0.0
train,1917,4,IL|HL|PEG|CH,0.599861|0.0996525|0.0499202|0.250567,lung_epithelium,lung_epithelium:1,1.0,0.0,0.0,0.0,0.0,0.0,0.0,0.0,0.0
train,1246,4,IL|HL|PEG|CH,0.396509|0.301832|0.0503699|0.25129,lung_epithelium,lung_epithelium:1,1.0,0.0,0.0,0.0,0.0,0.0,0.0,0.0,0.0
train,3084,4,IL|HL|PEG|CH,0.5|0.1|0.015|0.385,muscle,muscle:1,0.0,0.0,1.0,0.0,0.0,0.0,0.0,0.0,0.0
train,2941,4,IL|HL|PEG|CH,0.35|0.16|0.025|0.465,liver,liver:0.2 + spleen:0.2 + heart:0.2 + lung:0.2 + kidney:0.2,0.0,0.20000000298023224,0.0,0.20000000298023224,0.0,0.20000000298023224,0.20000000298023224,0.20000000298023224,0.0
train,3142,4,IL|HL|PEG|CH,0.4|0.3|0.015|0.285,muscle,muscle:1,0.0,0.0,1.0,0.0,0.0,0.0,0.0,0.0,0.0
train,191,4,IL|HL|PEG|CH,0.35|0.16|0.025|0.465,liver,liver:1,0.0,1.0,0.0,0.0,0.0,0.0,0.0,0.0,0.0
train,468,4,IL|HL|PEG|CH,0.35|0.16|0.025|0.465,liver,liver:1,0.0,1.0,0.0,0.0,0.0,0.0,0.0,0.0,0.0
train,6,4,IL|HL|PEG|CH,0.5|0.1|0.015|0.385,liver,liver:1,0.0,1.0,0.0,0.0,0.0,0.0,0.0,0.0,0.0
train,3180,4,IL|HL|PEG|CH,0.5|0.1|0.015|0.385,bone_marrow,bone_marrow:1,0.0,0.0,0.0,0.0,1.0,0.0,0.0,0.0,0.0
train,612,3,IL|HL|CH,0.406091|0.304569|0.28934,muscle,muscle:1,0.0,0.0,1.0,0.0,0.0,0.0,0.0,0.0,0.0
train,1993,4,IL|HL|PEG|CH,0.244982|0.420226|0.0108421|0.32395,lung_epithelium,lung_epithelium:1,1.0,0.0,0.0,0.0,0.0,0.0,0.0,0.0,0.0
train,291,4,IL|HL|PEG|CH,0.35|0.16|0.025|0.465,liver,liver:1,0.0,1.0,0.0,0.0,0.0,0.0,0.0,0.0,0.0
train,1583,4,IL|HL|PEG|CH,0.272679|0.404811|0.0104444|0.312066,lung_epithelium,lung_epithelium:1,1.0,0.0,0.0,0.0,0.0,0.0,0.0,0.0,0.0
train,1292,4,IL|HL|PEG|CH,0.570594|0.150039|0.0108097|0.268556,lung_epithelium,lung_epithelium:1,1.0,0.0,0.0,0.0,0.0,0.0,0.0,0.0,0.0
train,3018,4,IL|HL|PEG|CH,0.334606|0.221269|0.018338|0.425786,liver,liver:1,0.0,1.0,0.0,0.0,0.0,0.0,0.0,0.0,0.0
train,948,4,IL|HL|PEG|CH,0.5|0.1|0.015|0.385,liver,liver:0.5 + spleen:0.5,0.0,0.5,0.0,0.5,0.0,0.0,0.0,0.0,0.0
train,323,4,IL|HL|PEG|CH,0.35|0.16|0.025|0.465,liver,liver:1,0.0,1.0,0.0,0.0,0.0,0.0,0.0,0.0,0.0
train,3195,4,IL|HL|PEG|CH,0.5|0.1|0.015|0.385,bone_marrow,bone_marrow:1,0.0,0.0,0.0,0.0,1.0,0.0,0.0,0.0,0.0
train,986,4,IL|HL|PEG|CH,0.5|0.1|0.015|0.385,liver,liver:0.5 + spleen:0.5,0.0,0.5,0.0,0.5,0.0,0.0,0.0,0.0,0.0
train,2649,4,IL|HL|PEG|CH,0.534222|0.116|0.0581091|0.29167,lung_epithelium,lung_epithelium:1,1.0,0.0,0.0,0.0,0.0,0.0,0.0,0.0,0.0
train,1662,4,IL|HL|PEG|CH,0.346145|0.210775|0.0530007|0.39008,lung_epithelium,lung_epithelium:1,1.0,0.0,0.0,0.0,0.0,0.0,0.0,0.0,0.0
train,2462,4,IL|HL|PEG|CH,0.67005|0.0825314|0.00824087|0.239178,lung_epithelium,lung_epithelium:1,1.0,0.0,0.0,0.0,0.0,0.0,0.0,0.0,0.0
train,844,4,IL|HL|PEG|CH,0.5|0.1|0.015|0.385,liver,liver:0.5 + spleen:0.5,0.0,0.5,0.0,0.5,0.0,0.0,0.0,0.0,0.0
train,1320,4,IL|HL|PEG|CH,0.605493|0.137845|0.00993116|0.24673,lung_epithelium,lung_epithelium:1,1.0,0.0,0.0,0.0,0.0,0.0,0.0,0.0,0.0
train,2302,4,IL|HL|PEG|CH,0.668693|0.115763|0.0083402|0.207204,lung_epithelium,lung_epithelium:1,1.0,0.0,0.0,0.0,0.0,0.0,0.0,0.0,0.0
train,2381,4,IL|HL|PEG|CH,0.247694|0.282363|0.00931394|0.460629,lung_epithelium,lung_epithelium:1,1.0,0.0,0.0,0.0,0.0,0.0,0.0,0.0,0.0
train,148,4,IL|HL|PEG|CH,0.3|0.39|0.01|0.3,lung_epithelium,lung_epithelium:1,1.0,0.0,0.0,0.0,0.0,0.0,0.0,0.0,0.0
train,1309,4,IL|HL|PEG|CH,0.432574|0.304343|0.0101911|0.252892,lung_epithelium,lung_epithelium:1,1.0,0.0,0.0,0.0,0.0,0.0,0.0,0.0,0.0
train,2828,4,IL|HL|PEG|CH,0.305447|0.298936|0.02679|0.368827,lung_epithelium,lung_epithelium:1,1.0,0.0,0.0,0.0,0.0,0.0,0.0,0.0,0.0
train,2700,4,IL|HL|PEG|CH,0.474126|0.0863477|0.00850242|0.431024,lung_epithelium,lung_epithelium:1,1.0,0.0,0.0,0.0,0.0,0.0,0.0,0.0,0.0
train,2084,4,IL|HL|PEG|CH,0.409934|0.285716|0.0505965|0.253754,lung_epithelium,lung_epithelium:1,1.0,0.0,0.0,0.0,0.0,0.0,0.0,0.0,0.0
train,1362,4,IL|HL|PEG|CH,0.560086|0.153711|0.0110742|0.275129,lung_epithelium,lung_epithelium:1,1.0,0.0,0.0,0.0,0.0,0.0,0.0,0.0,0.0
train,507,4,IL|HL|PEG|CH,0.35|0.16|0.025|0.465,liver,liver:1,0.0,1.0,0.0,0.0,0.0,0.0,0.0,0.0,0.0
train,3061,4,IL|HL|PEG|CH,0.5|0.1|0.015|0.385,muscle,muscle:1,0.0,0.0,1.0,0.0,0.0,0.0,0.0,0.0,0.0
train,1476,4,IL|HL|PEG|CH,0.262241|0.203561|0.0303012|0.503898,lung_epithelium,lung_epithelium:1,1.0,0.0,0.0,0.0,0.0,0.0,0.0,0.0,0.0
train,1268,4,IL|HL|PEG|CH,0.60895|0.136637|0.00984413|0.244568,lung_epithelium,lung_epithelium:1,1.0,0.0,0.0,0.0,0.0,0.0,0.0,0.0,0.0
train,254,4,IL|HL|PEG|CH,0.35|0.16|0.025|0.465,liver,liver:1,0.0,1.0,0.0,0.0,0.0,0.0,0.0,0.0,0.0
train,423,4,IL|HL|PEG|CH,0.35|0.16|0.025|0.465,liver,liver:1,0.0,1.0,0.0,0.0,0.0,0.0,0.0,0.0,0.0
train,402,4,IL|HL|PEG|CH,0.35|0.16|0.025|0.465,liver,liver:1,0.0,1.0,0.0,0.0,0.0,0.0,0.0,0.0,0.0
train,2563,4,IL|HL|PEG|CH,0.485885|0.084417|0.00831231|0.421386,lung_epithelium,lung_epithelium:1,1.0,0.0,0.0,0.0,0.0,0.0,0.0,0.0,0.0
train,908,4,IL|HL|PEG|CH,0.5|0.1|0.015|0.385,liver,liver:0.5 + spleen:0.5,0.0,0.5,0.0,0.5,0.0,0.0,0.0,0.0,0.0
train,843,4,IL|HL|PEG|CH,0.5|0.1|0.015|0.385,liver,liver:0.5 + spleen:0.5,0.0,0.5,0.0,0.5,0.0,0.0,0.0,0.0,0.0
train,231,4,IL|HL|PEG|CH,0.35|0.16|0.025|0.465,liver,liver:1,0.0,1.0,0.0,0.0,0.0,0.0,0.0,0.0,0.0
train,686,3,IL|HL|CH,0.406091|0.304569|0.28934,muscle,muscle:1,0.0,0.0,1.0,0.0,0.0,0.0,0.0,0.0,0.0
train,1398,4,IL|HL|PEG|CH,0.502183|0.101367|0.0301858|0.366265,lung_epithelium,lung_epithelium:1,1.0,0.0,0.0,0.0,0.0,0.0,0.0,0.0,0.0
train,2216,4,IL|HL|PEG|CH,0.343416|0.211654|0.0532219|0.391708,lung_epithelium,lung_epithelium:1,1.0,0.0,0.0,0.0,0.0,0.0,0.0,0.0,0.0
train,2718,4,IL|HL|PEG|CH,0.46175|0.0883799|0.00870252|0.441168,lung_epithelium,lung_epithelium:1,1.0,0.0,0.0,0.0,0.0,0.0,0.0,0.0,0.0
train,14,4,IL|HL|PEG|CH,0.5|0.1|0.015|0.385,liver,liver:1,0.0,1.0,0.0,0.0,0.0,0.0,0.0,0.0,0.0
train,3193,4,IL|HL|PEG|CH,0.5|0.1|0.015|0.385,bone_marrow,bone_marrow:1,0.0,0.0,0.0,0.0,1.0,0.0,0.0,0.0,0.0
train,2394,4,IL|HL|PEG|CH,0.37043|0.155097|0.024117|0.450357,lung_epithelium,lung_epithelium:1,1.0,0.0,0.0,0.0,0.0,0.0,0.0,0.0,0.0
train,1694,4,IL|HL|PEG|CH,0.561152|0.10977|0.0109607|0.318117,lung_epithelium,lung_epithelium:1,1.0,0.0,0.0,0.0,0.0,0.0,0.0,0.0,0.0
train,1281,4,IL|HL|PEG|CH,0.401153|0.0934869|0.00977595|0.495584,lung_epithelium,lung_epithelium:1,1.0,0.0,0.0,0.0,0.0,0.0,0.0,0.0,0.0
train,1920,4,IL|HL|PEG|CH,0.389635|0.100221|0.00986849|0.500275,lung_epithelium,lung_epithelium:1,1.0,0.0,0.0,0.0,0.0,0.0,0.0,0.0,0.0
train,1948,4,IL|HL|PEG|CH,0.544984|0.220323|0.0390163|0.195676,lung_epithelium,lung_epithelium:1,1.0,0.0,0.0,0.0,0.0,0.0,0.0,0.0,0.0
train,1929,4,IL|HL|PEG|CH,0.492408|0.0780152|0.0389328|0.390644,lung_epithelium,lung_epithelium:1,1.0,0.0,0.0,0.0,0.0,0.0,0.0,0.0,0.0
train,841,4,IL|HL|PEG|CH,0.5|0.1|0.015|0.385,liver,liver:0.5 + spleen:0.5,0.0,0.5,0.0,0.5,0.0,0.0,0.0,0.0,0.0
train,1096,4,IL|HL|PEG|CH,0.35|0.16|0.025|0.465,muscle,muscle:1,0.0,0.0,1.0,0.0,0.0,0.0,0.0,0.0,0.0
train,70,4,IL|HL|PEG|CH,0.5|0.1|0.015|0.385,liver,liver:1,0.0,1.0,0.0,0.0,0.0,0.0,0.0,0.0,0.0
train,667,3,IL|HL|CH,0.406091|0.304569|0.28934,muscle,muscle:1,0.0,0.0,1.0,0.0,0.0,0.0,0.0,0.0,0.0
train,3108,4,IL|HL|PEG|CH,0.5|0.1|0.015|0.385,muscle,muscle:1,0.0,0.0,1.0,0.0,0.0,0.0,0.0,0.0,0.0
train,376,4,IL|HL|PEG|CH,0.35|0.16|0.025|0.465,liver,liver:1,0.0,1.0,0.0,0.0,0.0,0.0,0.0,0.0,0.0
train,2145,4,IL|HL|PEG|CH,0.404139|0.0973382|0.00983268|0.48869,lung_epithelium,lung_epithelium:1,1.0,0.0,0.0,0.0,0.0,0.0,0.0,0.0,0.0
train,1647,4,IL|HL|PEG|CH,0.56231|0.152934|0.0110182|0.273738,lung_epithelium,lung_epithelium:1,1.0,0.0,0.0,0.0,0.0,0.0,0.0,0.0,0.0
train,599,3,IL|HL|CH,0.406091|0.304569|0.28934,muscle,muscle:1,0.0,0.0,1.0,0.0,0.0,0.0,0.0,0.0,0.0
train,807,4,IL|HL|PEG|CH,0.238095|0.238095|0.047619|0.47619,liver,liver:1,0.0,1.0,0.0,0.0,0.0,0.0,0.0,0.0,0.0
train,2478,4,IL|HL|PEG|CH,0.465926|0.0833751|0.00871855|0.44198,lung_epithelium,lung_epithelium:1,1.0,0.0,0.0,0.0,0.0,0.0,0.0,0.0,0.0
train,1101,4,IL|HL|PEG|CH,0.35|0.16|0.025|0.465,lung_epithelium,lung_epithelium:1,1.0,0.0,0.0,0.0,0.0,0.0,0.0,0.0,0.0
train,883,4,IL|HL|PEG|CH,0.5|0.1|0.015|0.385,liver,liver:0.5 + spleen:0.5,0.0,0.5,0.0,0.5,0.0,0.0,0.0,0.0,0.0
train,99,3,IL|HL|CH,0.510204|0.387755|0.102041,liver,liver:1,0.0,1.0,0.0,0.0,0.0,0.0,0.0,0.0,0.0
train,1599,4,IL|HL|PEG|CH,0.343719|0.100868|0.0503374|0.505075,lung_epithelium,lung_epithelium:1,1.0,0.0,0.0,0.0,0.0,0.0,0.0,0.0,0.0
train,589,3,IL|HL|CH,0.406091|0.304569|0.28934,muscle,muscle:1,0.0,0.0,1.0,0.0,0.0,0.0,0.0,0.0,0.0
train,3078,4,IL|HL|PEG|CH,0.5|0.1|0.015|0.385,muscle,muscle:1,0.0,0.0,1.0,0.0,0.0,0.0,0.0,0.0,0.0
train,497,4,IL|HL|PEG|CH,0.35|0.16|0.025|0.465,liver,liver:1,0.0,1.0,0.0,0.0,0.0,0.0,0.0,0.0,0.0
train,223,4,IL|HL|PEG|CH,0.35|0.16|0.025|0.465,liver,liver:1,0.0,1.0,0.0,0.0,0.0,0.0,0.0,0.0,0.0
train,530,4,IL|HL|PEG|CH,0.35|0.16|0.025|0.465,liver,liver:1,0.0,1.0,0.0,0.0,0.0,0.0,0.0,0.0,0.0
train,3198,4,IL|HL|PEG|CH,0.5|0.1|0.015|0.385,bone_marrow,bone_marrow:1,0.0,0.0,0.0,0.0,1.0,0.0,0.0,0.0,0.0
train,1335,4,IL|HL|PEG|CH,0.380103|0.199828|0.0502481|0.369821,lung_epithelium,lung_epithelium:1,1.0,0.0,0.0,0.0,0.0,0.0,0.0,0.0,0.0
train,169,4,IL|HL|PEG|CH,0.35|0.16|0.025|0.465,liver,liver:1,0.0,1.0,0.0,0.0,0.0,0.0,0.0,0.0,0.0
train,3222,4,IL|HL|PEG|CH,0.5|0.1|0.015|0.385,bone_marrow,bone_marrow:1,0.0,0.0,0.0,0.0,1.0,0.0,0.0,0.0,0.0
train,224,4,IL|HL|PEG|CH,0.35|0.16|0.025|0.465,liver,liver:1,0.0,1.0,0.0,0.0,0.0,0.0,0.0,0.0,0.0
train,278,4,IL|HL|PEG|CH,0.35|0.16|0.025|0.465,liver,liver:1,0.0,1.0,0.0,0.0,0.0,0.0,0.0,0.0,0.0
train,1463,4,IL|HL|PEG|CH,0.343179|0.282696|0.0253346|0.34879,lung_epithelium,lung_epithelium:1,1.0,0.0,0.0,0.0,0.0,0.0,0.0,0.0,0.0
train,1417,4,IL|HL|PEG|CH,0.287575|0.175508|0.027291|0.509626,lung_epithelium,lung_epithelium:1,1.0,0.0,0.0,0.0,0.0,0.0,0.0,0.0,0.0
train,319,4,IL|HL|PEG|CH,0.35|0.16|0.025|0.465,liver,liver:1,0.0,1.0,0.0,0.0,0.0,0.0,0.0,0.0,0.0
train,643,3,IL|HL|CH,0.406091|0.304569|0.28934,muscle,muscle:1,0.0,0.0,1.0,0.0,0.0,0.0,0.0,0.0,0.0
train,281,4,IL|HL|PEG|CH,0.35|0.16|0.025|0.465,liver,liver:1,0.0,1.0,0.0,0.0,0.0,0.0,0.0,0.0,0.0
train,1582,4,IL|HL|PEG|CH,0.350475|0.279556|0.0250532|0.344916,lung_epithelium,lung_epithelium:1,1.0,0.0,0.0,0.0,0.0,0.0,0.0,0.0,0.0
train,594,3,IL|HL|CH,0.406091|0.304569|0.28934,muscle,muscle:1,0.0,0.0,1.0,0.0,0.0,0.0,0.0,0.0,0.0
train,2920,4,IL|HL|PEG|CH,0.35|0.16|0.025|0.465,liver,liver:0.2 + spleen:0.2 + heart:0.2 + lung:0.2 + kidney:0.2,0.0,0.20000000298023224,0.0,0.20000000298023224,0.0,0.20000000298023224,0.20000000298023224,0.20000000298023224,0.0
train,2512,4,IL|HL|PEG|CH,0.621846|0.0770006|0.0229299|0.278224,lung_epithelium,lung_epithelium:1,1.0,0.0,0.0,0.0,0.0,0.0,0.0,0.0,0.0
train,2077,4,IL|HL|PEG|CH,0.274255|0.403934|0.0104217|0.31139,lung_epithelium,lung_epithelium:1,1.0,0.0,0.0,0.0,0.0,0.0,0.0,0.0,0.0
train,1293,4,IL|HL|PEG|CH,0.352442|0.208745|0.0524902|0.386323,lung_epithelium,lung_epithelium:1,1.0,0.0,0.0,0.0,0.0,0.0,0.0,0.0,0.0
train,2099,4,IL|HL|PEG|CH,0.511905|0.099387|0.0295963|0.359112,lung_epithelium,lung_epithelium:1,1.0,0.0,0.0,0.0,0.0,0.0,0.0,0.0,0.0
train,2608,4,IL|HL|PEG|CH,0.251416|0.280966|0.00926786|0.45835,lung_epithelium,lung_epithelium:1,1.0,0.0,0.0,0.0,0.0,0.0,0.0,0.0,0.0
train,770,3,IL|HL|CH,0.406091|0.304569|0.28934,muscle,muscle:1,0.0,0.0,1.0,0.0,0.0,0.0,0.0,0.0,0.0
train,184,4,IL|HL|PEG|CH,0.35|0.16|0.025|0.465,liver,liver:1,0.0,1.0,0.0,0.0,0.0,0.0,0.0,0.0,0.0
train,1349,4,IL|HL|PEG|CH,0.373583|0.20193|0.0507766|0.373711,lung_epithelium,lung_epithelium:1,1.0,0.0,0.0,0.0,0.0,0.0,0.0,0.0,0.0
train,1674,4,IL|HL|PEG|CH,0.357324|0.100329|0.0104914|0.531856,lung_epithelium,lung_epithelium:1,1.0,0.0,0.0,0.0,0.0,0.0,0.0,0.0,0.0
train,1127,4,IL|HL|PEG|CH,0.35|0.16|0.025|0.465,lung_epithelium,lung_epithelium:1,1.0,0.0,0.0,0.0,0.0,0.0,0.0,0.0,0.0
train,846,4,IL|HL|PEG|CH,0.5|0.1|0.015|0.385,liver,liver:0.5 + spleen:0.5,0.0,0.5,0.0,0.5,0.0,0.0,0.0,0.0,0.0
train,1064,4,IL|HL|PEG|CH,0.35|0.16|0.025|0.465,muscle,muscle:1,0.0,0.0,1.0,0.0,0.0,0.0,0.0,0.0,0.0
train,1343,4,IL|HL|PEG|CH,0.593167|0.101762|0.0101611|0.294909,lung_epithelium,lung_epithelium:1,1.0,0.0,0.0,0.0,0.0,0.0,0.0,0.0,0.0
train,1347,4,IL|HL|PEG|CH,0.400269|0.290396|0.0514252|0.25791,lung_epithelium,lung_epithelium:1,1.0,0.0,0.0,0.0,0.0,0.0,0.0,0.0,0.0
train,584,3,IL|HL|CH,0.406091|0.304569|0.28934,muscle,muscle:1,0.0,0.0,1.0,0.0,0.0,0.0,0.0,0.0,0.0
train,1372,4,IL|HL|PEG|CH,0.201883|0.299557|0.0098811|0.488679,lung_epithelium,lung_epithelium:1,1.0,0.0,0.0,0.0,0.0,0.0,0.0,0.0,0.0
train,2992,4,IL|HL|PEG|CH,0.34037|0.219353|0.0181792|0.422098,liver,liver:1,0.0,1.0,0.0,0.0,0.0,0.0,0.0,0.0,0.0
train,1725,4,IL|HL|PEG|CH,0.363967|0.318107|0.0530859|0.26484,lung_epithelium,lung_epithelium:1,1.0,0.0,0.0,0.0,0.0,0.0,0.0,0.0,0.0
train,1003,4,IL|HL|PEG|CH,0.35|0.16|0.025|0.465,muscle,muscle:1,0.0,0.0,1.0,0.0,0.0,0.0,0.0,0.0,0.0
train,1949,4,IL|HL|PEG|CH,0.723221|0.09671|0.00696754|0.173102,lung_epithelium,lung_epithelium:1,1.0,0.0,0.0,0.0,0.0,0.0,0.0,0.0,0.0
train,367,4,IL|HL|PEG|CH,0.35|0.16|0.025|0.465,liver,liver:1,0.0,1.0,0.0,0.0,0.0,0.0,0.0,0.0,0.0
train,2329,4,IL|HL|PEG|CH,0.658737|0.0849896|0.0425749|0.213698,lung_epithelium,lung_epithelium:1,1.0,0.0,0.0,0.0,0.0,0.0,0.0,0.0,0.0
train,874,4,IL|HL|PEG|CH,0.5|0.1|0.015|0.385,liver,liver:0.5 + spleen:0.5,0.0,0.5,0.0,0.5,0.0,0.0,0.0,0.0,0.0
train,1186,4,IL|HL|PEG|CH,0.477466|0.1064|0.0316846|0.38445,lung_epithelium,lung_epithelium:1,1.0,0.0,0.0,0.0,0.0,0.0,0.0,0.0,0.0
train,2413,4,IL|HL|PEG|CH,0.595107|0.0824452|0.0245513|0.297897,lung_epithelium,lung_epithelium:1,1.0,0.0,0.0,0.0,0.0,0.0,0.0,0.0,0.0
train,2671,4,IL|HL|PEG|CH,0.415865|0.0900488|0.0448531|0.449233,lung_epithelium,lung_epithelium:1,1.0,0.0,0.0,0.0,0.0,0.0,0.0,0.0,0.0
train,2177,4,IL|HL|PEG|CH,0.512358|0.0992947|0.0295688|0.358778,lung_epithelium,lung_epithelium:1,1.0,0.0,0.0,0.0,0.0,0.0,0.0,0.0,0.0
train,490,4,IL|HL|PEG|CH,0.35|0.16|0.025|0.465,liver,liver:1,0.0,1.0,0.0,0.0,0.0,0.0,0.0,0.0,0.0
train,1965,4,IL|HL|PEG|CH,0.537676|0.231228|0.0385875|0.192509,lung_epithelium,lung_epithelium:1,1.0,0.0,0.0,0.0,0.0,0.0,0.0,0.0,0.0
train,15,4,IL|HL|PEG|CH,0.5|0.1|0.015|0.385,liver,liver:1,0.0,1.0,0.0,0.0,0.0,0.0,0.0,0.0,0.0
train,3038,4,IL|HL|PEG|CH,0.340357|0.219357|0.0181796|0.422106,liver,liver:1,0.0,1.0,0.0,0.0,0.0,0.0,0.0,0.0,0.0
train,912,4,IL|HL|PEG|CH,0.5|0.1|0.015|0.385,liver,liver:0.5 + spleen:0.5,0.0,0.5,0.0,0.5,0.0,0.0,0.0,0.0,0.0
train,1041,4,IL|HL|PEG|CH,0.35|0.16|0.025|0.465,muscle,muscle:1,0.0,0.0,1.0,0.0,0.0,0.0,0.0,0.0,0.0
train,2549,4,IL|HL|PEG|CH,0.243815|0.253246|0.0301655|0.472773,lung_epithelium,lung_epithelium:1,1.0,0.0,0.0,0.0,0.0,0.0,0.0,0.0,0.0
train,1852,4,IL|HL|PEG|CH,0.395726|0.324107|0.0108529|0.269314,lung_epithelium,lung_epithelium:1,1.0,0.0,0.0,0.0,0.0,0.0,0.0,0.0,0.0
train,501,4,IL|HL|PEG|CH,0.35|0.16|0.025|0.465,liver,liver:1,0.0,1.0,0.0,0.0,0.0,0.0,0.0,0.0,0.0
train,1924,4,IL|HL|PEG|CH,0.391927|0.0949271|0.00992655|0.503219,lung_epithelium,lung_epithelium:1,1.0,0.0,0.0,0.0,0.0,0.0,0.0,0.0,0.0
train,437,4,IL|HL|PEG|CH,0.35|0.16|0.025|0.465,liver,liver:1,0.0,1.0,0.0,0.0,0.0,0.0,0.0,0.0,0.0
train,113,3,IL|HL|CH,0.510204|0.387755|0.102041,liver,liver:1,0.0,1.0,0.0,0.0,0.0,0.0,0.0,0.0,0.0
train,696,3,IL|HL|CH,0.406091|0.304569|0.28934,muscle,muscle:1,0.0,0.0,1.0,0.0,0.0,0.0,0.0,0.0,0.0
train,1114,4,IL|HL|PEG|CH,0.35|0.16|0.025|0.465,lung_epithelium,lung_epithelium:1,1.0,0.0,0.0,0.0,0.0,0.0,0.0,0.0,0.0
train,2643,4,IL|HL|PEG|CH,0.16035|0.315146|0.0103953|0.514109,lung_epithelium,lung_epithelium:1,1.0,0.0,0.0,0.0,0.0,0.0,0.0,0.0,0.0
train,1670,4,IL|HL|PEG|CH,0.355116|0.105889|0.0104266|0.528569,lung_epithelium,lung_epithelium:1,1.0,0.0,0.0,0.0,0.0,0.0,0.0,0.0,0.0
train,2471,4,IL|HL|PEG|CH,0.66987|0.0822172|0.0411861|0.206727,lung_epithelium,lung_epithelium:1,1.0,0.0,0.0,0.0,0.0,0.0,0.0,0.0,0.0
train,1672,4,IL|HL|PEG|CH,0.17714|0.275576|0.0328253|0.514459,lung_epithelium,lung_epithelium:1,1.0,0.0,0.0,0.0,0.0,0.0,0.0,0.0,0.0
train,1287,4,IL|HL|PEG|CH,0.570925|0.107326|0.0107166|0.311032,lung_epithelium,lung_epithelium:1,1.0,0.0,0.0,0.0,0.0,0.0,0.0,0.0,0.0
train,2093,4,IL|HL|PEG|CH,0.39189|0.0993391|0.0100348|0.498736,lung_epithelium,lung_epithelium:1,1.0,0.0,0.0,0.0,0.0,0.0,0.0,0.0,0.0
train,1157,4,IL|HL|PEG|CH,0.353546|0.152324|0.0252089|0.46892,lung_epithelium,lung_epithelium:1,1.0,0.0,0.0,0.0,0.0,0.0,0.0,0.0,0.0
train,967,4,IL|HL|PEG|CH,0.5|0.1|0.015|0.385,liver,liver:0.5 + spleen:0.5,0.0,0.5,0.0,0.5,0.0,0.0,0.0,0.0,0.0
train,820,4,IL|HL|PEG|CH,0.238095|0.238095|0.047619|0.47619,liver,liver:1,0.0,1.0,0.0,0.0,0.0,0.0,0.0,0.0,0.0
train,561,3,IL|HL|CH,0.406091|0.304569|0.28934,muscle,muscle:1,0.0,0.0,1.0,0.0,0.0,0.0,0.0,0.0,0.0
train,2230,4,IL|HL|PEG|CH,0.56726|0.108344|0.0542223|0.270174,lung_epithelium,lung_epithelium:1,1.0,0.0,0.0,0.0,0.0,0.0,0.0,0.0,0.0
train,677,3,IL|HL|CH,0.406091|0.304569|0.28934,muscle,muscle:1,0.0,0.0,1.0,0.0,0.0,0.0,0.0,0.0,0.0
train,1517,4,IL|HL|PEG|CH,0.599968|0.100155|0.050124|0.249753,lung_epithelium,lung_epithelium:1,1.0,0.0,0.0,0.0,0.0,0.0,0.0,0.0,0.0
train,3000,4,IL|HL|PEG|CH,0.336301|0.220706|0.0182913|0.424702,liver,liver:1,0.0,1.0,0.0,0.0,0.0,0.0,0.0,0.0,0.0
train,2891,4,IL|HL|PEG|CH,0.35|0.16|0.025|0.465,liver,liver:0.2 + spleen:0.2 + heart:0.2 + lung:0.2 + kidney:0.2,0.0,0.20000000298023224,0.0,0.20000000298023224,0.0,0.20000000298023224,0.20000000298023224,0.20000000298023224,0.0
train,2955,4,IL|HL|PEG|CH,0.2|0.16|0.024|0.616,ear,ear:1,0.0,0.0,0.0,0.0,0.0,0.0,0.0,0.0,1.0
train,2009,4,IL|HL|PEG|CH,0.356225|0.105165|0.0106233|0.527986,lung_epithelium,lung_epithelium:1,1.0,0.0,0.0,0.0,0.0,0.0,0.0,0.0,0.0
train,302,4,IL|HL|PEG|CH,0.35|0.16|0.025|0.465,liver,liver:1,0.0,1.0,0.0,0.0,0.0,0.0,0.0,0.0,0.0
train,865,4,IL|HL|PEG|CH,0.5|0.1|0.015|0.385,liver,liver:0.5 + spleen:0.5,0.0,0.5,0.0,0.5,0.0,0.0,0.0,0.0,0.0
train,97,3,IL|HL|CH,0.510204|0.387755|0.102041,liver,liver:1,0.0,1.0,0.0,0.0,0.0,0.0,0.0,0.0,0.0
train,538,4,IL|HL|PEG|CH,0.35|0.16|0.025|0.465,liver,liver:1,0.0,1.0,0.0,0.0,0.0,0.0,0.0,0.0,0.0
train,2525,4,IL|HL|PEG|CH,0.489017|0.27407|0.00917735|0.227736,lung_epithelium,lung_epithelium:1,1.0,0.0,0.0,0.0,0.0,0.0,0.0,0.0,0.0
train,2927,4,IL|HL|PEG|CH,0.35|0.16|0.025|0.465,liver,liver:0.2 + spleen:0.2 + heart:0.2 + lung:0.2 + kidney:0.2,0.0,0.20000000298023224,0.0,0.20000000298023224,0.0,0.20000000298023224,0.20000000298023224,0.20000000298023224,0.0
train,2013,4,IL|HL|PEG|CH,0.323068|0.166954|0.0260175|0.483961,lung_epithelium,lung_epithelium:1,1.0,0.0,0.0,0.0,0.0,0.0,0.0,0.0,0.0
train,458,4,IL|HL|PEG|CH,0.35|0.16|0.025|0.465,liver,liver:1,0.0,1.0,0.0,0.0,0.0,0.0,0.0,0.0,0.0
train,2389,4,IL|HL|PEG|CH,0.418676|0.136978|0.0226692|0.421677,lung_epithelium,lung_epithelium:1,1.0,0.0,0.0,0.0,0.0,0.0,0.0,0.0,0.0
train,1873,4,IL|HL|PEG|CH,0.552831|0.156246|0.0112569|0.279666,lung_epithelium,lung_epithelium:1,1.0,0.0,0.0,0.0,0.0,0.0,0.0,0.0,0.0
train,2446,4,IL|HL|PEG|CH,0.395987|0.148801|0.023138|0.432075,lung_epithelium,lung_epithelium:1,1.0,0.0,0.0,0.0,0.0,0.0,0.0,0.0,0.0
train,2876,4,IL|HL|PEG|CH,0.410448|0.253744|0.0227399|0.313069,lung_epithelium,lung_epithelium:1,1.0,0.0,0.0,0.0,0.0,0.0,0.0,0.0,0.0
train,1525,4,IL|HL|PEG|CH,0.19974|0.300275|0.0501651|0.44982,lung_epithelium,lung_epithelium:1,1.0,0.0,0.0,0.0,0.0,0.0,0.0,0.0,0.0
train,1143,4,IL|HL|PEG|CH,0.506306|0.100527|0.0299358|0.363231,lung_epithelium,lung_epithelium:1,1.0,0.0,0.0,0.0,0.0,0.0,0.0,0.0,0.0
train,2832,4,IL|HL|PEG|CH,0.309783|0.29707|0.0266227|0.366525,lung_epithelium,lung_epithelium:1,1.0,0.0,0.0,0.0,0.0,0.0,0.0,0.0,0.0
train,2817,4,IL|HL|PEG|CH,0.320452|0.106085|0.0110934|0.562369,lung_epithelium,lung_epithelium:1,1.0,0.0,0.0,0.0,0.0,0.0,0.0,0.0,0.0
train,735,3,IL|HL|CH,0.406091|0.304569|0.28934,muscle,muscle:1,0.0,0.0,1.0,0.0,0.0,0.0,0.0,0.0,0.0
train,2060,4,IL|HL|PEG|CH,0.40716|0.287059|0.0508343|0.254947,lung_epithelium,lung_epithelium:1,1.0,0.0,0.0,0.0,0.0,0.0,0.0,0.0,0.0
train,1656,4,IL|HL|PEG|CH,0.564125|0.109027|0.0108865|0.315962,lung_epithelium,lung_epithelium:1,1.0,0.0,0.0,0.0,0.0,0.0,0.0,0.0,0.0
train,1304,4,IL|HL|PEG|CH,0.498746|0.102066|0.0303942|0.368793,lung_epithelium,lung_epithelium:1,1.0,0.0,0.0,0.0,0.0,0.0,0.0,0.0,0.0
train,1389,4,IL|HL|PEG|CH,0.395095|0.0944326|0.00987484|0.500598,lung_epithelium,lung_epithelium:1,1.0,0.0,0.0,0.0,0.0,0.0,0.0,0.0,0.0
train,3028,4,IL|HL|PEG|CH,0.362197|0.212094|0.0175776|0.408131,liver,liver:1,0.0,1.0,0.0,0.0,0.0,0.0,0.0,0.0,0.0
train,37,4,IL|HL|PEG|CH,0.5|0.1|0.015|0.385,liver,liver:1,0.0,1.0,0.0,0.0,0.0,0.0,0.0,0.0,0.0
train,1032,4,IL|HL|PEG|CH,0.35|0.16|0.025|0.465,muscle,muscle:1,0.0,0.0,1.0,0.0,0.0,0.0,0.0,0.0,0.0
train,2794,4,IL|HL|PEG|CH,0.417831|0.137177|0.0227021|0.42229,lung_epithelium,lung_epithelium:1,1.0,0.0,0.0,0.0,0.0,0.0,0.0,0.0,0.0
train,1620,4,IL|HL|PEG|CH,0.343589|0.211598|0.0532078|0.391604,lung_epithelium,lung_epithelium:1,1.0,0.0,0.0,0.0,0.0,0.0,0.0,0.0,0.0
train,1624,4,IL|HL|PEG|CH,0.315061|0.294798|0.0264192|0.363722,lung_epithelium,lung_epithelium:1,1.0,0.0,0.0,0.0,0.0,0.0,0.0,0.0,0.0
train,48,4,IL|HL|PEG|CH,0.5|0.1|0.015|0.385,liver,liver:1,0.0,1.0,0.0,0.0,0.0,0.0,0.0,0.0,0.0
train,2111,4,IL|HL|PEG|CH,0.394882|0.0988503|0.00998542|0.496282,lung_epithelium,lung_epithelium:1,1.0,0.0,0.0,0.0,0.0,0.0,0.0,0.0,0.0
train,2579,4,IL|HL|PEG|CH,0.251187|0.281052|0.0092707|0.458491,lung_epithelium,lung_epithelium:1,1.0,0.0,0.0,0.0,0.0,0.0,0.0,0.0,0.0
train,852,4,IL|HL|PEG|CH,0.5|0.1|0.015|0.385,liver,liver:0.5 + spleen:0.5,0.0,0.5,0.0,0.5,0.0,0.0,0.0,0.0,0.0
train,799,4,IL|HL|PEG|CH,0.238095|0.238095|0.047619|0.47619,liver,liver:1,0.0,1.0,0.0,0.0,0.0,0.0,0.0,0.0,0.0
train,1395,4,IL|HL|PEG|CH,0.59648|0.100934|0.0100783|0.292508,lung_epithelium,lung_epithelium:1,1.0,0.0,0.0,0.0,0.0,0.0,0.0,0.0,0.0
train,548,3,IL|HL|CH,0.406091|0.304569|0.28934,muscle,muscle:1,0.0,0.0,1.0,0.0,0.0,0.0,0.0,0.0,0.0
train,2436,4,IL|HL|PEG|CH,0.652813|0.121311|0.00873994|0.217136,lung_epithelium,lung_epithelium:1,1.0,0.0,0.0,0.0,0.0,0.0,0.0,0.0,0.0
train,1332,4,IL|HL|PEG|CH,0.505686|0.100653|0.0299734|0.363687,lung_epithelium,lung_epithelium:1,1.0,0.0,0.0,0.0,0.0,0.0,0.0,0.0,0.0
train,2123,4,IL|HL|PEG|CH,0.277656|0.199307|0.029668|0.493369,lung_epithelium,lung_epithelium:1,1.0,0.0,0.0,0.0,0.0,0.0,0.0,0.0,0.0
train,1235,4,IL|HL|PEG|CH,0.346292|0.281356|0.0252145|0.347137,lung_epithelium,lung_epithelium:1,1.0,0.0,0.0,0.0,0.0,0.0,0.0,0.0,0.0
train,907,4,IL|HL|PEG|CH,0.5|0.1|0.015|0.385,liver,liver:0.5 + spleen:0.5,0.0,0.5,0.0,0.5,0.0,0.0,0.0,0.0,0.0
train,1261,4,IL|HL|PEG|CH,0.327876|0.16558|0.0257472|0.480797,lung_epithelium,lung_epithelium:1,1.0,0.0,0.0,0.0,0.0,0.0,0.0,0.0,0.0
train,2187,4,IL|HL|PEG|CH,0.446136|0.2965|0.00980419|0.247559,lung_epithelium,lung_epithelium:1,1.0,0.0,0.0,0.0,0.0,0.0,0.0,0.0,0.0
train,1976,4,IL|HL|PEG|CH,0.373276|0.303466|0.0537398|0.269518,lung_epithelium,lung_epithelium:1,1.0,0.0,0.0,0.0,0.0,0.0,0.0,0.0,0.0
train,2510,4,IL|HL|PEG|CH,0.28617|0.267922|0.00883759|0.437071,lung_epithelium,lung_epithelium:1,1.0,0.0,0.0,0.0,0.0,0.0,0.0,0.0,0.0
train,2883,4,IL|HL|PEG|CH,0.35|0.16|0.025|0.465,liver,liver:0.2 + spleen:0.2 + heart:0.2 + lung:0.2 + kidney:0.2,0.0,0.20000000298023224,0.0,0.20000000298023224,0.0,0.20000000298023224,0.20000000298023224,0.20000000298023224,0.0
train,137,4,IL|HL|PEG|CH,0.35|0.16|0.025|0.465,lung_epithelium,lung_epithelium:1,1.0,0.0,0.0,0.0,0.0,0.0,0.0,0.0,0.0
train,1754,4,IL|HL|PEG|CH,0.404331|0.319492|0.0106983|0.265479,lung_epithelium,lung_epithelium:1,1.0,0.0,0.0,0.0,0.0,0.0,0.0,0.0,0.0
train,3306,4,IL|HL|PEG|CH,0.333333|0.133333|0.02|0.513333,ear,ear:1,0.0,0.0,0.0,0.0,0.0,0.0,0.0,0.0,1.0
train,23,4,IL|HL|PEG|CH,0.5|0.1|0.015|0.385,liver,liver:1,0.0,1.0,0.0,0.0,0.0,0.0,0.0,0.0,0.0
train,520,4,IL|HL|PEG|CH,0.35|0.16|0.025|0.465,liver,liver:1,0.0,1.0,0.0,0.0,0.0,0.0,0.0,0.0,0.0
train,1889,4,IL|HL|PEG|CH,0.354934|0.322625|0.0538399|0.268601,lung_epithelium,lung_epithelium:1,1.0,0.0,0.0,0.0,0.0,0.0,0.0,0.0,0.0
train,2162,4,IL|HL|PEG|CH,0.398401|0.0987817|0.00972676|0.49309,lung_epithelium,lung_epithelium:1,1.0,0.0,0.0,0.0,0.0,0.0,0.0,0.0,0.0
train,3008,4,IL|HL|PEG|CH,0.348467|0.21666|0.017956|0.416917,liver,liver:1,0.0,1.0,0.0,0.0,0.0,0.0,0.0,0.0,0.0
train,1653,4,IL|HL|PEG|CH,0.243718|0.42093|0.0108603|0.324492,lung_epithelium,lung_epithelium:1,1.0,0.0,0.0,0.0,0.0,0.0,0.0,0.0,0.0
train,906,4,IL|HL|PEG|CH,0.5|0.1|0.015|0.385,liver,liver:0.5 + spleen:0.5,0.0,0.5,0.0,0.5,0.0,0.0,0.0,0.0,0.0
train,2898,4,IL|HL|PEG|CH,0.35|0.16|0.025|0.465,liver,liver:0.2 + spleen:0.2 + heart:0.2 + lung:0.2 + kidney:0.2,0.0,0.20000000298023224,0.0,0.20000000298023224,0.0,0.20000000298023224,0.20000000298023224,0.20000000298023224,0.0
train,2000,4,IL|HL|PEG|CH,0.373635|0.303292|0.053709|0.269364,lung_epithelium,lung_epithelium:1,1.0,0.0,0.0,0.0,0.0,0.0,0.0,0.0,0.0
train,349,4,IL|HL|PEG|CH,0.35|0.16|0.025|0.465,liver,liver:1,0.0,1.0,0.0,0.0,0.0,0.0,0.0,0.0,0.0
train,3105,4,IL|HL|PEG|CH,0.5|0.1|0.015|0.385,muscle,muscle:1,0.0,0.0,1.0,0.0,0.0,0.0,0.0,0.0,0.0
train,1097,4,IL|HL|PEG|CH,0.35|0.16|0.025|0.465,muscle,muscle:1,0.0,0.0,1.0,0.0,0.0,0.0,0.0,0.0,0.0
train,1793,4,IL|HL|PEG|CH,0.238208|0.210192|0.0312883|0.520312,lung_epithelium,lung_epithelium:1,1.0,0.0,0.0,0.0,0.0,0.0,0.0,0.0,0.0
train,3054,4,IL|HL|PEG|CH,0.5|0.1|0.015|0.385,muscle,muscle:1,0.0,0.0,1.0,0.0,0.0,0.0,0.0,0.0,0.0
train,1370,4,IL|HL|PEG|CH,0.352252|0.0995566|0.0496829|0.498509,lung_epithelium,lung_epithelium:1,1.0,0.0,0.0,0.0,0.0,0.0,0.0,0.0,0.0
train,236,4,IL|HL|PEG|CH,0.35|0.16|0.025|0.465,liver,liver:1,0.0,1.0,0.0,0.0,0.0,0.0,0.0,0.0,0.0
train,2379,4,IL|HL|PEG|CH,0.414465|0.0899947|0.0449111|0.450629,lung_epithelium,lung_epithelium:1,1.0,0.0,0.0,0.0,0.0,0.0,0.0,0.0,0.0
train,2993,4,IL|HL|PEG|CH,0.337457|0.220321|0.0182595|0.423962,liver,liver:1,0.0,1.0,0.0,0.0,0.0,0.0,0.0,0.0,0.0
train,132,4,IL|HL|PEG|CH,0.35|0.16|0.025|0.465,lung_epithelium,lung_epithelium:1,1.0,0.0,0.0,0.0,0.0,0.0,0.0,0.0,0.0
train,3210,4,IL|HL|PEG|CH,0.5|0.1|0.015|0.385,bone_marrow,bone_marrow:1,0.0,0.0,0.0,0.0,1.0,0.0,0.0,0.0,0.0
train,1658,4,IL|HL|PEG|CH,0.564256|0.109096|0.0545987|0.272049,lung_epithelium,lung_epithelium:1,1.0,0.0,0.0,0.0,0.0,0.0,0.0,0.0,0.0
train,164,4,IL|HL|PEG|CH,0.35|0.16|0.025|0.465,liver,liver:1,0.0,1.0,0.0,0.0,0.0,0.0,0.0,0.0,0.0
train,2367,4,IL|HL|PEG|CH,0.672245|0.0816255|0.0408897|0.205239,lung_epithelium,lung_epithelium:1,1.0,0.0,0.0,0.0,0.0,0.0,0.0,0.0,0.0
train,3035,4,IL|HL|PEG|CH,0.324694|0.224566|0.0186112|0.432129,liver,liver:1,0.0,1.0,0.0,0.0,0.0,0.0,0.0,0.0,0.0
train,1857,4,IL|HL|PEG|CH,0.39587|0.323409|0.010694|0.270027,lung_epithelium,lung_epithelium:1,1.0,0.0,0.0,0.0,0.0,0.0,0.0,0.0,0.0
train,701,3,IL|HL|CH,0.406091|0.304569|0.28934,muscle,muscle:1,0.0,0.0,1.0,0.0,0.0,0.0,0.0,0.0,0.0
train,689,3,IL|HL|CH,0.406091|0.304569|0.28934,muscle,muscle:1,0.0,0.0,1.0,0.0,0.0,0.0,0.0,0.0,0.0
train,3308,4,IL|HL|PEG|CH,0.333333|0.133333|0.02|0.513333,ear,ear:1,0.0,0.0,0.0,0.0,0.0,0.0,0.0,0.0,1.0
train,944,4,IL|HL|PEG|CH,0.5|0.1|0.015|0.385,liver,liver:0.5 + spleen:0.5,0.0,0.5,0.0,0.5,0.0,0.0,0.0,0.0,0.0
train,2005,4,IL|HL|PEG|CH,0.565607|0.108183|0.0541935|0.272016,lung_epithelium,lung_epithelium:1,1.0,0.0,0.0,0.0,0.0,0.0,0.0,0.0,0.0
train,2632,4,IL|HL|PEG|CH,0.665202|0.0838227|0.0419502|0.209026,lung_epithelium,lung_epithelium:1,1.0,0.0,0.0,0.0,0.0,0.0,0.0,0.0,0.0
train,105,3,IL|HL|CH,0.510204|0.387755|0.102041,liver,liver:1,0.0,1.0,0.0,0.0,0.0,0.0,0.0,0.0,0.0
train,1073,4,IL|HL|PEG|CH,0.35|0.16|0.025|0.465,muscle,muscle:1,0.0,0.0,1.0,0.0,0.0,0.0,0.0,0.0,0.0
train,2752,4,IL|HL|PEG|CH,0.406468|0.0914974|0.0455746|0.45646,lung_epithelium,lung_epithelium:1,1.0,0.0,0.0,0.0,0.0,0.0,0.0,0.0,0.0
train,2044,4,IL|HL|PEG|CH,0.349097|0.100342|0.0499799|0.500582,lung_epithelium,lung_epithelium:1,1.0,0.0,0.0,0.0,0.0,0.0,0.0,0.0,0.0
train,1699,4,IL|HL|PEG|CH,0.56082|0.153455|0.0110558|0.27467,lung_epithelium,lung_epithelium:1,1.0,0.0,0.0,0.0,0.0,0.0,0.0,0.0,0.0
train,2495,4,IL|HL|PEG|CH,0.621476|0.0770759|0.0229523|0.278496,lung_epithelium,lung_epithelium:1,1.0,0.0,0.0,0.0,0.0,0.0,0.0,0.0,0.0
train,2380,4,IL|HL|PEG|CH,0.664317|0.0839654|0.00838405|0.243334,lung_epithelium,lung_epithelium:1,1.0,0.0,0.0,0.0,0.0,0.0,0.0,0.0,0.0
train,1611,4,IL|HL|PEG|CH,0.24164|0.422087|0.0108901|0.325384,lung_epithelium,lung_epithelium:1,1.0,0.0,0.0,0.0,0.0,0.0,0.0,0.0,0.0
train,3181,4,IL|HL|PEG|CH,0.5|0.1|0.015|0.385,bone_marrow,bone_marrow:1,0.0,0.0,0.0,0.0,1.0,0.0,0.0,0.0,0.0
train,1403,4,IL|HL|PEG|CH,0.435951|0.302532|0.0101304|0.251386,lung_epithelium,lung_epithelium:1,1.0,0.0,0.0,0.0,0.0,0.0,0.0,0.0,0.0
train,1877,4,IL|HL|PEG|CH,0.307492|0.170795|0.0266161|0.495096,lung_epithelium,lung_epithelium:1,1.0,0.0,0.0,0.0,0.0,0.0,0.0,0.0,0.0
train,1783,4,IL|HL|PEG|CH,0.314478|0.105362|0.0525802|0.527579,lung_epithelium,lung_epithelium:1,1.0,0.0,0.0,0.0,0.0,0.0,0.0,0.0,0.0
train,678,3,IL|HL|CH,0.406091|0.304569|0.28934,muscle,muscle:1,0.0,0.0,1.0,0.0,0.0,0.0,0.0,0.0,0.0
train,3090,4,IL|HL|PEG|CH,0.5|0.1|0.015|0.385,muscle,muscle:1,0.0,0.0,1.0,0.0,0.0,0.0,0.0,0.0,0.0
train,922,4,IL|HL|PEG|CH,0.5|0.1|0.015|0.385,liver,liver:0.5 + spleen:0.5,0.0,0.5,0.0,0.5,0.0,0.0,0.0,0.0,0.0
train,543,3,IL|HL|CH,0.406091|0.304569|0.28934,muscle,muscle:1,0.0,0.0,1.0,0.0,0.0,0.0,0.0,0.0,0.0
train,404,4,IL|HL|PEG|CH,0.35|0.16|0.025|0.465,liver,liver:1,0.0,1.0,0.0,0.0,0.0,0.0,0.0,0.0,0.0
train,340,4,IL|HL|PEG|CH,0.35|0.16|0.025|0.465,liver,liver:1,0.0,1.0,0.0,0.0,0.0,0.0,0.0,0.0,0.0
train,3114,4,IL|HL|PEG|CH,0.5|0.1|0.015|0.385,muscle,muscle:1,0.0,0.0,1.0,0.0,0.0,0.0,0.0,0.0,0.0
train,2231,4,IL|HL|PEG|CH,0.472043|0.107504|0.0320134|0.38844,lung_epithelium,lung_epithelium:1,1.0,0.0,0.0,0.0,0.0,0.0,0.0,0.0,0.0
train,2670,4,IL|HL|PEG|CH,0.665156|0.083391|0.0417741|0.209679,lung_epithelium,lung_epithelium:1,1.0,0.0,0.0,0.0,0.0,0.0,0.0,0.0,0.0
train,2387,4,IL|HL|PEG|CH,0.467978|0.266087|0.0444048|0.22153,lung_epithelium,lung_epithelium:1,1.0,0.0,0.0,0.0,0.0,0.0,0.0,0.0,0.0
train,2012,4,IL|HL|PEG|CH,0.358898|0.100083|0.0104658|0.530553,lung_epithelium,lung_epithelium:1,1.0,0.0,0.0,0.0,0.0,0.0,0.0,0.0,0.0
train,2623,4,IL|HL|PEG|CH,0.469828|0.0870535|0.00857191|0.434546,lung_epithelium,lung_epithelium:1,1.0,0.0,0.0,0.0,0.0,0.0,0.0,0.0,0.0
train,2877,4,IL|HL|PEG|CH,0.402871|0.257005|0.0230322|0.317092,lung_epithelium,lung_epithelium:1,1.0,0.0,0.0,0.0,0.0,0.0,0.0,0.0,0.0
train,1043,4,IL|HL|PEG|CH,0.35|0.16|0.025|0.465,muscle,muscle:1,0.0,0.0,1.0,0.0,0.0,0.0,0.0,0.0,0.0
train,1767,4,IL|HL|PEG|CH,0.242059|0.421853|0.0108841|0.325204,lung_epithelium,lung_epithelium:1,1.0,0.0,0.0,0.0,0.0,0.0,0.0,0.0,0.0
train,1775,4,IL|HL|PEG|CH,0.561572|0.153192|0.0110368|0.274199,lung_epithelium,lung_epithelium:1,1.0,0.0,0.0,0.0,0.0,0.0,0.0,0.0,0.0
train,2496,4,IL|HL|PEG|CH,0.524104|0.230434|0.0408067|0.204656,lung_epithelium,lung_epithelium:1,1.0,0.0,0.0,0.0,0.0,0.0,0.0,0.0,0.0
train,2666,4,IL|HL|PEG|CH,0.248293|0.251746|0.0299869|0.469974,lung_epithelium,lung_epithelium:1,1.0,0.0,0.0,0.0,0.0,0.0,0.0,0.0,0.0
train,3220,4,IL|HL|PEG|CH,0.5|0.1|0.015|0.385,bone_marrow,bone_marrow:1,0.0,0.0,0.0,0.0,1.0,0.0,0.0,0.0,0.0
train,1151,4,IL|HL|PEG|CH,0.600249|0.0995559|0.0498718|0.250324,lung_epithelium,lung_epithelium:1,1.0,0.0,0.0,0.0,0.0,0.0,0.0,0.0,0.0
train,1468,4,IL|HL|PEG|CH,0.19521|0.302062|0.00996371|0.492764,lung_epithelium,lung_epithelium:1,1.0,0.0,0.0,0.0,0.0,0.0,0.0,0.0,0.0
train,1499,4,IL|HL|PEG|CH,0.445539|0.297389|0.00995822|0.247114,lung_epithelium,lung_epithelium:1,1.0,0.0,0.0,0.0,0.0,0.0,0.0,0.0,0.0
train,2987,4,IL|HL|PEG|CH,0.307493|0.230286|0.0190853|0.443136,liver,liver:1,0.0,1.0,0.0,0.0,0.0,0.0,0.0,0.0,0.0
train,2475,4,IL|HL|PEG|CH,0.463032|0.0877176|0.00886085|0.44039,lung_epithelium,lung_epithelium:1,1.0,0.0,0.0,0.0,0.0,0.0,0.0,0.0,0.0
train,2304,4,IL|HL|PEG|CH,0.25179|0.280745|0.0469023|0.420563,lung_epithelium,lung_epithelium:1,1.0,0.0,0.0,0.0,0.0,0.0,0.0,0.0,0.0
train,1942,4,IL|HL|PEG|CH,0.450112|0.135467|0.0210646|0.393357,lung_epithelium,lung_epithelium:1,1.0,0.0,0.0,0.0,0.0,0.0,0.0,0.0,0.0
train,1646,4,IL|HL|PEG|CH,0.370628|0.304748|0.0539669|0.270657,lung_epithelium,lung_epithelium:1,1.0,0.0,0.0,0.0,0.0,0.0,0.0,0.0,0.0
train,1421,4,IL|HL|PEG|CH,0.563506|0.109284|0.0546926|0.272517,lung_epithelium,lung_epithelium:1,1.0,0.0,0.0,0.0,0.0,0.0,0.0,0.0,0.0
train,1047,4,IL|HL|PEG|CH,0.35|0.16|0.025|0.465,muscle,muscle:1,0.0,0.0,1.0,0.0,0.0,0.0,0.0,0.0,0.0
train,1128,4,IL|HL|PEG|CH,0.35|0.16|0.025|0.465,lung_epithelium,lung_epithelium:1,1.0,0.0,0.0,0.0,0.0,0.0,0.0,0.0,0.0
train,2650,4,IL|HL|PEG|CH,0.291311|0.10925|0.054417|0.545022,lung_epithelium,lung_epithelium:1,1.0,0.0,0.0,0.0,0.0,0.0,0.0,0.0,0.0
train,2900,4,IL|HL|PEG|CH,0.35|0.16|0.025|0.465,liver,liver:0.2 + spleen:0.2 + heart:0.2 + lung:0.2 + kidney:0.2,0.0,0.20000000298023224,0.0,0.20000000298023224,0.0,0.20000000298023224,0.20000000298023224,0.20000000298023224,0.0
train,2975,4,IL|HL|PEG|CH,0.336854|0.220522|0.0182761|0.424348,liver,liver:1,0.0,1.0,0.0,0.0,0.0,0.0,0.0,0.0,0.0
train,1602,4,IL|HL|PEG|CH,0.59433|0.101567|0.0508303|0.253273,lung_epithelium,lung_epithelium:1,1.0,0.0,0.0,0.0,0.0,0.0,0.0,0.0,0.0
train,649,3,IL|HL|CH,0.406091|0.304569|0.28934,muscle,muscle:1,0.0,0.0,1.0,0.0,0.0,0.0,0.0,0.0,0.0
train,227,4,IL|HL|PEG|CH,0.35|0.16|0.025|0.465,liver,liver:1,0.0,1.0,0.0,0.0,0.0,0.0,0.0,0.0,0.0
train,1964,4,IL|HL|PEG|CH,0.516967|0.155709|0.039154|0.28817,lung_epithelium,lung_epithelium:1,1.0,0.0,0.0,0.0,0.0,0.0,0.0,0.0,0.0
train,2140,4,IL|HL|PEG|CH,0.45509|0.292267|0.00978669|0.242857,lung_epithelium,lung_epithelium:1,1.0,0.0,0.0,0.0,0.0,0.0,0.0,0.0,0.0
train,1822,4,IL|HL|PEG|CH,0.554605|0.111408|0.0111242|0.322863,lung_epithelium,lung_epithelium:1,1.0,0.0,0.0,0.0,0.0,0.0,0.0,0.0,0.0
train,2771,4,IL|HL|PEG|CH,0.49791|0.268784|0.00888772|0.224418,lung_epithelium,lung_epithelium:1,1.0,0.0,0.0,0.0,0.0,0.0,0.0,0.0,0.0
train,578,3,IL|HL|CH,0.406091|0.304569|0.28934,muscle,muscle:1,0.0,0.0,1.0,0.0,0.0,0.0,0.0,0.0,0.0
train,576,3,IL|HL|CH,0.406091|0.304569|0.28934,muscle,muscle:1,0.0,0.0,1.0,0.0,0.0,0.0,0.0,0.0,0.0
train,1614,4,IL|HL|PEG|CH,0.561342|0.109723|0.010956|0.317979,lung_epithelium,lung_epithelium:1,1.0,0.0,0.0,0.0,0.0,0.0,0.0,0.0,0.0
train,1904,4,IL|HL|PEG|CH,0.319437|0.167659|0.0260704|0.486834,lung_epithelium,lung_epithelium:1,1.0,0.0,0.0,0.0,0.0,0.0,0.0,0.0,0.0
train,94,3,IL|HL|CH,0.510204|0.387755|0.102041,liver,liver:1,0.0,1.0,0.0,0.0,0.0,0.0,0.0,0.0,0.0
train,2125,4,IL|HL|PEG|CH,0.611699|0.0967042|0.0484432|0.243153,lung_epithelium,lung_epithelium:1,1.0,0.0,0.0,0.0,0.0,0.0,0.0,0.0,0.0
train,2601,4,IL|HL|PEG|CH,0.453404|0.273376|0.0456211|0.227599,lung_epithelium,lung_epithelium:1,1.0,0.0,0.0,0.0,0.0,0.0,0.0,0.0,0.0
train,1000,4,IL|HL|PEG|CH,0.35|0.16|0.025|0.465,muscle,muscle:1,0.0,0.0,1.0,0.0,0.0,0.0,0.0,0.0,0.0
train,1526,4,IL|HL|PEG|CH,0.599644|0.0997064|0.0499472|0.250702,lung_epithelium,lung_epithelium:1,1.0,0.0,0.0,0.0,0.0,0.0,0.0,0.0,0.0
train,2456,4,IL|HL|PEG|CH,0.522838|0.255929|0.00856991|0.212663,lung_epithelium,lung_epithelium:1,1.0,0.0,0.0,0.0,0.0,0.0,0.0,0.0,0.0
train,3243,4,IL|HL|PEG|CH,0.5|0.1|0.015|0.385,bone_marrow,bone_marrow:1,0.0,0.0,0.0,0.0,1.0,0.0,0.0,0.0,0.0
train,1524,4,IL|HL|PEG|CH,0.267647|0.202069|0.0300791|0.500205,lung_epithelium,lung_epithelium:1,1.0,0.0,0.0,0.0,0.0,0.0,0.0,0.0,0.0
train,2515,4,IL|HL|PEG|CH,0.496383|0.162344|0.0408226|0.30045,lung_epithelium,lung_epithelium:1,1.0,0.0,0.0,0.0,0.0,0.0,0.0,0.0,0.0
train,1829,4,IL|HL|PEG|CH,0.356277|0.321954|0.0537278|0.268042,lung_epithelium,lung_epithelium:1,1.0,0.0,0.0,0.0,0.0,0.0,0.0,0.0,0.0
train,2751,4,IL|HL|PEG|CH,0.656457|0.0855576|0.0428594|0.215126,lung_epithelium,lung_epithelium:1,1.0,0.0,0.0,0.0,0.0,0.0,0.0,0.0,0.0
train,1789,4,IL|HL|PEG|CH,0.561564|0.153195|0.011037|0.274204,lung_epithelium,lung_epithelium:1,1.0,0.0,0.0,0.0,0.0,0.0,0.0,0.0,0.0
train,1177,4,IL|HL|PEG|CH,0.424857|0.0897863|0.00938899|0.475967,lung_epithelium,lung_epithelium:1,1.0,0.0,0.0,0.0,0.0,0.0,0.0,0.0,0.0
train,2206,4,IL|HL|PEG|CH,0.352354|0.106343|0.0104712|0.530832,lung_epithelium,lung_epithelium:1,1.0,0.0,0.0,0.0,0.0,0.0,0.0,0.0,0.0
train,2290,4,IL|HL|PEG|CH,0.331833|0.15744|0.0260556|0.484671,lung_epithelium,lung_epithelium:1,1.0,0.0,0.0,0.0,0.0,0.0,0.0,0.0,0.0
train,2725,4,IL|HL|PEG|CH,0.396425|0.0930457|0.0463458|0.464184,lung_epithelium,lung_epithelium:1,1.0,0.0,0.0,0.0,0.0,0.0,0.0,0.0,0.0
train,1056,4,IL|HL|PEG|CH,0.35|0.16|0.025|0.465,muscle,muscle:1,0.0,0.0,1.0,0.0,0.0,0.0,0.0,0.0,0.0
train,978,4,IL|HL|PEG|CH,0.5|0.1|0.015|0.385,liver,liver:0.5 + spleen:0.5,0.0,0.5,0.0,0.5,0.0,0.0,0.0,0.0,0.0
train,1880,4,IL|HL|PEG|CH,0.279161|0.177581|0.0276133|0.515645,lung_epithelium,lung_epithelium:1,1.0,0.0,0.0,0.0,0.0,0.0,0.0,0.0,0.0
train,2238,4,IL|HL|PEG|CH,0.566929|0.107854|0.0540287|0.271188,lung_epithelium,lung_epithelium:1,1.0,0.0,0.0,0.0,0.0,0.0,0.0,0.0,0.0
train,96,3,IL|HL|CH,0.510204|0.387755|0.102041,liver,liver:1,0.0,1.0,0.0,0.0,0.0,0.0,0.0,0.0,0.0
train,333,4,IL|HL|PEG|CH,0.35|0.16|0.025|0.465,liver,liver:1,0.0,1.0,0.0,0.0,0.0,0.0,0.0,0.0,0.0
train,2378,4,IL|HL|PEG|CH,0.382377|0.152153|0.0236594|0.44181,lung_epithelium,lung_epithelium:1,1.0,0.0,0.0,0.0,0.0,0.0,0.0,0.0,0.0
train,2758,4,IL|HL|PEG|CH,0.451018|0.0857024|0.00896193|0.454318,lung_epithelium,lung_epithelium:1,1.0,0.0,0.0,0.0,0.0,0.0,0.0,0.0,0.0
train,1555,4,IL|HL|PEG|CH,0.346657|0.153948|0.0254776|0.473918,lung_epithelium,lung_epithelium:1,1.0,0.0,0.0,0.0,0.0,0.0,0.0,0.0,0.0
train,1125,4,IL|HL|PEG|CH,0.35|0.16|0.025|0.465,lung_epithelium,lung_epithelium:1,1.0,0.0,0.0,0.0,0.0,0.0,0.0,0.0,0.0
train,2807,4,IL|HL|PEG|CH,0.457774|0.0846477|0.00885163|0.448727,lung_epithelium,lung_epithelium:1,1.0,0.0,0.0,0.0,0.0,0.0,0.0,0.0,0.0
train,1623,4,IL|HL|PEG|CH,0.315254|0.168881|0.0263178|0.489547,lung_epithelium,lung_epithelium:1,1.0,0.0,0.0,0.0,0.0,0.0,0.0,0.0,0.0
train,259,4,IL|HL|PEG|CH,0.35|0.16|0.025|0.465,liver,liver:1,0.0,1.0,0.0,0.0,0.0,0.0,0.0,0.0,0.0
train,1731,4,IL|HL|PEG|CH,0.315789|0.105161|0.0524796|0.526571,lung_epithelium,lung_epithelium:1,1.0,0.0,0.0,0.0,0.0,0.0,0.0,0.0,0.0
train,371,4,IL|HL|PEG|CH,0.35|0.16|0.025|0.465,liver,liver:1,0.0,1.0,0.0,0.0,0.0,0.0,0.0,0.0,0.0
train,1474,4,IL|HL|PEG|CH,0.393215|0.303479|0.0506448|0.252661,lung_epithelium,lung_epithelium:1,1.0,0.0,0.0,0.0,0.0,0.0,0.0,0.0,0.0
train,1763,4,IL|HL|PEG|CH,0.32086|0.160026|0.0264836|0.492631,lung_epithelium,lung_epithelium:1,1.0,0.0,0.0,0.0,0.0,0.0,0.0,0.0,0.0
train,1385,4,IL|HL|PEG|CH,0.392796|0.0997021|0.00981738|0.497685,lung_epithelium,lung_epithelium:1,1.0,0.0,0.0,0.0,0.0,0.0,0.0,0.0,0.0
train,539,3,IL|HL|CH,0.406091|0.304569|0.28934,muscle,muscle:1,0.0,0.0,1.0,0.0,0.0,0.0,0.0,0.0,0.0
train,1632,4,IL|HL|PEG|CH,0.370101|0.305004|0.054012|0.270884,lung_epithelium,lung_epithelium:1,1.0,0.0,0.0,0.0,0.0,0.0,0.0,0.0,0.0
train,219,4,IL|HL|PEG|CH,0.35|0.16|0.025|0.465,liver,liver:1,0.0,1.0,0.0,0.0,0.0,0.0,0.0,0.0,0.0
train,2599,4,IL|HL|PEG|CH,0.650805|0.122013|0.00879051|0.218392,lung_epithelium,lung_epithelium:1,1.0,0.0,0.0,0.0,0.0,0.0,0.0,0.0,0.0
train,2473,4,IL|HL|PEG|CH,0.515141|0.25956|0.00858271|0.216717,lung_epithelium,lung_epithelium:1,1.0,0.0,0.0,0.0,0.0,0.0,0.0,0.0,0.0
train,601,3,IL|HL|CH,0.406091|0.304569|0.28934,muscle,muscle:1,0.0,0.0,1.0,0.0,0.0,0.0,0.0,0.0,0.0
train,2345,4,IL|HL|PEG|CH,0.573426|0.08686|0.0258659|0.313848,lung_epithelium,lung_epithelium:1,1.0,0.0,0.0,0.0,0.0,0.0,0.0,0.0,0.0
train,1342,4,IL|HL|PEG|CH,0.342752|0.101017|0.0504115|0.50582,lung_epithelium,lung_epithelium:1,1.0,0.0,0.0,0.0,0.0,0.0,0.0,0.0,0.0
train,888,4,IL|HL|PEG|CH,0.5|0.1|0.015|0.385,liver,liver:0.5 + spleen:0.5,0.0,0.5,0.0,0.5,0.0,0.0,0.0,0.0,0.0
train,368,4,IL|HL|PEG|CH,0.35|0.16|0.025|0.465,liver,liver:1,0.0,1.0,0.0,0.0,0.0,0.0,0.0,0.0,0.0
train,263,4,IL|HL|PEG|CH,0.35|0.16|0.025|0.465,liver,liver:1,0.0,1.0,0.0,0.0,0.0,0.0,0.0,0.0,0.0
train,984,4,IL|HL|PEG|CH,0.5|0.1|0.015|0.385,liver,liver:0.5 + spleen:0.5,0.0,0.5,0.0,0.5,0.0,0.0,0.0,0.0,0.0
train,1250,4,IL|HL|PEG|CH,0.596284|0.100543|0.0503664|0.252806,lung_epithelium,lung_epithelium:1,1.0,0.0,0.0,0.0,0.0,0.0,0.0,0.0,0.0
train,2593,4,IL|HL|PEG|CH,0.423223|0.135906|0.0224918|0.418379,lung_epithelium,lung_epithelium:1,1.0,0.0,0.0,0.0,0.0,0.0,0.0,0.0,0.0
train,1814,4,IL|HL|PEG|CH,0.336966|0.213733|0.0537447|0.395556,lung_epithelium,lung_epithelium:1,1.0,0.0,0.0,0.0,0.0,0.0,0.0,0.0,0.0
train,62,4,IL|HL|PEG|CH,0.5|0.1|0.015|0.385,liver,liver:1,0.0,1.0,0.0,0.0,0.0,0.0,0.0,0.0,0.0
train,1116,4,IL|HL|PEG|CH,0.35|0.16|0.025|0.465,lung_epithelium,lung_epithelium:1,1.0,0.0,0.0,0.0,0.0,0.0,0.0,0.0,0.0
train,1988,4,IL|HL|PEG|CH,0.177915|0.275316|0.0327944|0.513975,lung_epithelium,lung_epithelium:1,1.0,0.0,0.0,0.0,0.0,0.0,0.0,0.0,0.0
train,1824,4,IL|HL|PEG|CH,0.554736|0.11148|0.0557915|0.277993,lung_epithelium,lung_epithelium:1,1.0,0.0,0.0,0.0,0.0,0.0,0.0,0.0,0.0
train,812,4,IL|HL|PEG|CH,0.238095|0.238095|0.047619|0.47619,liver,liver:1,0.0,1.0,0.0,0.0,0.0,0.0,0.0,0.0,0.0
train,1712,4,IL|HL|PEG|CH,0.354555|0.100761|0.0105366|0.534147,lung_epithelium,lung_epithelium:1,1.0,0.0,0.0,0.0,0.0,0.0,0.0,0.0,0.0
train,752,3,IL|HL|CH,0.406091|0.304569|0.28934,muscle,muscle:1,0.0,0.0,1.0,0.0,0.0,0.0,0.0,0.0,0.0
train,1055,4,IL|HL|PEG|CH,0.35|0.16|0.025|0.465,muscle,muscle:1,0.0,0.0,1.0,0.0,0.0,0.0,0.0,0.0,0.0
train,723,3,IL|HL|CH,0.406091|0.304569|0.28934,muscle,muscle:1,0.0,0.0,1.0,0.0,0.0,0.0,0.0,0.0,0.0
train,1633,4,IL|HL|PEG|CH,0.561754|0.153128|0.0110322|0.274085,lung_epithelium,lung_epithelium:1,1.0,0.0,0.0,0.0,0.0,0.0,0.0,0.0,0.0
train,1921,4,IL|HL|PEG|CH,0.389158|0.0997854|0.0100799|0.500977,lung_epithelium,lung_epithelium:1,1.0,0.0,0.0,0.0,0.0,0.0,0.0,0.0,0.0
train,2167,4,IL|HL|PEG|CH,0.197662|0.301142|0.00993336|0.491263,lung_epithelium,lung_epithelium:1,1.0,0.0,0.0,0.0,0.0,0.0,0.0,0.0,0.0
train,2189,4,IL|HL|PEG|CH,0.395316|0.0987795|0.00997826|0.495926,lung_epithelium,lung_epithelium:1,1.0,0.0,0.0,0.0,0.0,0.0,0.0,0.0,0.0
train,2040,4,IL|HL|PEG|CH,0.439178|0.300801|0.0100725|0.249949,lung_epithelium,lung_epithelium:1,1.0,0.0,0.0,0.0,0.0,0.0,0.0,0.0,0.0
train,288,4,IL|HL|PEG|CH,0.35|0.16|0.025|0.465,liver,liver:1,0.0,1.0,0.0,0.0,0.0,0.0,0.0,0.0,0.0
train,3041,4,IL|HL|PEG|CH,0.371739|0.208921|0.0173147|0.402025,liver,liver:1,0.0,1.0,0.0,0.0,0.0,0.0,0.0,0.0,0.0
train,1790,4,IL|HL|PEG|CH,0.344098|0.211434|0.0531667|0.391301,lung_epithelium,lung_epithelium:1,1.0,0.0,0.0,0.0,0.0,0.0,0.0,0.0,0.0
train,2717,4,IL|HL|PEG|CH,0.513352|0.260518|0.00861438|0.217516,lung_epithelium,lung_epithelium:1,1.0,0.0,0.0,0.0,0.0,0.0,0.0,0.0,0.0
train,1944,4,IL|HL|PEG|CH,0.723491|0.069164|0.00690611|0.200439,lung_epithelium,lung_epithelium:1,1.0,0.0,0.0,0.0,0.0,0.0,0.0,0.0,0.0
train,3030,4,IL|HL|PEG|CH,0.348769|0.21656|0.0179477|0.416723,liver,liver:1,0.0,1.0,0.0,0.0,0.0,0.0,0.0,0.0,0.0
train,2719,4,IL|HL|PEG|CH,0.461251|0.0880085|0.00889022|0.44185,lung_epithelium,lung_epithelium:1,1.0,0.0,0.0,0.0,0.0,0.0,0.0,0.0,0.0
train,2667,4,IL|HL|PEG|CH,0.419513|0.136781|0.0226365|0.42107,lung_epithelium,lung_epithelium:1,1.0,0.0,0.0,0.0,0.0,0.0,0.0,0.0,0.0
train,2762,4,IL|HL|PEG|CH,0.495683|0.269976|0.00892713|0.225413,lung_epithelium,lung_epithelium:1,1.0,0.0,0.0,0.0,0.0,0.0,0.0,0.0,0.0
train,5,4,IL|HL|PEG|CH,0.5|0.1|0.015|0.385,liver,liver:1,0.0,1.0,0.0,0.0,0.0,0.0,0.0,0.0,0.0
train,1305,4,IL|HL|PEG|CH,0.400269|0.290396|0.0514252|0.25791,lung_epithelium,lung_epithelium:1,1.0,0.0,0.0,0.0,0.0,0.0,0.0,0.0,0.0
train,2686,4,IL|HL|PEG|CH,0.456626|0.0848269|0.00887038|0.449677,lung_epithelium,lung_epithelium:1,1.0,0.0,0.0,0.0,0.0,0.0,0.0,0.0,0.0
train,3201,4,IL|HL|PEG|CH,0.5|0.1|0.015|0.385,bone_marrow,bone_marrow:1,0.0,0.0,0.0,0.0,1.0,0.0,0.0,0.0,0.0
train,1338,4,IL|HL|PEG|CH,0.343389|0.161942|0.0252364|0.469432,lung_epithelium,lung_epithelium:1,1.0,0.0,0.0,0.0,0.0,0.0,0.0,0.0,0.0
train,1245,4,IL|HL|PEG|CH,0.376806|0.200891|0.0505154|0.371788,lung_epithelium,lung_epithelium:1,1.0,0.0,0.0,0.0,0.0,0.0,0.0,0.0,0.0
train,2161,4,IL|HL|PEG|CH,0.448827|0.29506|0.00975656|0.246357,lung_epithelium,lung_epithelium:1,1.0,0.0,0.0,0.0,0.0,0.0,0.0,0.0,0.0
train,199,4,IL|HL|PEG|CH,0.35|0.16|0.025|0.465,liver,liver:1,0.0,1.0,0.0,0.0,0.0,0.0,0.0,0.0,0.0
train,834,4,IL|HL|PEG|CH,0.5|0.1|0.015|0.385,liver,liver:0.5 + spleen:0.5,0.0,0.5,0.0,0.5,0.0,0.0,0.0,0.0,0.0
train,1206,4,IL|HL|PEG|CH,0.357024|0.158579|0.0247124|0.459684,lung_epithelium,lung_epithelium:1,1.0,0.0,0.0,0.0,0.0,0.0,0.0,0.0,0.0
train,2291,4,IL|HL|PEG|CH,0.36958|0.0984158|0.0102914|0.521713,lung_epithelium,lung_epithelium:1,1.0,0.0,0.0,0.0,0.0,0.0,0.0,0.0,0.0
train,1031,4,IL|HL|PEG|CH,0.35|0.16|0.025|0.465,muscle,muscle:1,0.0,0.0,1.0,0.0,0.0,0.0,0.0,0.0,0.0
train,152,4,IL|HL|PEG|CH,0.45|0.12|0.018|0.412,liver,liver:1,0.0,1.0,0.0,0.0,0.0,0.0,0.0,0.0,0.0
train,2585,4,IL|HL|PEG|CH,0.472625|0.263763|0.0440169|0.219595,lung_epithelium,lung_epithelium:1,1.0,0.0,0.0,0.0,0.0,0.0,0.0,0.0,0.0
train,222,4,IL|HL|PEG|CH,0.35|0.16|0.025|0.465,liver,liver:1,0.0,1.0,0.0,0.0,0.0,0.0,0.0,0.0,0.0
train,1175,4,IL|HL|PEG|CH,0.222403|0.260417|0.0310197|0.48616,lung_epithelium,lung_epithelium:1,1.0,0.0,0.0,0.0,0.0,0.0,0.0,0.0,0.0
train,855,4,IL|HL|PEG|CH,0.5|0.1|0.015|0.385,liver,liver:0.5 + spleen:0.5,0.0,0.5,0.0,0.5,0.0,0.0,0.0,0.0,0.0
train,2813,4,IL|HL|PEG|CH,0.44176|0.0871476|0.00911305|0.461979,lung_epithelium,lung_epithelium:1,1.0,0.0,0.0,0.0,0.0,0.0,0.0,0.0,0.0
train,973,4,IL|HL|PEG|CH,0.5|0.1|0.015|0.385,liver,liver:0.5 + spleen:0.5,0.0,0.5,0.0,0.5,0.0,0.0,0.0,0.0,0.0
train,1893,4,IL|HL|PEG|CH,0.552955|0.111334|0.055772|0.279939,lung_epithelium,lung_epithelium:1,1.0,0.0,0.0,0.0,0.0,0.0,0.0,0.0,0.0
train,919,4,IL|HL|PEG|CH,0.5|0.1|0.015|0.385,liver,liver:0.5 + spleen:0.5,0.0,0.5,0.0,0.5,0.0,0.0,0.0,0.0,0.0
train,1744,4,IL|HL|PEG|CH,0.288828|0.175199|0.027243|0.50873,lung_epithelium,lung_epithelium:1,1.0,0.0,0.0,0.0,0.0,0.0,0.0,0.0,0.0
train,1723,4,IL|HL|PEG|CH,0.562501|0.152868|0.0110134|0.273618,lung_epithelium,lung_epithelium:1,1.0,0.0,0.0,0.0,0.0,0.0,0.0,0.0,0.0
train,125,4,IL|HL|PEG|CH,0.35|0.16|0.025|0.465,lung_epithelium,lung_epithelium:1,1.0,0.0,0.0,0.0,0.0,0.0,0.0,0.0,0.0
train,3163,4,IL|HL|PEG|CH,0.5|0.1|0.015|0.385,bone_marrow,bone_marrow:1,0.0,0.0,0.0,0.0,1.0,0.0,0.0,0.0,0.0
train,2956,4,IL|HL|PEG|CH,0.428571|0.114286|0.0171429|0.44,ear,ear:1,0.0,0.0,0.0,0.0,0.0,0.0,0.0,0.0,1.0
train,500,4,IL|HL|PEG|CH,0.35|0.16|0.025|0.465,liver,liver:1,0.0,1.0,0.0,0.0,0.0,0.0,0.0,0.0,0.0
train,1483,4,IL|HL|PEG|CH,0.195175|0.269536|0.0321059|0.503184,lung_epithelium,lung_epithelium:1,1.0,0.0,0.0,0.0,0.0,0.0,0.0,0.0,0.0
train,112,3,IL|HL|CH,0.510204|0.387755|0.102041,liver,liver:1,0.0,1.0,0.0,0.0,0.0,0.0,0.0,0.0,0.0
train,2699,4,IL|HL|PEG|CH,0.52576|0.253875|0.00839473|0.21197,lung_epithelium,lung_epithelium:1,1.0,0.0,0.0,0.0,0.0,0.0,0.0,0.0,0.0
train,2165,4,IL|HL|PEG|CH,0.361609|0.150424|0.0248945|0.463072,lung_epithelium,lung_epithelium:1,1.0,0.0,0.0,0.0,0.0,0.0,0.0,0.0,0.0
train,903,4,IL|HL|PEG|CH,0.5|0.1|0.015|0.385,liver,liver:0.5 + spleen:0.5,0.0,0.5,0.0,0.5,0.0,0.0,0.0,0.0,0.0
train,436,4,IL|HL|PEG|CH,0.35|0.16|0.025|0.465,liver,liver:1,0.0,1.0,0.0,0.0,0.0,0.0,0.0,0.0,0.0
train,1450,4,IL|HL|PEG|CH,0.371623|0.314278|0.052447|0.261652,lung_epithelium,lung_epithelium:1,1.0,0.0,0.0,0.0,0.0,0.0,0.0,0.0,0.0
train,708,3,IL|HL|CH,0.406091|0.304569|0.28934,muscle,muscle:1,0.0,0.0,1.0,0.0,0.0,0.0,0.0,0.0,0.0
train,3042,4,IL|HL|PEG|CH,0.366906|0.210528|0.0174479|0.405117,liver,liver:1,0.0,1.0,0.0,0.0,0.0,0.0,0.0,0.0,0.0
train,2894,4,IL|HL|PEG|CH,0.35|0.16|0.025|0.465,liver,liver:0.2 + spleen:0.2 + heart:0.2 + lung:0.2 + kidney:0.2,0.0,0.20000000298023224,0.0,0.20000000298023224,0.0,0.20000000298023224,0.20000000298023224,0.20000000298023224,0.0
train,2720,4,IL|HL|PEG|CH,0.251144|0.250792|0.0298731|0.468191,lung_epithelium,lung_epithelium:1,1.0,0.0,0.0,0.0,0.0,0.0,0.0,0.0,0.0
train,1960,4,IL|HL|PEG|CH,0.723598|0.0692022|0.0346332|0.172567,lung_epithelium,lung_epithelium:1,1.0,0.0,0.0,0.0,0.0,0.0,0.0,0.0,0.0
train,2470,4,IL|HL|PEG|CH,0.51499|0.260139|0.00871086|0.21616,lung_epithelium,lung_epithelium:1,1.0,0.0,0.0,0.0,0.0,0.0,0.0,0.0,0.0
train,3145,4,IL|HL|PEG|CH,0.4|0.3|0.015|0.285,muscle,muscle:1,0.0,0.0,1.0,0.0,0.0,0.0,0.0,0.0,0.0
train,1207,4,IL|HL|PEG|CH,0.356818|0.276826|0.0248085|0.341547,lung_epithelium,lung_epithelium:1,1.0,0.0,0.0,0.0,0.0,0.0,0.0,0.0,0.0
train,2018,4,IL|HL|PEG|CH,0.570917|0.107328|0.0107168|0.311038,lung_epithelium,lung_epithelium:1,1.0,0.0,0.0,0.0,0.0,0.0,0.0,0.0,0.0
train,1849,4,IL|HL|PEG|CH,0.555711|0.15524|0.0111844|0.277865,lung_epithelium,lung_epithelium:1,1.0,0.0,0.0,0.0,0.0,0.0,0.0,0.0,0.0
train,674,3,IL|HL|CH,0.406091|0.304569|0.28934,muscle,muscle:1,0.0,0.0,1.0,0.0,0.0,0.0,0.0,0.0,0.0
train,1535,4,IL|HL|PEG|CH,0.343179|0.282696|0.0253346|0.34879,lung_epithelium,lung_epithelium:1,1.0,0.0,0.0,0.0,0.0,0.0,0.0,0.0,0.0
train,384,4,IL|HL|PEG|CH,0.35|0.16|0.025|0.465,liver,liver:1,0.0,1.0,0.0,0.0,0.0,0.0,0.0,0.0,0.0
train,426,4,IL|HL|PEG|CH,0.35|0.16|0.025|0.465,liver,liver:1,0.0,1.0,0.0,0.0,0.0,0.0,0.0,0.0,0.0
train,1226,4,IL|HL|PEG|CH,0.183116|0.306601|0.0101134|0.500169,lung_epithelium,lung_epithelium:1,1.0,0.0,0.0,0.0,0.0,0.0,0.0,0.0,0.0
train,81,4,IL|HL|PEG|CH,0.5|0.1|0.015|0.385,liver,liver:1,0.0,1.0,0.0,0.0,0.0,0.0,0.0,0.0,0.0
train,91,3,IL|HL|CH,0.510204|0.387755|0.102041,liver,liver:1,0.0,1.0,0.0,0.0,0.0,0.0,0.0,0.0,0.0
train,2545,4,IL|HL|PEG|CH,0.409738|0.0909934|0.0453236|0.453945,lung_epithelium,lung_epithelium:1,1.0,0.0,0.0,0.0,0.0,0.0,0.0,0.0,0.0
train,567,3,IL|HL|CH,0.406091|0.304569|0.28934,muscle,muscle:1,0.0,0.0,1.0,0.0,0.0,0.0,0.0,0.0,0.0
train,221,4,IL|HL|PEG|CH,0.35|0.16|0.025|0.465,liver,liver:1,0.0,1.0,0.0,0.0,0.0,0.0,0.0,0.0,0.0
train,755,3,IL|HL|CH,0.406091|0.304569|0.28934,muscle,muscle:1,0.0,0.0,1.0,0.0,0.0,0.0,0.0,0.0,0.0
train,2917,4,IL|HL|PEG|CH,0.35|0.16|0.025|0.465,liver,liver:0.2 + spleen:0.2 + heart:0.2 + lung:0.2 + kidney:0.2,0.0,0.20000000298023224,0.0,0.20000000298023224,0.0,0.20000000298023224,0.20000000298023224,0.20000000298023224,0.0
train,522,4,IL|HL|PEG|CH,0.35|0.16|0.025|0.465,liver,liver:1,0.0,1.0,0.0,0.0,0.0,0.0,0.0,0.0,0.0
train,431,4,IL|HL|PEG|CH,0.35|0.16|0.025|0.465,liver,liver:1,0.0,1.0,0.0,0.0,0.0,0.0,0.0,0.0,0.0
train,2269,4,IL|HL|PEG|CH,0.391545|0.326349|0.010928|0.271178,lung_epithelium,lung_epithelium:1,1.0,0.0,0.0,0.0,0.0,0.0,0.0,0.0,0.0
train,1266,4,IL|HL|PEG|CH,0.515536|0.0986477|0.0293762|0.35644,lung_epithelium,lung_epithelium:1,1.0,0.0,0.0,0.0,0.0,0.0,0.0,0.0,0.0
train,551,3,IL|HL|CH,0.406091|0.304569|0.28934,muscle,muscle:1,0.0,0.0,1.0,0.0,0.0,0.0,0.0,0.0,0.0
train,87,4,IL|HL|PEG|CH,0.5|0.1|0.015|0.385,liver,liver:1,0.0,1.0,0.0,0.0,0.0,0.0,0.0,0.0,0.0
train,287,4,IL|HL|PEG|CH,0.35|0.16|0.025|0.465,liver,liver:1,0.0,1.0,0.0,0.0,0.0,0.0,0.0,0.0,0.0
train,2516,4,IL|HL|PEG|CH,0.51715|0.241494|0.0403007|0.201056,lung_epithelium,lung_epithelium:1,1.0,0.0,0.0,0.0,0.0,0.0,0.0,0.0,0.0
train,3173,4,IL|HL|PEG|CH,0.5|0.1|0.015|0.385,bone_marrow,bone_marrow:1,0.0,0.0,0.0,0.0,1.0,0.0,0.0,0.0,0.0
train,2708,4,IL|HL|PEG|CH,0.521458|0.256178|0.00847088|0.213893,lung_epithelium,lung_epithelium:1,1.0,0.0,0.0,0.0,0.0,0.0,0.0,0.0,0.0
train,3157,4,IL|HL|PEG|CH,0.5|0.1|0.015|0.385,bone_marrow,bone_marrow:1,0.0,0.0,0.0,0.0,1.0,0.0,0.0,0.0,0.0
train,1460,4,IL|HL|PEG|CH,0.326247|0.158757|0.0262735|0.488723,lung_epithelium,lung_epithelium:1,1.0,0.0,0.0,0.0,0.0,0.0,0.0,0.0,0.0
train,1961,4,IL|HL|PEG|CH,0.641011|0.0730981|0.0217678|0.264123,lung_epithelium,lung_epithelium:1,1.0,0.0,0.0,0.0,0.0,0.0,0.0,0.0,0.0
train,32,4,IL|HL|PEG|CH,0.5|0.1|0.015|0.385,liver,liver:1,0.0,1.0,0.0,0.0,0.0,0.0,0.0,0.0,0.0
train,2398,4,IL|HL|PEG|CH,0.652993|0.0868793|0.0434799|0.216648,lung_epithelium,lung_epithelium:1,1.0,0.0,0.0,0.0,0.0,0.0,0.0,0.0,0.0
train,2620,4,IL|HL|PEG|CH,0.675441|0.0808297|0.040491|0.203238,lung_epithelium,lung_epithelium:1,1.0,0.0,0.0,0.0,0.0,0.0,0.0,0.0,0.0
train,286,4,IL|HL|PEG|CH,0.35|0.16|0.025|0.465,liver,liver:1,0.0,1.0,0.0,0.0,0.0,0.0,0.0,0.0,0.0
train,2851,4,IL|HL|PEG|CH,0.369309|0.27145|0.0243267|0.334914,lung_epithelium,lung_epithelium:1,1.0,0.0,0.0,0.0,0.0,0.0,0.0,0.0,0.0
train,1991,4,IL|HL|PEG|CH,0.31853|0.168073|0.0261919|0.487205,lung_epithelium,lung_epithelium:1,1.0,0.0,0.0,0.0,0.0,0.0,0.0,0.0,0.0
train,2603,4,IL|HL|PEG|CH,0.312714|0.189634|0.0282282|0.469424,lung_epithelium,lung_epithelium:1,1.0,0.0,0.0,0.0,0.0,0.0,0.0,0.0,0.0
train,733,3,IL|HL|CH,0.406091|0.304569|0.28934,muscle,muscle:1,0.0,0.0,1.0,0.0,0.0,0.0,0.0,0.0,0.0
train,2073,4,IL|HL|PEG|CH,0.353177|0.152411|0.0252233|0.469188,lung_epithelium,lung_epithelium:1,1.0,0.0,0.0,0.0,0.0,0.0,0.0,0.0,0.0
train,935,4,IL|HL|PEG|CH,0.5|0.1|0.015|0.385,liver,liver:0.5 + spleen:0.5,0.0,0.5,0.0,0.5,0.0,0.0,0.0,0.0,0.0
train,570,3,IL|HL|CH,0.406091|0.304569|0.28934,muscle,muscle:1,0.0,0.0,1.0,0.0,0.0,0.0,0.0,0.0,0.0
train,999,4,IL|HL|PEG|CH,0.35|0.16|0.025|0.465,muscle,muscle:1,0.0,0.0,1.0,0.0,0.0,0.0,0.0,0.0,0.0
train,3251,4,IL|HL|PEG|CH,0.5|0.1|0.015|0.385,bone_marrow,bone_marrow:1,0.0,0.0,0.0,0.0,1.0,0.0,0.0,0.0,0.0
train,3300,4,IL|HL|PEG|CH,0.333333|0.133333|0.02|0.513333,ear,ear:1,0.0,0.0,0.0,0.0,0.0,0.0,0.0,0.0,1.0
train,72,4,IL|HL|PEG|CH,0.5|0.1|0.015|0.385,liver,liver:1,0.0,1.0,0.0,0.0,0.0,0.0,0.0,0.0,0.0
train,1618,4,IL|HL|PEG|CH,0.369396|0.305345|0.0540725|0.271187,lung_epithelium,lung_epithelium:1,1.0,0.0,0.0,0.0,0.0,0.0,0.0,0.0,0.0
train,2770,4,IL|HL|PEG|CH,0.404325|0.0918278|0.0457392|0.458108,lung_epithelium,lung_epithelium:1,1.0,0.0,0.0,0.0,0.0,0.0,0.0,0.0,0.0
train,1260,4,IL|HL|PEG|CH,0.279676|0.400916|0.0103439|0.309064,lung_epithelium,lung_epithelium:1,1.0,0.0,0.0,0.0,0.0,0.0,0.0,0.0,0.0
train,2928,4,IL|HL|PEG|CH,0.35|0.16|0.025|0.465,liver,liver:0.2 + spleen:0.2 + heart:0.2 + lung:0.2 + kidney:0.2,0.0,0.20000000298023224,0.0,0.20000000298023224,0.0,0.20000000298023224,0.20000000298023224,0.20000000298023224,0.0
train,3141,4,IL|HL|PEG|CH,0.4|0.3|0.015|0.285,muscle,muscle:1,0.0,0.0,1.0,0.0,0.0,0.0,0.0,0.0,0.0
train,916,4,IL|HL|PEG|CH,0.5|0.1|0.015|0.385,liver,liver:0.5 + spleen:0.5,0.0,0.5,0.0,0.5,0.0,0.0,0.0,0.0,0.0
train,1164,4,IL|HL|PEG|CH,0.631976|0.128592|0.0092645|0.230168,lung_epithelium,lung_epithelium:1,1.0,0.0,0.0,0.0,0.0,0.0,0.0,0.0,0.0
train,3022,4,IL|HL|PEG|CH,0.362197|0.212094|0.0175776|0.408131,liver,liver:1,0.0,1.0,0.0,0.0,0.0,0.0,0.0,0.0,0.0
train,3013,4,IL|HL|PEG|CH,0.32931|0.223031|0.018484|0.429175,liver,liver:1,0.0,1.0,0.0,0.0,0.0,0.0,0.0,0.0,0.0
train,2213,4,IL|HL|PEG|CH,0.46599|0.108736|0.0323804|0.392893,lung_epithelium,lung_epithelium:1,1.0,0.0,0.0,0.0,0.0,0.0,0.0,0.0,0.0
train,726,3,IL|HL|CH,0.406091|0.304569|0.28934,muscle,muscle:1,0.0,0.0,1.0,0.0,0.0,0.0,0.0,0.0,0.0
train,3101,4,IL|HL|PEG|CH,0.5|0.1|0.015|0.385,muscle,muscle:1,0.0,0.0,1.0,0.0,0.0,0.0,0.0,0.0,0.0
train,2648,4,IL|HL|PEG|CH,0.319508|0.219361|0.0551598|0.405971,lung_epithelium,lung_epithelium:1,1.0,0.0,0.0,0.0,0.0,0.0,0.0,0.0,0.0
train,619,3,IL|HL|CH,0.406091|0.304569|0.28934,muscle,muscle:1,0.0,0.0,1.0,0.0,0.0,0.0,0.0,0.0,0.0
train,2360,4,IL|HL|PEG|CH,0.484443|0.249638|0.0442075|0.221711,lung_epithelium,lung_epithelium:1,1.0,0.0,0.0,0.0,0.0,0.0,0.0,0.0,0.0
train,1836,4,IL|HL|PEG|CH,0.17158|0.277438|0.0330471|0.517936,lung_epithelium,lung_epithelium:1,1.0,0.0,0.0,0.0,0.0,0.0,0.0,0.0,0.0
train,945,4,IL|HL|PEG|CH,0.5|0.1|0.015|0.385,liver,liver:0.5 + spleen:0.5,0.0,0.5,0.0,0.5,0.0,0.0,0.0,0.0,0.0
train,377,4,IL|HL|PEG|CH,0.35|0.16|0.025|0.465,liver,liver:1,0.0,1.0,0.0,0.0,0.0,0.0,0.0,0.0,0.0
train,1577,4,IL|HL|PEG|CH,0.35121|0.105985|0.0107061|0.532099,lung_epithelium,lung_epithelium:1,1.0,0.0,0.0,0.0,0.0,0.0,0.0,0.0,0.0
train,3226,4,IL|HL|PEG|CH,0.5|0.1|0.015|0.385,bone_marrow,bone_marrow:1,0.0,0.0,0.0,0.0,1.0,0.0,0.0,0.0,0.0
train,2001,4,IL|HL|PEG|CH,0.565475|0.151828|0.0109386|0.271758,lung_epithelium,lung_epithelium:1,1.0,0.0,0.0,0.0,0.0,0.0,0.0,0.0,0.0
train,1430,4,IL|HL|PEG|CH,0.563174|0.108789|0.0544971|0.273539,lung_epithelium,lung_epithelium:1,1.0,0.0,0.0,0.0,0.0,0.0,0.0,0.0,0.0
train,93,3,IL|HL|CH,0.510204|0.387755|0.102041,liver,liver:1,0.0,1.0,0.0,0.0,0.0,0.0,0.0,0.0,0.0
train,875,4,IL|HL|PEG|CH,0.5|0.1|0.015|0.385,liver,liver:0.5 + spleen:0.5,0.0,0.5,0.0,0.5,0.0,0.0,0.0,0.0,0.0
train,2929,4,IL|HL|PEG|CH,0.35|0.16|0.025|0.465,liver,liver:0.2 + spleen:0.2 + heart:0.2 + lung:0.2 + kidney:0.2,0.0,0.20000000298023224,0.0,0.20000000298023224,0.0,0.20000000298023224,0.20000000298023224,0.20000000298023224,0.0
train,544,3,IL|HL|CH,0.406091|0.304569|0.28934,muscle,muscle:1,0.0,0.0,1.0,0.0,0.0,0.0,0.0,0.0,0.0
train,2548,4,IL|HL|PEG|CH,0.451488|0.0896034|0.00905134|0.449857,lung_epithelium,lung_epithelium:1,1.0,0.0,0.0,0.0,0.0,0.0,0.0,0.0,0.0
train,694,3,IL|HL|CH,0.406091|0.304569|0.28934,muscle,muscle:1,0.0,0.0,1.0,0.0,0.0,0.0,0.0,0.0,0.0
train,3237,4,IL|HL|PEG|CH,0.5|0.1|0.015|0.385,bone_marrow,bone_marrow:1,0.0,0.0,0.0,0.0,1.0,0.0,0.0,0.0,0.0
train,3208,4,IL|HL|PEG|CH,0.5|0.1|0.015|0.385,bone_marrow,bone_marrow:1,0.0,0.0,0.0,0.0,1.0,0.0,0.0,0.0,0.0
train,3263,4,IL|HL|PEG|CH,0.5|0.1|0.015|0.385,bone_marrow,bone_marrow:1,0.0,0.0,0.0,0.0,1.0,0.0,0.0,0.0,0.0
train,3087,4,IL|HL|PEG|CH,0.5|0.1|0.015|0.385,muscle,muscle:1,0.0,0.0,1.0,0.0,0.0,0.0,0.0,0.0,0.0
train,2154,4,IL|HL|PEG|CH,0.388996|0.196961|0.0495272|0.364516,lung_epithelium,lung_epithelium:1,1.0,0.0,0.0,0.0,0.0,0.0,0.0,0.0,0.0
train,2233,4,IL|HL|PEG|CH,0.566797|0.151366|0.0109053|0.270931,lung_epithelium,lung_epithelium:1,1.0,0.0,0.0,0.0,0.0,0.0,0.0,0.0,0.0
train,203,4,IL|HL|PEG|CH,0.35|0.16|0.025|0.465,liver,liver:1,0.0,1.0,0.0,0.0,0.0,0.0,0.0,0.0,0.0
train,2858,4,IL|HL|PEG|CH,0.317183|0.293885|0.0263373|0.362595,lung_epithelium,lung_epithelium:1,1.0,0.0,0.0,0.0,0.0,0.0,0.0,0.0,0.0
train,308,4,IL|HL|PEG|CH,0.35|0.16|0.025|0.465,liver,liver:1,0.0,1.0,0.0,0.0,0.0,0.0,0.0,0.0,0.0
train,2033,4,IL|HL|PEG|CH,0.19947|0.300463|0.00991097|0.490156,lung_epithelium,lung_epithelium:1,1.0,0.0,0.0,0.0,0.0,0.0,0.0,0.0,0.0
train,1975,4,IL|HL|PEG|CH,0.47032|0.107855|0.0321179|0.389708,lung_epithelium,lung_epithelium:1,1.0,0.0,0.0,0.0,0.0,0.0,0.0,0.0,0.0
train,2132,4,IL|HL|PEG|CH,0.403803|0.0930731|0.00973268|0.493391,lung_epithelium,lung_epithelium:1,1.0,0.0,0.0,0.0,0.0,0.0,0.0,0.0,0.0
train,2359,4,IL|HL|PEG|CH,0.583482|0.0848124|0.0252562|0.30645,lung_epithelium,lung_epithelium:1,1.0,0.0,0.0,0.0,0.0,0.0,0.0,0.0,0.0
train,182,4,IL|HL|PEG|CH,0.35|0.16|0.025|0.465,liver,liver:1,0.0,1.0,0.0,0.0,0.0,0.0,0.0,0.0,0.0
train,1274,4,IL|HL|PEG|CH,0.609078|0.097357|0.0487703|0.244795,lung_epithelium,lung_epithelium:1,1.0,0.0,0.0,0.0,0.0,0.0,0.0,0.0,0.0
train,759,3,IL|HL|CH,0.406091|0.304569|0.28934,muscle,muscle:1,0.0,0.0,1.0,0.0,0.0,0.0,0.0,0.0,0.0
train,2536,4,IL|HL|PEG|CH,0.569498|0.0876598|0.0261041|0.316738,lung_epithelium,lung_epithelium:1,1.0,0.0,0.0,0.0,0.0,0.0,0.0,0.0,0.0
train,2540,4,IL|HL|PEG|CH,0.462828|0.268663|0.0448346|0.223675,lung_epithelium,lung_epithelium:1,1.0,0.0,0.0,0.0,0.0,0.0,0.0,0.0,0.0
train,2215,4,IL|HL|PEG|CH,0.56082|0.153455|0.0110558|0.27467,lung_epithelium,lung_epithelium:1,1.0,0.0,0.0,0.0,0.0,0.0,0.0,0.0,0.0
train,1302,4,IL|HL|PEG|CH,0.195216|0.30206|0.00996364|0.492761,lung_epithelium,lung_epithelium:1,1.0,0.0,0.0,0.0,0.0,0.0,0.0,0.0,0.0
train,568,3,IL|HL|CH,0.406091|0.304569|0.28934,muscle,muscle:1,0.0,0.0,1.0,0.0,0.0,0.0,0.0,0.0,0.0
train,2325,4,IL|HL|PEG|CH,0.461982|0.269086|0.0449052|0.224027,lung_epithelium,lung_epithelium:1,1.0,0.0,0.0,0.0,0.0,0.0,0.0,0.0,0.0
train,183,4,IL|HL|PEG|CH,0.35|0.16|0.025|0.465,liver,liver:1,0.0,1.0,0.0,0.0,0.0,0.0,0.0,0.0,0.0
train,1936,4,IL|HL|PEG|CH,0.525928|0.15282|0.0384277|0.282824,lung_epithelium,lung_epithelium:1,1.0,0.0,0.0,0.0,0.0,0.0,0.0,0.0,0.0
train,3212,4,IL|HL|PEG|CH,0.5|0.1|0.015|0.385,bone_marrow,bone_marrow:1,0.0,0.0,0.0,0.0,1.0,0.0,0.0,0.0,0.0
train,1397,4,IL|HL|PEG|CH,0.596609|0.100996|0.0505449|0.25185,lung_epithelium,lung_epithelium:1,1.0,0.0,0.0,0.0,0.0,0.0,0.0,0.0,0.0
train,1587,4,IL|HL|PEG|CH,0.20032|0.300144|0.00990045|0.489636,lung_epithelium,lung_epithelium:1,1.0,0.0,0.0,0.0,0.0,0.0,0.0,0.0,0.0
train,745,3,IL|HL|CH,0.406091|0.304569|0.28934,muscle,muscle:1,0.0,0.0,1.0,0.0,0.0,0.0,0.0,0.0,0.0
train,757,3,IL|HL|CH,0.406091|0.304569|0.28934,muscle,muscle:1,0.0,0.0,1.0,0.0,0.0,0.0,0.0,0.0,0.0
train,705,3,IL|HL|CH,0.406091|0.304569|0.28934,muscle,muscle:1,0.0,0.0,1.0,0.0,0.0,0.0,0.0,0.0,0.0
train,2905,4,IL|HL|PEG|CH,0.35|0.16|0.025|0.465,liver,liver:0.2 + spleen:0.2 + heart:0.2 + lung:0.2 + kidney:0.2,0.0,0.20000000298023224,0.0,0.20000000298023224,0.0,0.20000000298023224,0.20000000298023224,0.20000000298023224,0.0
train,3276,4,IL|HL|PEG|CH,0.5|0.1|0.015|0.385,bone_marrow,bone_marrow:1,0.0,0.0,0.0,0.0,1.0,0.0,0.0,0.0,0.0
train,2912,4,IL|HL|PEG|CH,0.35|0.16|0.025|0.465,liver,liver:0.2 + spleen:0.2 + heart:0.2 + lung:0.2 + kidney:0.2,0.0,0.20000000298023224,0.0,0.20000000298023224,0.0,0.20000000298023224,0.20000000298023224,0.20000000298023224,0.0
train,2370,4,IL|HL|PEG|CH,0.466208|0.0876479|0.00863044|0.437514,lung_epithelium,lung_epithelium:1,1.0,0.0,0.0,0.0,0.0,0.0,0.0,0.0,0.0
train,2335,4,IL|HL|PEG|CH,0.412821|0.138357|0.0228975|0.425924,lung_epithelium,lung_epithelium:1,1.0,0.0,0.0,0.0,0.0,0.0,0.0,0.0,0.0
train,316,4,IL|HL|PEG|CH,0.35|0.16|0.025|0.465,liver,liver:1,0.0,1.0,0.0,0.0,0.0,0.0,0.0,0.0,0.0
train,2054,4,IL|HL|PEG|CH,0.319437|0.167659|0.0260704|0.486834,lung_epithelium,lung_epithelium:1,1.0,0.0,0.0,0.0,0.0,0.0,0.0,0.0,0.0
train,195,4,IL|HL|PEG|CH,0.35|0.16|0.025|0.465,liver,liver:1,0.0,1.0,0.0,0.0,0.0,0.0,0.0,0.0,0.0
train,295,4,IL|HL|PEG|CH,0.35|0.16|0.025|0.465,liver,liver:1,0.0,1.0,0.0,0.0,0.0,0.0,0.0,0.0,0.0
train,2019,4,IL|HL|PEG|CH,0.181243|0.307304|0.0101366|0.501316,lung_epithelium,lung_epithelium:1,1.0,0.0,0.0,0.0,0.0,0.0,0.0,0.0,0.0
train,2508,4,IL|HL|PEG|CH,0.466825|0.125632|0.0207915|0.386751,lung_epithelium,lung_epithelium:1,1.0,0.0,0.0,0.0,0.0,0.0,0.0,0.0,0.0
train,913,4,IL|HL|PEG|CH,0.5|0.1|0.015|0.385,liver,liver:0.5 + spleen:0.5,0.0,0.5,0.0,0.5,0.0,0.0,0.0,0.0,0.0
train,2342,4,IL|HL|PEG|CH,0.663277|0.0842255|0.00841002|0.244088,lung_epithelium,lung_epithelium:1,1.0,0.0,0.0,0.0,0.0,0.0,0.0,0.0,0.0
train,2887,4,IL|HL|PEG|CH,0.35|0.16|0.025|0.465,liver,liver:0.2 + spleen:0.2 + heart:0.2 + lung:0.2 + kidney:0.2,0.0,0.20000000298023224,0.0,0.20000000298023224,0.0,0.20000000298023224,0.20000000298023224,0.20000000298023224,0.0
train,1234,4,IL|HL|PEG|CH,0.346495|0.161176|0.0251171|0.467212,lung_epithelium,lung_epithelium:1,1.0,0.0,0.0,0.0,0.0,0.0,0.0,0.0,0.0
train,2656,4,IL|HL|PEG|CH,0.653317|0.121135|0.00872726|0.21682,lung_epithelium,lung_epithelium:1,1.0,0.0,0.0,0.0,0.0,0.0,0.0,0.0,0.0
train,326,4,IL|HL|PEG|CH,0.35|0.16|0.025|0.465,liver,liver:1,0.0,1.0,0.0,0.0,0.0,0.0,0.0,0.0,0.0
train,1761,4,IL|HL|PEG|CH,0.355357|0.105307|0.0106377|0.528698,lung_epithelium,lung_epithelium:1,1.0,0.0,0.0,0.0,0.0,0.0,0.0,0.0,0.0
train,3040,4,IL|HL|PEG|CH,0.353133|0.215108|0.0178274|0.413931,liver,liver:1,0.0,1.0,0.0,0.0,0.0,0.0,0.0,0.0,0.0
train,1146,4,IL|HL|PEG|CH,0.380687|0.19964|0.0502008|0.369473,lung_epithelium,lung_epithelium:1,1.0,0.0,0.0,0.0,0.0,0.0,0.0,0.0,0.0
train,3106,4,IL|HL|PEG|CH,0.5|0.1|0.015|0.385,muscle,muscle:1,0.0,0.0,1.0,0.0,0.0,0.0,0.0,0.0,0.0
train,2225,4,IL|HL|PEG|CH,0.351897|0.105872|0.0106948|0.531536,lung_epithelium,lung_epithelium:1,1.0,0.0,0.0,0.0,0.0,0.0,0.0,0.0,0.0
train,3120,4,IL|HL|PEG|CH,0.5|0.1|0.015|0.385,muscle,muscle:1,0.0,0.0,1.0,0.0,0.0,0.0,0.0,0.0,0.0
train,2940,4,IL|HL|PEG|CH,0.35|0.16|0.025|0.465,liver,liver:0.2 + spleen:0.2 + heart:0.2 + lung:0.2 + kidney:0.2,0.0,0.20000000298023224,0.0,0.20000000298023224,0.0,0.20000000298023224,0.20000000298023224,0.20000000298023224,0.0
train,1464,4,IL|HL|PEG|CH,0.266337|0.40834|0.0105354|0.314787,lung_epithelium,lung_epithelium:1,1.0,0.0,0.0,0.0,0.0,0.0,0.0,0.0,0.0
train,2965,4,IL|HL|PEG|CH,0.524693|0.158058|0.0130993|0.304149,liver,liver:1,0.0,1.0,0.0,0.0,0.0,0.0,0.0,0.0,0.0
train,1962,4,IL|HL|PEG|CH,0.544984|0.220323|0.0390163|0.195676,lung_epithelium,lung_epithelium:1,1.0,0.0,0.0,0.0,0.0,0.0,0.0,0.0,0.0
train,2866,4,IL|HL|PEG|CH,0.432235|0.244367|0.0218996|0.301499,lung_epithelium,lung_epithelium:1,1.0,0.0,0.0,0.0,0.0,0.0,0.0,0.0,0.0
train,1980,4,IL|HL|PEG|CH,0.404873|0.319201|0.0106886|0.265238,lung_epithelium,lung_epithelium:1,1.0,0.0,0.0,0.0,0.0,0.0,0.0,0.0,0.0
train,1448,4,IL|HL|PEG|CH,0.570586|0.150042|0.0108099|0.268562,lung_epithelium,lung_epithelium:1,1.0,0.0,0.0,0.0,0.0,0.0,0.0,0.0,0.0
train,800,4,IL|HL|PEG|CH,0.238095|0.238095|0.047619|0.47619,liver,liver:1,0.0,1.0,0.0,0.0,0.0,0.0,0.0,0.0,0.0
train,1124,4,IL|HL|PEG|CH,0.35|0.16|0.025|0.465,lung_epithelium,lung_epithelium:1,1.0,0.0,0.0,0.0,0.0,0.0,0.0,0.0,0.0
train,1019,4,IL|HL|PEG|CH,0.35|0.16|0.025|0.465,muscle,muscle:1,0.0,0.0,1.0,0.0,0.0,0.0,0.0,0.0,0.0
train,2118,4,IL|HL|PEG|CH,0.419179|0.281239|0.0498037|0.249778,lung_epithelium,lung_epithelium:1,1.0,0.0,0.0,0.0,0.0,0.0,0.0,0.0,0.0
train,3310,4,IL|HL|PEG|CH,0.333333|0.133333|0.02|0.513333,ear,ear:1,0.0,0.0,0.0,0.0,0.0,0.0,0.0,0.0,1.0
train,3265,4,IL|HL|PEG|CH,0.5|0.1|0.015|0.385,bone_marrow,bone_marrow:1,0.0,0.0,0.0,0.0,1.0,0.0,0.0,0.0,0.0
train,1278,4,IL|HL|PEG|CH,0.398361|0.0982821|0.00992802|0.493429,lung_epithelium,lung_epithelium:1,1.0,0.0,0.0,0.0,0.0,0.0,0.0,0.0,0.0
train,1410,4,IL|HL|PEG|CH,0.385627|0.100362|0.0101382|0.503873,lung_epithelium,lung_epithelium:1,1.0,0.0,0.0,0.0,0.0,0.0,0.0,0.0,0.0
train,1739,4,IL|HL|PEG|CH,0.364492|0.317845|0.0530421|0.264621,lung_epithelium,lung_epithelium:1,1.0,0.0,0.0,0.0,0.0,0.0,0.0,0.0,0.0
train,1196,4,IL|HL|PEG|CH,0.344301|0.100779|0.0502927|0.504628,lung_epithelium,lung_epithelium:1,1.0,0.0,0.0,0.0,0.0,0.0,0.0,0.0,0.0
train,1270,4,IL|HL|PEG|CH,0.409362|0.295403|0.049297|0.245938,lung_epithelium,lung_epithelium:1,1.0,0.0,0.0,0.0,0.0,0.0,0.0,0.0,0.0
train,2786,4,IL|HL|PEG|CH,0.424388|0.135632|0.0224464|0.417534,lung_epithelium,lung_epithelium:1,1.0,0.0,0.0,0.0,0.0,0.0,0.0,0.0,0.0
train,1593,4,IL|HL|PEG|CH,0.400926|0.299622|0.0500012|0.24945,lung_epithelium,lung_epithelium:1,1.0,0.0,0.0,0.0,0.0,0.0,0.0,0.0,0.0
train,1272,4,IL|HL|PEG|CH,0.275451|0.199916|0.0297586|0.494875,lung_epithelium,lung_epithelium:1,1.0,0.0,0.0,0.0,0.0,0.0,0.0,0.0,0.0
train,3206,4,IL|HL|PEG|CH,0.5|0.1|0.015|0.385,bone_marrow,bone_marrow:1,0.0,0.0,0.0,0.0,1.0,0.0,0.0,0.0,0.0
train,1208,4,IL|HL|PEG|CH,0.278217|0.401728|0.0103649|0.30969,lung_epithelium,lung_epithelium:1,1.0,0.0,0.0,0.0,0.0,0.0,0.0,0.0,0.0
train,1308,4,IL|HL|PEG|CH,0.393224|0.303475|0.050644|0.252658,lung_epithelium,lung_epithelium:1,1.0,0.0,0.0,0.0,0.0,0.0,0.0,0.0,0.0
train,2789,4,IL|HL|PEG|CH,0.457212|0.0847355|0.00886081|0.449192,lung_epithelium,lung_epithelium:1,1.0,0.0,0.0,0.0,0.0,0.0,0.0,0.0,0.0
train,1935,4,IL|HL|PEG|CH,0.730351|0.0942186|0.00678804|0.168642,lung_epithelium,lung_epithelium:1,1.0,0.0,0.0,0.0,0.0,0.0,0.0,0.0,0.0
train,52,4,IL|HL|PEG|CH,0.5|0.1|0.015|0.385,liver,liver:1,0.0,1.0,0.0,0.0,0.0,0.0,0.0,0.0,0.0
train,1509,4,IL|HL|PEG|CH,0.397666|0.0940312|0.00983287|0.49847,lung_epithelium,lung_epithelium:1,1.0,0.0,0.0,0.0,0.0,0.0,0.0,0.0,0.0
train,1510,4,IL|HL|PEG|CH,0.349667|0.160394|0.0249952|0.464944,lung_epithelium,lung_epithelium:1,1.0,0.0,0.0,0.0,0.0,0.0,0.0,0.0,0.0
train,636,3,IL|HL|CH,0.406091|0.304569|0.28934,muscle,muscle:1,0.0,0.0,1.0,0.0,0.0,0.0,0.0,0.0,0.0
train,882,4,IL|HL|PEG|CH,0.5|0.1|0.015|0.385,liver,liver:0.5 + spleen:0.5,0.0,0.5,0.0,0.5,0.0,0.0,0.0,0.0,0.0
train,1592,4,IL|HL|PEG|CH,0.381142|0.199493|0.0501639|0.369201,lung_epithelium,lung_epithelium:1,1.0,0.0,0.0,0.0,0.0,0.0,0.0,0.0,0.0
train,1118,4,IL|HL|PEG|CH,0.35|0.16|0.025|0.465,lung_epithelium,lung_epithelium:1,1.0,0.0,0.0,0.0,0.0,0.0,0.0,0.0,0.0
train,1120,4,IL|HL|PEG|CH,0.35|0.16|0.025|0.465,lung_epithelium,lung_epithelium:1,1.0,0.0,0.0,0.0,0.0,0.0,0.0,0.0,0.0
train,1764,4,IL|HL|PEG|CH,0.358027|0.100219|0.01048|0.531274,lung_epithelium,lung_epithelium:1,1.0,0.0,0.0,0.0,0.0,0.0,0.0,0.0,0.0
train,217,4,IL|HL|PEG|CH,0.35|0.16|0.025|0.465,liver,liver:1,0.0,1.0,0.0,0.0,0.0,0.0,0.0,0.0,0.0
train,1035,4,IL|HL|PEG|CH,0.35|0.16|0.025|0.465,muscle,muscle:1,0.0,0.0,1.0,0.0,0.0,0.0,0.0,0.0,0.0
train,3245,4,IL|HL|PEG|CH,0.5|0.1|0.015|0.385,bone_marrow,bone_marrow:1,0.0,0.0,0.0,0.0,1.0,0.0,0.0,0.0,0.0
train,915,4,IL|HL|PEG|CH,0.5|0.1|0.015|0.385,liver,liver:0.5 + spleen:0.5,0.0,0.5,0.0,0.5,0.0,0.0,0.0,0.0,0.0
train,413,4,IL|HL|PEG|CH,0.35|0.16|0.025|0.465,liver,liver:1,0.0,1.0,0.0,0.0,0.0,0.0,0.0,0.0,0.0
train,654,3,IL|HL|CH,0.406091|0.304569|0.28934,muscle,muscle:1,0.0,0.0,1.0,0.0,0.0,0.0,0.0,0.0,0.0
train,2122,4,IL|HL|PEG|CH,0.451861|0.293999|0.00984468|0.244296,lung_epithelium,lung_epithelium:1,1.0,0.0,0.0,0.0,0.0,0.0,0.0,0.0,0.0
train,1564,4,IL|HL|PEG|CH,0.560542|0.110026|0.0550641|0.274368,lung_epithelium,lung_epithelium:1,1.0,0.0,0.0,0.0,0.0,0.0,0.0,0.0,0.0
train,545,3,IL|HL|CH,0.406091|0.304569|0.28934,muscle,muscle:1,0.0,0.0,1.0,0.0,0.0,0.0,0.0,0.0,0.0
train,974,4,IL|HL|PEG|CH,0.5|0.1|0.015|0.385,liver,liver:0.5 + spleen:0.5,0.0,0.5,0.0,0.5,0.0,0.0,0.0,0.0,0.0
train,307,4,IL|HL|PEG|CH,0.35|0.16|0.025|0.465,liver,liver:1,0.0,1.0,0.0,0.0,0.0,0.0,0.0,0.0,0.0
train,1667,4,IL|HL|PEG|CH,0.563924|0.108602|0.0544035|0.27307,lung_epithelium,lung_epithelium:1,1.0,0.0,0.0,0.0,0.0,0.0,0.0,0.0,0.0
train,448,4,IL|HL|PEG|CH,0.35|0.16|0.025|0.465,liver,liver:1,0.0,1.0,0.0,0.0,0.0,0.0,0.0,0.0,0.0
train,86,4,IL|HL|PEG|CH,0.5|0.1|0.015|0.385,liver,liver:1,0.0,1.0,0.0,0.0,0.0,0.0,0.0,0.0,0.0
train,1091,4,IL|HL|PEG|CH,0.35|0.16|0.025|0.465,muscle,muscle:1,0.0,0.0,1.0,0.0,0.0,0.0,0.0,0.0,0.0
train,13,4,IL|HL|PEG|CH,0.5|0.1|0.015|0.385,liver,liver:1,0.0,1.0,0.0,0.0,0.0,0.0,0.0,0.0,0.0
train,1677,4,IL|HL|PEG|CH,0.241505|0.422162|0.010892|0.325442,lung_epithelium,lung_epithelium:1,1.0,0.0,0.0,0.0,0.0,0.0,0.0,0.0,0.0
train,3249,4,IL|HL|PEG|CH,0.5|0.1|0.015|0.385,bone_marrow,bone_marrow:1,0.0,0.0,0.0,0.0,1.0,0.0,0.0,0.0,0.0
train,1573,4,IL|HL|PEG|CH,0.56021|0.109527|0.0548669|0.275396,lung_epithelium,lung_epithelium:1,1.0,0.0,0.0,0.0,0.0,0.0,0.0,0.0,0.0
train,1563,4,IL|HL|PEG|CH,0.174983|0.309653|0.0102141|0.505149,lung_epithelium,lung_epithelium:1,1.0,0.0,0.0,0.0,0.0,0.0,0.0,0.0,0.0
train,1835,4,IL|HL|PEG|CH,0.345866|0.106857|0.0107943|0.536482,lung_epithelium,lung_epithelium:1,1.0,0.0,0.0,0.0,0.0,0.0,0.0,0.0,0.0
train,1231,4,IL|HL|PEG|CH,0.355309|0.20782|0.0522579|0.384613,lung_epithelium,lung_epithelium:1,1.0,0.0,0.0,0.0,0.0,0.0,0.0,0.0,0.0
train,614,3,IL|HL|CH,0.406091|0.304569|0.28934,muscle,muscle:1,0.0,0.0,1.0,0.0,0.0,0.0,0.0,0.0,0.0
train,3009,4,IL|HL|PEG|CH,0.332628|0.221927|0.0183926|0.427052,liver,liver:1,0.0,1.0,0.0,0.0,0.0,0.0,0.0,0.0,0.0
train,2946,4,IL|HL|PEG|CH,0.5|0.1|0.015|0.385,ear,ear:1,0.0,0.0,0.0,0.0,0.0,0.0,0.0,0.0,1.0
train,1381,4,IL|HL|PEG|CH,0.202016|0.299421|0.0500224|0.448541,lung_epithelium,lung_epithelium:1,1.0,0.0,0.0,0.0,0.0,0.0,0.0,0.0,0.0
train,1557,4,IL|HL|PEG|CH,0.313787|0.169243|0.0263742|0.490596,lung_epithelium,lung_epithelium:1,1.0,0.0,0.0,0.0,0.0,0.0,0.0,0.0,0.0
train,1284,4,IL|HL|PEG|CH,0.248861|0.418067|0.0107864|0.322285,lung_epithelium,lung_epithelium:1,1.0,0.0,0.0,0.0,0.0,0.0,0.0,0.0,0.0
train,1072,4,IL|HL|PEG|CH,0.35|0.16|0.025|0.465,muscle,muscle:1,0.0,0.0,1.0,0.0,0.0,0.0,0.0,0.0,0.0
train,2194,4,IL|HL|PEG|CH,0.561284|0.10984|0.0549711|0.273905,lung_epithelium,lung_epithelium:1,1.0,0.0,0.0,0.0,0.0,0.0,0.0,0.0,0.0
train,1052,4,IL|HL|PEG|CH,0.35|0.16|0.025|0.465,muscle,muscle:1,0.0,0.0,1.0,0.0,0.0,0.0,0.0,0.0,0.0
train,2678,4,IL|HL|PEG|CH,0.322915|0.18682|0.0278092|0.462457,lung_epithelium,lung_epithelium:1,1.0,0.0,0.0,0.0,0.0,0.0,0.0,0.0,0.0
train,1797,4,IL|HL|PEG|CH,0.401561|0.320363|0.0105932|0.267483,lung_epithelium,lung_epithelium:1,1.0,0.0,0.0,0.0,0.0,0.0,0.0,0.0,0.0
train,177,4,IL|HL|PEG|CH,0.35|0.16|0.025|0.465,liver,liver:1,0.0,1.0,0.0,0.0,0.0,0.0,0.0,0.0,0.0
train,3140,4,IL|HL|PEG|CH,0.5|0.1|0.015|0.385,muscle,muscle:1,0.0,0.0,1.0,0.0,0.0,0.0,0.0,0.0,0.0
train,1366,4,IL|HL|PEG|CH,0.352897|0.159597|0.024871|0.462635,lung_epithelium,lung_epithelium:1,1.0,0.0,0.0,0.0,0.0,0.0,0.0,0.0,0.0
train,968,4,IL|HL|PEG|CH,0.5|0.1|0.015|0.385,liver,liver:0.5 + spleen:0.5,0.0,0.5,0.0,0.5,0.0,0.0,0.0,0.0,0.0
train,3219,4,IL|HL|PEG|CH,0.5|0.1|0.015|0.385,bone_marrow,bone_marrow:1,0.0,0.0,0.0,0.0,1.0,0.0,0.0,0.0,0.0
train,1132,4,IL|HL|PEG|CH,0.35|0.16|0.025|0.465,muscle,muscle:1,0.0,0.0,1.0,0.0,0.0,0.0,0.0,0.0,0.0
train,1310,4,IL|HL|PEG|CH,0.355364|0.158989|0.0247762|0.460871,lung_epithelium,lung_epithelium:1,1.0,0.0,0.0,0.0,0.0,0.0,0.0,0.0,0.0
train,1984,4,IL|HL|PEG|CH,0.317841|0.10516|0.0523799|0.524619,lung_epithelium,lung_epithelium:1,1.0,0.0,0.0,0.0,0.0,0.0,0.0,0.0,0.0
train,2463,4,IL|HL|PEG|CH,0.252536|0.280546|0.00925399|0.457664,lung_epithelium,lung_epithelium:1,1.0,0.0,0.0,0.0,0.0,0.0,0.0,0.0,0.0
train,932,4,IL|HL|PEG|CH,0.5|0.1|0.015|0.385,liver,liver:0.5 + spleen:0.5,0.0,0.5,0.0,0.5,0.0,0.0,0.0,0.0,0.0
train,2607,4,IL|HL|PEG|CH,0.236884|0.255567|0.030442|0.477107,lung_epithelium,lung_epithelium:1,1.0,0.0,0.0,0.0,0.0,0.0,0.0,0.0,0.0
train,1514,4,IL|HL|PEG|CH,0.349024|0.100053|0.0499304|0.500992,lung_epithelium,lung_epithelium:1,1.0,0.0,0.0,0.0,0.0,0.0,0.0,0.0,0.0
train,645,3,IL|HL|CH,0.406091|0.304569|0.28934,muscle,muscle:1,0.0,0.0,1.0,0.0,0.0,0.0,0.0,0.0,0.0
train,3282,4,IL|HL|PEG|CH,0.5|0.1|0.015|0.385,ear,ear:1,0.0,0.0,0.0,0.0,0.0,0.0,0.0,0.0,1.0
train,481,4,IL|HL|PEG|CH,0.35|0.16|0.025|0.465,liver,liver:1,0.0,1.0,0.0,0.0,0.0,0.0,0.0,0.0,0.0
train,1426,4,IL|HL|PEG|CH,0.364477|0.317852|0.0530434|0.264628,lung_epithelium,lung_epithelium:1,1.0,0.0,0.0,0.0,0.0,0.0,0.0,0.0,0.0
train,990,4,IL|HL|PEG|CH,0.5|0.1|0.015|0.385,liver,liver:1,0.0,1.0,0.0,0.0,0.0,0.0,0.0,0.0,0.0
train,2108,4,IL|HL|PEG|CH,0.354979|0.0994349|0.0495283|0.496058,lung_epithelium,lung_epithelium:1,1.0,0.0,0.0,0.0,0.0,0.0,0.0,0.0,0.0
train,1916,4,IL|HL|PEG|CH,0.199885|0.300221|0.050156|0.449739,lung_epithelium,lung_epithelium:1,1.0,0.0,0.0,0.0,0.0,0.0,0.0,0.0,0.0
train,294,4,IL|HL|PEG|CH,0.35|0.16|0.025|0.465,liver,liver:1,0.0,1.0,0.0,0.0,0.0,0.0,0.0,0.0,0.0
train,1967,4,IL|HL|PEG|CH,0.318196|0.168155|0.0262047|0.487443,lung_epithelium,lung_epithelium:1,1.0,0.0,0.0,0.0,0.0,0.0,0.0,0.0,0.0
train,3111,4,IL|HL|PEG|CH,0.5|0.1|0.015|0.385,muscle,muscle:1,0.0,0.0,1.0,0.0,0.0,0.0,0.0,0.0,0.0
train,3288,4,IL|HL|PEG|CH,0.5|0.1|0.015|0.385,ear,ear:1,0.0,0.0,0.0,0.0,0.0,0.0,0.0,0.0,1.0
train,2186,4,IL|HL|PEG|CH,0.355395|0.0993708|0.0494963|0.495738,lung_epithelium,lung_epithelium:1,1.0,0.0,0.0,0.0,0.0,0.0,0.0,0.0,0.0
train,1173,4,IL|HL|PEG|CH,0.422506|0.0948237|0.00933702|0.473333,lung_epithelium,lung_epithelium:1,1.0,0.0,0.0,0.0,0.0,0.0,0.0,0.0,0.0
train,73,4,IL|HL|PEG|CH,0.5|0.1|0.015|0.385,liver,liver:1,0.0,1.0,0.0,0.0,0.0,0.0,0.0,0.0,0.0
train,238,4,IL|HL|PEG|CH,0.35|0.16|0.025|0.465,liver,liver:1,0.0,1.0,0.0,0.0,0.0,0.0,0.0,0.0,0.0
train,1556,4,IL|HL|PEG|CH,0.385118|0.0959901|0.0100377|0.508854,lung_epithelium,lung_epithelium:1,1.0,0.0,0.0,0.0,0.0,0.0,0.0,0.0,0.0
train,453,4,IL|HL|PEG|CH,0.35|0.16|0.025|0.465,liver,liver:1,0.0,1.0,0.0,0.0,0.0,0.0,0.0,0.0,0.0
train,1187,4,IL|HL|PEG|CH,0.380005|0.300208|0.0531628|0.266624,lung_epithelium,lung_epithelium:1,1.0,0.0,0.0,0.0,0.0,0.0,0.0,0.0,0.0
train,71,4,IL|HL|PEG|CH,0.5|0.1|0.015|0.385,liver,liver:1,0.0,1.0,0.0,0.0,0.0,0.0,0.0,0.0,0.0
train,1968,4,IL|HL|PEG|CH,0.318002|0.293532|0.0263057|0.36216,lung_epithelium,lung_epithelium:1,1.0,0.0,0.0,0.0,0.0,0.0,0.0,0.0,0.0
train,460,4,IL|HL|PEG|CH,0.35|0.16|0.025|0.465,liver,liver:1,0.0,1.0,0.0,0.0,0.0,0.0,0.0,0.0,0.0
train,525,4,IL|HL|PEG|CH,0.35|0.16|0.025|0.465,liver,liver:1,0.0,1.0,0.0,0.0,0.0,0.0,0.0,0.0,0.0
train,1010,4,IL|HL|PEG|CH,0.35|0.16|0.025|0.465,muscle,muscle:1,0.0,0.0,1.0,0.0,0.0,0.0,0.0,0.0,0.0
train,1762,4,IL|HL|PEG|CH,0.177586|0.275426|0.0328075|0.51418,lung_epithelium,lung_epithelium:1,1.0,0.0,0.0,0.0,0.0,0.0,0.0,0.0,0.0
train,3209,4,IL|HL|PEG|CH,0.5|0.1|0.015|0.385,bone_marrow,bone_marrow:1,0.0,0.0,0.0,0.0,1.0,0.0,0.0,0.0,0.0
train,1875,4,IL|HL|PEG|CH,0.354941|0.322621|0.0538393|0.268598,lung_epithelium,lung_epithelium:1,1.0,0.0,0.0,0.0,0.0,0.0,0.0,0.0,0.0
train,839,4,IL|HL|PEG|CH,0.5|0.1|0.015|0.385,liver,liver:0.5 + spleen:0.5,0.0,0.5,0.0,0.5,0.0,0.0,0.0,0.0,0.0
train,1325,4,IL|HL|PEG|CH,0.349472|0.279988|0.0250919|0.345449,lung_epithelium,lung_epithelium:1,1.0,0.0,0.0,0.0,0.0,0.0,0.0,0.0,0.0
train,1997,4,IL|HL|PEG|CH,0.178173|0.308456|0.0101746|0.503196,lung_epithelium,lung_epithelium:1,1.0,0.0,0.0,0.0,0.0,0.0,0.0,0.0,0.0
train,1804,4,IL|HL|PEG|CH,0.308084|0.297801|0.0266883|0.367427,lung_epithelium,lung_epithelium:1,1.0,0.0,0.0,0.0,0.0,0.0,0.0,0.0,0.0
train,754,3,IL|HL|CH,0.406091|0.304569|0.28934,muscle,muscle:1,0.0,0.0,1.0,0.0,0.0,0.0,0.0,0.0,0.0
train,3194,4,IL|HL|PEG|CH,0.5|0.1|0.015|0.385,bone_marrow,bone_marrow:1,0.0,0.0,0.0,0.0,1.0,0.0,0.0,0.0,0.0
train,1720,4,IL|HL|PEG|CH,0.562964|0.10942|0.0547605|0.272856,lung_epithelium,lung_epithelium:1,1.0,0.0,0.0,0.0,0.0,0.0,0.0,0.0,0.0
train,2949,4,IL|HL|PEG|CH,0.333333|0.133333|0.02|0.513333,ear,ear:1,0.0,0.0,0.0,0.0,0.0,0.0,0.0,0.0,1.0
train,1131,4,IL|HL|PEG|CH,0.35|0.16|0.025|0.465,muscle,muscle:1,0.0,0.0,1.0,0.0,0.0,0.0,0.0,0.0,0.0
train,1228,4,IL|HL|PEG|CH,0.479031|0.106081|0.0315897|0.383298,lung_epithelium,lung_epithelium:1,1.0,0.0,0.0,0.0,0.0,0.0,0.0,0.0,0.0
train,2873,4,IL|HL|PEG|CH,0.434988|0.243182|0.0217934|0.300037,lung_epithelium,lung_epithelium:1,1.0,0.0,0.0,0.0,0.0,0.0,0.0,0.0,0.0
train,188,4,IL|HL|PEG|CH,0.35|0.16|0.025|0.465,liver,liver:1,0.0,1.0,0.0,0.0,0.0,0.0,0.0,0.0,0.0
train,3100,4,IL|HL|PEG|CH,0.5|0.1|0.015|0.385,muscle,muscle:1,0.0,0.0,1.0,0.0,0.0,0.0,0.0,0.0,0.0
train,1727,4,IL|HL|PEG|CH,0.3164|0.168599|0.0262738|0.488728,lung_epithelium,lung_epithelium:1,1.0,0.0,0.0,0.0,0.0,0.0,0.0,0.0,0.0
train,2002,4,IL|HL|PEG|CH,0.347696|0.210275|0.052875|0.389155,lung_epithelium,lung_epithelium:1,1.0,0.0,0.0,0.0,0.0,0.0,0.0,0.0,0.0
train,1617,4,IL|HL|PEG|CH,0.466182|0.108697|0.0323688|0.392752,lung_epithelium,lung_epithelium:1,1.0,0.0,0.0,0.0,0.0,0.0,0.0,0.0,0.0
train,1083,4,IL|HL|PEG|CH,0.35|0.16|0.025|0.465,muscle,muscle:1,0.0,0.0,1.0,0.0,0.0,0.0,0.0,0.0,0.0
train,842,4,IL|HL|PEG|CH,0.5|0.1|0.015|0.385,liver,liver:0.5 + spleen:0.5,0.0,0.5,0.0,0.5,0.0,0.0,0.0,0.0,0.0
train,746,3,IL|HL|CH,0.406091|0.304569|0.28934,muscle,muscle:1,0.0,0.0,1.0,0.0,0.0,0.0,0.0,0.0,0.0
train,2498,4,IL|HL|PEG|CH,0.49599|0.162471|0.0408545|0.300685,lung_epithelium,lung_epithelium:1,1.0,0.0,0.0,0.0,0.0,0.0,0.0,0.0,0.0
train,435,4,IL|HL|PEG|CH,0.35|0.16|0.025|0.465,liver,liver:1,0.0,1.0,0.0,0.0,0.0,0.0,0.0,0.0,0.0
train,2990,4,IL|HL|PEG|CH,0.329576|0.222942|0.0184767|0.429005,liver,liver:1,0.0,1.0,0.0,0.0,0.0,0.0,0.0,0.0,0.0
train,193,4,IL|HL|PEG|CH,0.35|0.16|0.025|0.465,liver,liver:1,0.0,1.0,0.0,0.0,0.0,0.0,0.0,0.0,0.0
train,1828,4,IL|HL|PEG|CH,0.337455|0.213576|0.0537051|0.395264,lung_epithelium,lung_epithelium:1,1.0,0.0,0.0,0.0,0.0,0.0,0.0,0.0,0.0
train,1194,4,IL|HL|PEG|CH,0.267689|0.407588|0.010516|0.314207,lung_epithelium,lung_epithelium:1,1.0,0.0,0.0,0.0,0.0,0.0,0.0,0.0,0.0
train,135,4,IL|HL|PEG|CH,0.35|0.16|0.025|0.465,lung_epithelium,lung_epithelium:1,1.0,0.0,0.0,0.0,0.0,0.0,0.0,0.0,0.0
train,2016,4,IL|HL|PEG|CH,0.29391|0.173947|0.0270483|0.505094,lung_epithelium,lung_epithelium:1,1.0,0.0,0.0,0.0,0.0,0.0,0.0,0.0,0.0
train,427,4,IL|HL|PEG|CH,0.35|0.16|0.025|0.465,liver,liver:1,0.0,1.0,0.0,0.0,0.0,0.0,0.0,0.0,0.0
train,2340,4,IL|HL|PEG|CH,0.381277|0.152424|0.0237015|0.442597,lung_epithelium,lung_epithelium:1,1.0,0.0,0.0,0.0,0.0,0.0,0.0,0.0,0.0
train,1726,4,IL|HL|PEG|CH,0.402331|0.320564|0.0107342|0.266371,lung_epithelium,lung_epithelium:1,1.0,0.0,0.0,0.0,0.0,0.0,0.0,0.0,0.0
train,951,4,IL|HL|PEG|CH,0.5|0.1|0.015|0.385,liver,liver:0.5 + spleen:0.5,0.0,0.5,0.0,0.5,0.0,0.0,0.0,0.0,0.0
train,1444,4,IL|HL|PEG|CH,0.181243|0.307304|0.0101366|0.501316,lung_epithelium,lung_epithelium:1,1.0,0.0,0.0,0.0,0.0,0.0,0.0,0.0,0.0
train,1947,4,IL|HL|PEG|CH,0.641011|0.0730981|0.0217678|0.264123,lung_epithelium,lung_epithelium:1,1.0,0.0,0.0,0.0,0.0,0.0,0.0,0.0,0.0
train,2884,4,IL|HL|PEG|CH,0.35|0.16|0.025|0.465,liver,liver:0.2 + spleen:0.2 + heart:0.2 + lung:0.2 + kidney:0.2,0.0,0.20000000298023224,0.0,0.20000000298023224,0.0,0.20000000298023224,0.20000000298023224,0.20000000298023224,0.0
train,450,4,IL|HL|PEG|CH,0.35|0.16|0.025|0.465,liver,liver:1,0.0,1.0,0.0,0.0,0.0,0.0,0.0,0.0,0.0
train,83,4,IL|HL|PEG|CH,0.5|0.1|0.015|0.385,liver,liver:1,0.0,1.0,0.0,0.0,0.0,0.0,0.0,0.0,0.0
train,2488,4,IL|HL|PEG|CH,0.477341|0.253077|0.0448165|0.224766,lung_epithelium,lung_epithelium:1,1.0,0.0,0.0,0.0,0.0,0.0,0.0,0.0,0.0
train,3285,4,IL|HL|PEG|CH,0.5|0.1|0.015|0.385,ear,ear:1,0.0,0.0,0.0,0.0,0.0,0.0,0.0,0.0,1.0
train,2567,4,IL|HL|PEG|CH,0.152758|0.317995|0.0104893|0.518758,lung_epithelium,lung_epithelium:1,1.0,0.0,0.0,0.0,0.0,0.0,0.0,0.0,0.0
train,1211,4,IL|HL|PEG|CH,0.607543|0.0981663|0.00980203|0.284488,lung_epithelium,lung_epithelium:1,1.0,0.0,0.0,0.0,0.0,0.0,0.0,0.0,0.0
train,670,3,IL|HL|CH,0.406091|0.304569|0.28934,muscle,muscle:1,0.0,0.0,1.0,0.0,0.0,0.0,0.0,0.0,0.0
train,2148,4,IL|HL|PEG|CH,0.406944|0.0925828|0.00968142|0.490792,lung_epithelium,lung_epithelium:1,1.0,0.0,0.0,0.0,0.0,0.0,0.0,0.0,0.0
train,1204,4,IL|HL|PEG|CH,0.394864|0.302655|0.0505072|0.251975,lung_epithelium,lung_epithelium:1,1.0,0.0,0.0,0.0,0.0,0.0,0.0,0.0,0.0
train,2193,4,IL|HL|PEG|CH,0.175419|0.30949|0.0102087|0.504883,lung_epithelium,lung_epithelium:1,1.0,0.0,0.0,0.0,0.0,0.0,0.0,0.0,0.0
train,2004,4,IL|HL|PEG|CH,0.405243|0.319002|0.0106819|0.265073,lung_epithelium,lung_epithelium:1,1.0,0.0,0.0,0.0,0.0,0.0,0.0,0.0,0.0
train,511,4,IL|HL|PEG|CH,0.35|0.16|0.025|0.465,liver,liver:1,0.0,1.0,0.0,0.0,0.0,0.0,0.0,0.0,0.0
train,1596,4,IL|HL|PEG|CH,0.344155|0.282276|0.025297|0.348272,lung_epithelium,lung_epithelium:1,1.0,0.0,0.0,0.0,0.0,0.0,0.0,0.0,0.0
train,260,4,IL|HL|PEG|CH,0.35|0.16|0.025|0.465,liver,liver:1,0.0,1.0,0.0,0.0,0.0,0.0,0.0,0.0,0.0
train,1711,4,IL|HL|PEG|CH,0.31757|0.160801|0.0266118|0.495017,lung_epithelium,lung_epithelium:1,1.0,0.0,0.0,0.0,0.0,0.0,0.0,0.0,0.0
train,107,3,IL|HL|CH,0.510204|0.387755|0.102041,liver,liver:1,0.0,1.0,0.0,0.0,0.0,0.0,0.0,0.0,0.0
train,276,4,IL|HL|PEG|CH,0.35|0.16|0.025|0.465,liver,liver:1,0.0,1.0,0.0,0.0,0.0,0.0,0.0,0.0,0.0
train,824,4,IL|HL|PEG|CH,0.238095|0.238095|0.047619|0.47619,liver,liver:1,0.0,1.0,0.0,0.0,0.0,0.0,0.0,0.0,0.0
train,2382,4,IL|HL|PEG|CH,0.664436|0.0840145|0.0420462|0.209504,lung_epithelium,lung_epithelium:1,1.0,0.0,0.0,0.0,0.0,0.0,0.0,0.0,0.0
train,2918,4,IL|HL|PEG|CH,0.35|0.16|0.025|0.465,liver,liver:0.2 + spleen:0.2 + heart:0.2 + lung:0.2 + kidney:0.2,0.0,0.20000000298023224,0.0,0.20000000298023224,0.0,0.20000000298023224,0.20000000298023224,0.20000000298023224,0.0
train,2698,4,IL|HL|PEG|CH,0.431439|0.087648|0.0436572|0.437256,lung_epithelium,lung_epithelium:1,1.0,0.0,0.0,0.0,0.0,0.0,0.0,0.0,0.0
train,918,4,IL|HL|PEG|CH,0.5|0.1|0.015|0.385,liver,liver:0.5 + spleen:0.5,0.0,0.5,0.0,0.5,0.0,0.0,0.0,0.0,0.0
train,1089,4,IL|HL|PEG|CH,0.35|0.16|0.025|0.465,muscle,muscle:1,0.0,0.0,1.0,0.0,0.0,0.0,0.0,0.0,0.0
train,2344,4,IL|HL|PEG|CH,0.663396|0.0842748|0.0421764|0.210153,lung_epithelium,lung_epithelium:1,1.0,0.0,0.0,0.0,0.0,0.0,0.0,0.0,0.0
train,420,4,IL|HL|PEG|CH,0.35|0.16|0.025|0.465,liver,liver:1,0.0,1.0,0.0,0.0,0.0,0.0,0.0,0.0,0.0
train,885,4,IL|HL|PEG|CH,0.5|0.1|0.015|0.385,liver,liver:0.5 + spleen:0.5,0.0,0.5,0.0,0.5,0.0,0.0,0.0,0.0,0.0
train,2550,4,IL|HL|PEG|CH,0.413647|0.138163|0.0228653|0.425325,lung_epithelium,lung_epithelium:1,1.0,0.0,0.0,0.0,0.0,0.0,0.0,0.0,0.0
train,774,3,IL|HL|CH,0.406091|0.304569|0.28934,muscle,muscle:1,0.0,0.0,1.0,0.0,0.0,0.0,0.0,0.0,0.0
train,2726,4,IL|HL|PEG|CH,0.489684|0.273188|0.00903333|0.228095,lung_epithelium,lung_epithelium:1,1.0,0.0,0.0,0.0,0.0,0.0,0.0,0.0,0.0
train,1786,4,IL|HL|PEG|CH,0.562028|0.109654|0.0548779|0.27344,lung_epithelium,lung_epithelium:1,1.0,0.0,0.0,0.0,0.0,0.0,0.0,0.0,0.0
train,212,4,IL|HL|PEG|CH,0.35|0.16|0.025|0.465,liver,liver:1,0.0,1.0,0.0,0.0,0.0,0.0,0.0,0.0,0.0
train,1488,4,IL|HL|PEG|CH,0.276757|0.402541|0.0103858|0.310316,lung_epithelium,lung_epithelium:1,1.0,0.0,0.0,0.0,0.0,0.0,0.0,0.0,0.0
train,2468,4,IL|HL|PEG|CH,0.453748|0.176088|0.0442785|0.325886,lung_epithelium,lung_epithelium:1,1.0,0.0,0.0,0.0,0.0,0.0,0.0,0.0,0.0
train,1315,4,IL|HL|PEG|CH,0.605816|0.0985984|0.00984518|0.285741,lung_epithelium,lung_epithelium:1,1.0,0.0,0.0,0.0,0.0,0.0,0.0,0.0,0.0
train,1714,4,IL|HL|PEG|CH,0.315716|0.294516|0.0263939|0.363374,lung_epithelium,lung_epithelium:1,1.0,0.0,0.0,0.0,0.0,0.0,0.0,0.0,0.0
train,730,3,IL|HL|CH,0.406091|0.304569|0.28934,muscle,muscle:1,0.0,0.0,1.0,0.0,0.0,0.0,0.0,0.0,0.0
train,832,4,IL|HL|PEG|CH,0.5|0.1|0.015|0.385,liver,liver:0.5 + spleen:0.5,0.0,0.5,0.0,0.5,0.0,0.0,0.0,0.0,0.0
train,707,3,IL|HL|CH,0.406091|0.304569|0.28934,muscle,muscle:1,0.0,0.0,1.0,0.0,0.0,0.0,0.0,0.0,0.0
train,1567,4,IL|HL|PEG|CH,0.560077|0.153714|0.0110744|0.275134,lung_epithelium,lung_epithelium:1,1.0,0.0,0.0,0.0,0.0,0.0,0.0,0.0,0.0
train,2654,4,IL|HL|PEG|CH,0.562894|0.0890046|0.0265046|0.321597,lung_epithelium,lung_epithelium:1,1.0,0.0,0.0,0.0,0.0,0.0,0.0,0.0,0.0
train,1022,4,IL|HL|PEG|CH,0.35|0.16|0.025|0.465,muscle,muscle:1,0.0,0.0,1.0,0.0,0.0,0.0,0.0,0.0,0.0
train,1651,4,IL|HL|PEG|CH,0.317046|0.168439|0.0262489|0.488266,lung_epithelium,lung_epithelium:1,1.0,0.0,0.0,0.0,0.0,0.0,0.0,0.0,0.0
train,672,3,IL|HL|CH,0.406091|0.304569|0.28934,muscle,muscle:1,0.0,0.0,1.0,0.0,0.0,0.0,0.0,0.0,0.0
train,3144,4,IL|HL|PEG|CH,0.4|0.3|0.015|0.285,muscle,muscle:1,0.0,0.0,1.0,0.0,0.0,0.0,0.0,0.0,0.0
train,748,3,IL|HL|CH,0.406091|0.304569|0.28934,muscle,muscle:1,0.0,0.0,1.0,0.0,0.0,0.0,0.0,0.0,0.0
train,1815,4,IL|HL|PEG|CH,0.355775|0.322204|0.0537697|0.268251,lung_epithelium,lung_epithelium:1,1.0,0.0,0.0,0.0,0.0,0.0,0.0,0.0,0.0
train,3199,4,IL|HL|PEG|CH,0.5|0.1|0.015|0.385,bone_marrow,bone_marrow:1,0.0,0.0,0.0,0.0,1.0,0.0,0.0,0.0,0.0
train,2715,4,IL|HL|PEG|CH,0.668284|0.0826122|0.0413839|0.20772,lung_epithelium,lung_epithelium:1,1.0,0.0,0.0,0.0,0.0,0.0,0.0,0.0,0.0
train,2152,4,IL|HL|PEG|CH,0.416051|0.282754|0.0500719|0.251123,lung_epithelium,lung_epithelium:1,1.0,0.0,0.0,0.0,0.0,0.0,0.0,0.0,0.0
train,3070,4,IL|HL|PEG|CH,0.5|0.1|0.015|0.385,muscle,muscle:1,0.0,0.0,1.0,0.0,0.0,0.0,0.0,0.0,0.0
train,2820,4,IL|HL|PEG|CH,0.267144|0.172683|0.0285782|0.531595,lung_epithelium,lung_epithelium:1,1.0,0.0,0.0,0.0,0.0,0.0,0.0,0.0,0.0
train,1874,4,IL|HL|PEG|CH,0.336153|0.213995|0.0538106|0.396041,lung_epithelium,lung_epithelium:1,1.0,0.0,0.0,0.0,0.0,0.0,0.0,0.0,0.0
train,2664,4,IL|HL|PEG|CH,0.45797|0.0890006|0.00876364|0.444266,lung_epithelium,lung_epithelium:1,1.0,0.0,0.0,0.0,0.0,0.0,0.0,0.0,0.0
train,758,3,IL|HL|CH,0.406091|0.304569|0.28934,muscle,muscle:1,0.0,0.0,1.0,0.0,0.0,0.0,0.0,0.0,0.0
train,1940,4,IL|HL|PEG|CH,0.483917|0.222122|0.0199061|0.274054,lung_epithelium,lung_epithelium:1,1.0,0.0,0.0,0.0,0.0,0.0,0.0,0.0,0.0
train,2644,4,IL|HL|PEG|CH,0.534557|0.116532|0.0583199|0.290591,lung_epithelium,lung_epithelium:1,1.0,0.0,0.0,0.0,0.0,0.0,0.0,0.0,0.0
train,1805,4,IL|HL|PEG|CH,0.236274|0.425073|0.0109671|0.327686,lung_epithelium,lung_epithelium:1,1.0,0.0,0.0,0.0,0.0,0.0,0.0,0.0,0.0
train,243,4,IL|HL|PEG|CH,0.35|0.16|0.025|0.465,liver,liver:1,0.0,1.0,0.0,0.0,0.0,0.0,0.0,0.0,0.0
train,129,4,IL|HL|PEG|CH,0.35|0.16|0.025|0.465,lung_epithelium,lung_epithelium:1,1.0,0.0,0.0,0.0,0.0,0.0,0.0,0.0,0.0
train,503,4,IL|HL|PEG|CH,0.35|0.16|0.025|0.465,liver,liver:1,0.0,1.0,0.0,0.0,0.0,0.0,0.0,0.0,0.0
train,1117,4,IL|HL|PEG|CH,0.35|0.16|0.025|0.465,lung_epithelium,lung_epithelium:1,1.0,0.0,0.0,0.0,0.0,0.0,0.0,0.0,0.0
train,1932,4,IL|HL|PEG|CH,0.730722|0.0674185|0.0337405|0.168119,lung_epithelium,lung_epithelium:1,1.0,0.0,0.0,0.0,0.0,0.0,0.0,0.0,0.0
train,1978,4,IL|HL|PEG|CH,0.347347|0.210387|0.0529032|0.389363,lung_epithelium,lung_epithelium:1,1.0,0.0,0.0,0.0,0.0,0.0,0.0,0.0,0.0
train,2784,4,IL|HL|PEG|CH,0.409823|0.139064|0.0230144|0.428099,lung_epithelium,lung_epithelium:1,1.0,0.0,0.0,0.0,0.0,0.0,0.0,0.0,0.0
train,2552,4,IL|HL|PEG|CH,0.269833|0.274054|0.00903984|0.447074,lung_epithelium,lung_epithelium:1,1.0,0.0,0.0,0.0,0.0,0.0,0.0,0.0,0.0
train,30,4,IL|HL|PEG|CH,0.5|0.1|0.015|0.385,liver,liver:1,0.0,1.0,0.0,0.0,0.0,0.0,0.0,0.0,0.0
train,2713,4,IL|HL|PEG|CH,0.472227|0.0823913|0.00861568|0.436766,lung_epithelium,lung_epithelium:1,1.0,0.0,0.0,0.0,0.0,0.0,0.0,0.0,0.0
train,2582,4,IL|HL|PEG|CH,0.479968|0.251805|0.0445913|0.223636,lung_epithelium,lung_epithelium:1,1.0,0.0,0.0,0.0,0.0,0.0,0.0,0.0,0.0
train,1690,4,IL|HL|PEG|CH,0.314243|0.29515|0.0264507|0.364156,lung_epithelium,lung_epithelium:1,1.0,0.0,0.0,0.0,0.0,0.0,0.0,0.0,0.0
train,2971,4,IL|HL|PEG|CH,0.488375|0.170135|0.0141002|0.32739,liver,liver:1,0.0,1.0,0.0,0.0,0.0,0.0,0.0,0.0,0.0
train,847,4,IL|HL|PEG|CH,0.5|0.1|0.015|0.385,liver,liver:0.5 + spleen:0.5,0.0,0.5,0.0,0.5,0.0,0.0,0.0,0.0,0.0
train,609,3,IL|HL|CH,0.406091|0.304569|0.28934,muscle,muscle:1,0.0,0.0,1.0,0.0,0.0,0.0,0.0,0.0,0.0
train,2821,4,IL|HL|PEG|CH,0.300845|0.109146|0.0114134|0.578595,lung_epithelium,lung_epithelium:1,1.0,0.0,0.0,0.0,0.0,0.0,0.0,0.0,0.0
train,1963,4,IL|HL|PEG|CH,0.723221|0.09671|0.00696754|0.173102,lung_epithelium,lung_epithelium:1,1.0,0.0,0.0,0.0,0.0,0.0,0.0,0.0,0.0
train,3211,4,IL|HL|PEG|CH,0.5|0.1|0.015|0.385,bone_marrow,bone_marrow:1,0.0,0.0,0.0,0.0,1.0,0.0,0.0,0.0,0.0
train,3057,4,IL|HL|PEG|CH,0.5|0.1|0.015|0.385,muscle,muscle:1,0.0,0.0,1.0,0.0,0.0,0.0,0.0,0.0,0.0
train,3143,4,IL|HL|PEG|CH,0.4|0.3|0.015|0.285,muscle,muscle:1,0.0,0.0,1.0,0.0,0.0,0.0,0.0,0.0,0.0
train,2679,4,IL|HL|PEG|CH,0.661541|0.0842914|0.0422252|0.211943,lung_epithelium,lung_epithelium:1,1.0,0.0,0.0,0.0,0.0,0.0,0.0,0.0,0.0
train,273,4,IL|HL|PEG|CH,0.35|0.16|0.025|0.465,liver,liver:1,0.0,1.0,0.0,0.0,0.0,0.0,0.0,0.0,0.0
train,693,3,IL|HL|CH,0.406091|0.304569|0.28934,muscle,muscle:1,0.0,0.0,1.0,0.0,0.0,0.0,0.0,0.0,0.0
train,1837,4,IL|HL|PEG|CH,0.311845|0.16215|0.0268351|0.49917,lung_epithelium,lung_epithelium:1,1.0,0.0,0.0,0.0,0.0,0.0,0.0,0.0,0.0
train,2303,4,IL|HL|PEG|CH,0.330093|0.184839|0.0275143|0.457554,lung_epithelium,lung_epithelium:1,1.0,0.0,0.0,0.0,0.0,0.0,0.0,0.0,0.0
train,207,4,IL|HL|PEG|CH,0.35|0.16|0.025|0.465,liver,liver:1,0.0,1.0,0.0,0.0,0.0,0.0,0.0,0.0,0.0
train,56,4,IL|HL|PEG|CH,0.5|0.1|0.015|0.385,liver,liver:1,0.0,1.0,0.0,0.0,0.0,0.0,0.0,0.0,0.0
train,1034,4,IL|HL|PEG|CH,0.35|0.16|0.025|0.465,muscle,muscle:1,0.0,0.0,1.0,0.0,0.0,0.0,0.0,0.0,0.0
train,2896,4,IL|HL|PEG|CH,0.35|0.16|0.025|0.465,liver,liver:0.2 + spleen:0.2 + heart:0.2 + lung:0.2 + kidney:0.2,0.0,0.20000000298023224,0.0,0.20000000298023224,0.0,0.20000000298023224,0.20000000298023224,0.20000000298023224,0.0
train,624,3,IL|HL|CH,0.406091|0.304569|0.28934,muscle,muscle:1,0.0,0.0,1.0,0.0,0.0,0.0,0.0,0.0,0.0
train,1887,4,IL|HL|PEG|CH,0.552823|0.156249|0.0112571|0.279671,lung_epithelium,lung_epithelium:1,1.0,0.0,0.0,0.0,0.0,0.0,0.0,0.0,0.0
train,590,3,IL|HL|CH,0.406091|0.304569|0.28934,muscle,muscle:1,0.0,0.0,1.0,0.0,0.0,0.0,0.0,0.0,0.0
train,2622,4,IL|HL|PEG|CH,0.521458|0.256178|0.00847088|0.213893,lung_epithelium,lung_epithelium:1,1.0,0.0,0.0,0.0,0.0,0.0,0.0,0.0,0.0
train,2629,4,IL|HL|PEG|CH,0.257342|0.278742|0.00919448|0.454722,lung_epithelium,lung_epithelium:1,1.0,0.0,0.0,0.0,0.0,0.0,0.0,0.0,0.0
train,790,3,IL|HL|CH,0.406091|0.304569|0.28934,muscle,muscle:1,0.0,0.0,1.0,0.0,0.0,0.0,0.0,0.0,0.0
train,3177,4,IL|HL|PEG|CH,0.5|0.1|0.015|0.385,bone_marrow,bone_marrow:1,0.0,0.0,0.0,0.0,1.0,0.0,0.0,0.0,0.0
train,1007,4,IL|HL|PEG|CH,0.35|0.16|0.025|0.465,muscle,muscle:1,0.0,0.0,1.0,0.0,0.0,0.0,0.0,0.0,0.0
train,3191,4,IL|HL|PEG|CH,0.5|0.1|0.015|0.385,bone_marrow,bone_marrow:1,0.0,0.0,0.0,0.0,1.0,0.0,0.0,0.0,0.0
train,2626,4,IL|HL|PEG|CH,0.431167|0.134034|0.022182|0.412616,lung_epithelium,lung_epithelium:1,1.0,0.0,0.0,0.0,0.0,0.0,0.0,0.0,0.0
train,1645,4,IL|HL|PEG|CH,0.467497|0.108429|0.0322891|0.391785,lung_epithelium,lung_epithelium:1,1.0,0.0,0.0,0.0,0.0,0.0,0.0,0.0,0.0
train,2763,4,IL|HL|PEG|CH,0.444236|0.0912556|0.00898568|0.455522,lung_epithelium,lung_epithelium:1,1.0,0.0,0.0,0.0,0.0,0.0,0.0,0.0,0.0
train,1861,4,IL|HL|PEG|CH,0.313097|0.161855|0.0267863|0.498261,lung_epithelium,lung_epithelium:1,1.0,0.0,0.0,0.0,0.0,0.0,0.0,0.0,0.0
train,2420,4,IL|HL|PEG|CH,0.68274|0.0790119|0.0395804|0.198668,lung_epithelium,lung_epithelium:1,1.0,0.0,0.0,0.0,0.0,0.0,0.0,0.0,0.0
train,1179,4,IL|HL|PEG|CH,0.324251|0.290843|0.0260647|0.358842,lung_epithelium,lung_epithelium:1,1.0,0.0,0.0,0.0,0.0,0.0,0.0,0.0,0.0
train,704,3,IL|HL|CH,0.406091|0.304569|0.28934,muscle,muscle:1,0.0,0.0,1.0,0.0,0.0,0.0,0.0,0.0,0.0
train,2347,4,IL|HL|PEG|CH,0.662975|0.117761|0.00848414|0.21078,lung_epithelium,lung_epithelium:1,1.0,0.0,0.0,0.0,0.0,0.0,0.0,0.0,0.0
train,2453,4,IL|HL|PEG|CH,0.676667|0.112977|0.00813947|0.202217,lung_epithelium,lung_epithelium:1,1.0,0.0,0.0,0.0,0.0,0.0,0.0,0.0,0.0
train,2997,4,IL|HL|PEG|CH,0.340948|0.219161|0.0181633|0.421728,liver,liver:1,0.0,1.0,0.0,0.0,0.0,0.0,0.0,0.0,0.0
train,2246,4,IL|HL|PEG|CH,0.169548|0.311693|0.0102814|0.508477,lung_epithelium,lung_epithelium:1,1.0,0.0,0.0,0.0,0.0,0.0,0.0,0.0,0.0
train,596,3,IL|HL|CH,0.406091|0.304569|0.28934,muscle,muscle:1,0.0,0.0,1.0,0.0,0.0,0.0,0.0,0.0,0.0
train,165,4,IL|HL|PEG|CH,0.35|0.16|0.025|0.465,liver,liver:1,0.0,1.0,0.0,0.0,0.0,0.0,0.0,0.0,0.0
train,173,4,IL|HL|PEG|CH,0.35|0.16|0.025|0.465,liver,liver:1,0.0,1.0,0.0,0.0,0.0,0.0,0.0,0.0,0.0
train,2580,4,IL|HL|PEG|CH,0.668582|0.0829763|0.0415266|0.206915,lung_epithelium,lung_epithelium:1,1.0,0.0,0.0,0.0,0.0,0.0,0.0,0.0,0.0
train,2610,4,IL|HL|PEG|CH,0.579416|0.0856403|0.0255027|0.309441,lung_epithelium,lung_epithelium:1,1.0,0.0,0.0,0.0,0.0,0.0,0.0,0.0,0.0
train,1598,4,IL|HL|PEG|CH,0.314169|0.168957|0.0262722|0.490602,lung_epithelium,lung_epithelium:1,1.0,0.0,0.0,0.0,0.0,0.0,0.0,0.0,0.0
train,1729,4,IL|HL|PEG|CH,0.243168|0.421236|0.0108682|0.324728,lung_epithelium,lung_epithelium:1,1.0,0.0,0.0,0.0,0.0,0.0,0.0,0.0,0.0
train,1780,4,IL|HL|PEG|CH,0.314894|0.29487|0.0264256|0.36381,lung_epithelium,lung_epithelium:1,1.0,0.0,0.0,0.0,0.0,0.0,0.0,0.0,0.0
train,2266,4,IL|HL|PEG|CH,0.551382|0.156752|0.0112933|0.280572,lung_epithelium,lung_epithelium:1,1.0,0.0,0.0,0.0,0.0,0.0,0.0,0.0,0.0
train,509,4,IL|HL|PEG|CH,0.35|0.16|0.025|0.465,liver,liver:1,0.0,1.0,0.0,0.0,0.0,0.0,0.0,0.0,0.0
train,1888,4,IL|HL|PEG|CH,0.336146|0.213998|0.0538112|0.396045,lung_epithelium,lung_epithelium:1,1.0,0.0,0.0,0.0,0.0,0.0,0.0,0.0,0.0
train,2942,4,IL|HL|PEG|CH,0.35|0.16|0.025|0.465,liver,liver:0.2 + spleen:0.2 + heart:0.2 + lung:0.2 + kidney:0.2,0.0,0.20000000298023224,0.0,0.20000000298023224,0.0,0.20000000298023224,0.20000000298023224,0.20000000298023224,0.0
train,31,4,IL|HL|PEG|CH,0.5|0.1|0.015|0.385,liver,liver:1,0.0,1.0,0.0,0.0,0.0,0.0,0.0,0.0,0.0
train,1716,4,IL|HL|PEG|CH,0.287124|0.175619|0.0273082|0.509949,lung_epithelium,lung_epithelium:1,1.0,0.0,0.0,0.0,0.0,0.0,0.0,0.0,0.0
train,2337,4,IL|HL|PEG|CH,0.41402|0.144522|0.0225218|0.418936,lung_epithelium,lung_epithelium:1,1.0,0.0,0.0,0.0,0.0,0.0,0.0,0.0,0.0
train,475,4,IL|HL|PEG|CH,0.35|0.16|0.025|0.465,liver,liver:1,0.0,1.0,0.0,0.0,0.0,0.0,0.0,0.0,0.0
train,473,4,IL|HL|PEG|CH,0.35|0.16|0.025|0.465,liver,liver:1,0.0,1.0,0.0,0.0,0.0,0.0,0.0,0.0,0.0
train,2780,4,IL|HL|PEG|CH,0.499569|0.267896|0.00885835|0.223677,lung_epithelium,lung_epithelium:1,1.0,0.0,0.0,0.0,0.0,0.0,0.0,0.0,0.0
train,85,4,IL|HL|PEG|CH,0.5|0.1|0.015|0.385,liver,liver:1,0.0,1.0,0.0,0.0,0.0,0.0,0.0,0.0,0.0
train,899,4,IL|HL|PEG|CH,0.5|0.1|0.015|0.385,liver,liver:0.5 + spleen:0.5,0.0,0.5,0.0,0.5,0.0,0.0,0.0,0.0,0.0
train,573,3,IL|HL|CH,0.406091|0.304569|0.28934,muscle,muscle:1,0.0,0.0,1.0,0.0,0.0,0.0,0.0,0.0,0.0
train,1018,4,IL|HL|PEG|CH,0.35|0.16|0.025|0.465,muscle,muscle:1,0.0,0.0,1.0,0.0,0.0,0.0,0.0,0.0,0.0
train,1048,4,IL|HL|PEG|CH,0.35|0.16|0.025|0.465,muscle,muscle:1,0.0,0.0,1.0,0.0,0.0,0.0,0.0,0.0,0.0
train,2978,4,IL|HL|PEG|CH,0.372414|0.208697|0.0172961|0.401593,liver,liver:1,0.0,1.0,0.0,0.0,0.0,0.0,0.0,0.0,0.0
train,1106,4,IL|HL|PEG|CH,0.35|0.16|0.025|0.465,lung_epithelium,lung_epithelium:1,1.0,0.0,0.0,0.0,0.0,0.0,0.0,0.0,0.0
train,1471,4,IL|HL|PEG|CH,0.40026|0.2904|0.051426|0.257914,lung_epithelium,lung_epithelium:1,1.0,0.0,0.0,0.0,0.0,0.0,0.0,0.0,0.0
train,257,4,IL|HL|PEG|CH,0.35|0.16|0.025|0.465,liver,liver:1,0.0,1.0,0.0,0.0,0.0,0.0,0.0,0.0,0.0
train,2570,4,IL|HL|PEG|CH,0.331588|0.323652|0.0573144|0.287446,lung_epithelium,lung_epithelium:1,1.0,0.0,0.0,0.0,0.0,0.0,0.0,0.0,0.0
train,521,4,IL|HL|PEG|CH,0.35|0.16|0.025|0.465,liver,liver:1,0.0,1.0,0.0,0.0,0.0,0.0,0.0,0.0,0.0
train,2890,4,IL|HL|PEG|CH,0.35|0.16|0.025|0.465,liver,liver:0.2 + spleen:0.2 + heart:0.2 + lung:0.2 + kidney:0.2,0.0,0.20000000298023224,0.0,0.20000000298023224,0.0,0.20000000298023224,0.20000000298023224,0.20000000298023224,0.0
train,3025,4,IL|HL|PEG|CH,0.344512|0.217975|0.0180651|0.419448,liver,liver:1,0.0,1.0,0.0,0.0,0.0,0.0,0.0,0.0,0.0
train,3187,4,IL|HL|PEG|CH,0.5|0.1|0.015|0.385,bone_marrow,bone_marrow:1,0.0,0.0,0.0,0.0,1.0,0.0,0.0,0.0,0.0
train,2871,4,IL|HL|PEG|CH,0.453046|0.235409|0.0210968|0.290448,lung_epithelium,lung_epithelium:1,1.0,0.0,0.0,0.0,0.0,0.0,0.0,0.0,0.0
train,270,4,IL|HL|PEG|CH,0.35|0.16|0.025|0.465,liver,liver:1,0.0,1.0,0.0,0.0,0.0,0.0,0.0,0.0,0.0
train,626,3,IL|HL|CH,0.406091|0.304569|0.28934,muscle,muscle:1,0.0,0.0,1.0,0.0,0.0,0.0,0.0,0.0,0.0
train,2979,4,IL|HL|PEG|CH,0.353743|0.214906|0.0178107|0.413541,liver,liver:1,0.0,1.0,0.0,0.0,0.0,0.0,0.0,0.0,0.0
train,2727,4,IL|HL|PEG|CH,0.438319|0.0922273|0.00908136|0.460373,lung_epithelium,lung_epithelium:1,1.0,0.0,0.0,0.0,0.0,0.0,0.0,0.0,0.0
train,1203,4,IL|HL|PEG|CH,0.375192|0.201411|0.0506462|0.372751,lung_epithelium,lung_epithelium:1,1.0,0.0,0.0,0.0,0.0,0.0,0.0,0.0,0.0
train,1825,4,IL|HL|PEG|CH,0.45939|0.11008|0.0327806|0.397749,lung_epithelium,lung_epithelium:1,1.0,0.0,0.0,0.0,0.0,0.0,0.0,0.0,0.0
train,577,3,IL|HL|CH,0.406091|0.304569|0.28934,muscle,muscle:1,0.0,0.0,1.0,0.0,0.0,0.0,0.0,0.0,0.0
train,69,4,IL|HL|PEG|CH,0.5|0.1|0.015|0.385,liver,liver:1,0.0,1.0,0.0,0.0,0.0,0.0,0.0,0.0,0.0
train,2430,4,IL|HL|PEG|CH,0.31918|0.378929|0.00977661|0.292114,lung_epithelium,lung_epithelium:1,1.0,0.0,0.0,0.0,0.0,0.0,0.0,0.0,0.0
train,724,3,IL|HL|CH,0.406091|0.304569|0.28934,muscle,muscle:1,0.0,0.0,1.0,0.0,0.0,0.0,0.0,0.0,0.0
train,979,4,IL|HL|PEG|CH,0.5|0.1|0.015|0.385,liver,liver:0.5 + spleen:0.5,0.0,0.5,0.0,0.5,0.0,0.0,0.0,0.0,0.0
train,1551,4,IL|HL|PEG|CH,0.343011|0.10128|0.0504472|0.505262,lung_epithelium,lung_epithelium:1,1.0,0.0,0.0,0.0,0.0,0.0,0.0,0.0,0.0
train,809,4,IL|HL|PEG|CH,0.238095|0.238095|0.047619|0.47619,liver,liver:1,0.0,1.0,0.0,0.0,0.0,0.0,0.0,0.0,0.0
train,2480,4,IL|HL|PEG|CH,0.416909|0.250963|0.0224907|0.309638,lung_epithelium,lung_epithelium:1,1.0,0.0,0.0,0.0,0.0,0.0,0.0,0.0,0.0
train,155,4,IL|HL|PEG|CH,0.35|0.16|0.025|0.465,liver,liver:1,0.0,1.0,0.0,0.0,0.0,0.0,0.0,0.0,0.0
train,226,4,IL|HL|PEG|CH,0.35|0.16|0.025|0.465,liver,liver:1,0.0,1.0,0.0,0.0,0.0,0.0,0.0,0.0,0.0
train,1036,4,IL|HL|PEG|CH,0.35|0.16|0.025|0.465,muscle,muscle:1,0.0,0.0,1.0,0.0,0.0,0.0,0.0,0.0,0.0
train,2868,4,IL|HL|PEG|CH,0.407995|0.254799|0.0228345|0.314371,lung_epithelium,lung_epithelium:1,1.0,0.0,0.0,0.0,0.0,0.0,0.0,0.0,0.0
train,650,3,IL|HL|CH,0.406091|0.304569|0.28934,muscle,muscle:1,0.0,0.0,1.0,0.0,0.0,0.0,0.0,0.0,0.0
train,2341,4,IL|HL|PEG|CH,0.413335|0.0901684|0.0449978|0.451499,lung_epithelium,lung_epithelium:1,1.0,0.0,0.0,0.0,0.0,0.0,0.0,0.0,0.0
train,3020,4,IL|HL|PEG|CH,0.348769|0.21656|0.0179477|0.416723,liver,liver:1,0.0,1.0,0.0,0.0,0.0,0.0,0.0,0.0,0.0
train,976,4,IL|HL|PEG|CH,0.5|0.1|0.015|0.385,liver,liver:0.5 + spleen:0.5,0.0,0.5,0.0,0.5,0.0,0.0,0.0,0.0,0.0
train,1743,4,IL|HL|PEG|CH,0.244282|0.420616|0.0108522|0.32425,lung_epithelium,lung_epithelium:1,1.0,0.0,0.0,0.0,0.0,0.0,0.0,0.0,0.0
train,1740,4,IL|HL|PEG|CH,0.402876|0.320272|0.0107245|0.266128,lung_epithelium,lung_epithelium:1,1.0,0.0,0.0,0.0,0.0,0.0,0.0,0.0,0.0
train,2113,4,IL|HL|PEG|CH,0.358683|0.151114|0.0250086|0.465195,lung_epithelium,lung_epithelium:1,1.0,0.0,0.0,0.0,0.0,0.0,0.0,0.0,0.0
train,82,4,IL|HL|PEG|CH,0.5|0.1|0.015|0.385,liver,liver:1,0.0,1.0,0.0,0.0,0.0,0.0,0.0,0.0,0.0
train,1406,4,IL|HL|PEG|CH,0.596284|0.100543|0.0503664|0.252806,lung_epithelium,lung_epithelium:1,1.0,0.0,0.0,0.0,0.0,0.0,0.0,0.0,0.0
train,617,3,IL|HL|CH,0.406091|0.304569|0.28934,muscle,muscle:1,0.0,0.0,1.0,0.0,0.0,0.0,0.0,0.0,0.0
train,2048,4,IL|HL|PEG|CH,0.199434|0.268109|0.031936|0.500521,lung_epithelium,lung_epithelium:1,1.0,0.0,0.0,0.0,0.0,0.0,0.0,0.0,0.0
train,762,3,IL|HL|CH,0.406091|0.304569|0.28934,muscle,muscle:1,0.0,0.0,1.0,0.0,0.0,0.0,0.0,0.0,0.0
train,2591,4,IL|HL|PEG|CH,0.461251|0.0880085|0.00889022|0.44185,lung_epithelium,lung_epithelium:1,1.0,0.0,0.0,0.0,0.0,0.0,0.0,0.0,0.0
train,1262,4,IL|HL|PEG|CH,0.358042|0.0986668|0.0492388|0.494053,lung_epithelium,lung_epithelium:1,1.0,0.0,0.0,0.0,0.0,0.0,0.0,0.0,0.0
train,1027,4,IL|HL|PEG|CH,0.35|0.16|0.025|0.465,muscle,muscle:1,0.0,0.0,1.0,0.0,0.0,0.0,0.0,0.0,0.0
train,211,4,IL|HL|PEG|CH,0.35|0.16|0.025|0.465,liver,liver:1,0.0,1.0,0.0,0.0,0.0,0.0,0.0,0.0,0.0
train,1594,4,IL|HL|PEG|CH,0.440488|0.300099|0.0100489|0.249365,lung_epithelium,lung_epithelium:1,1.0,0.0,0.0,0.0,0.0,0.0,0.0,0.0,0.0
train,1644,4,IL|HL|PEG|CH,0.562774|0.109467|0.0547844|0.272975,lung_epithelium,lung_epithelium:1,1.0,0.0,0.0,0.0,0.0,0.0,0.0,0.0,0.0
train,1569,4,IL|HL|PEG|CH,0.361692|0.319245|0.0532758|0.265787,lung_epithelium,lung_epithelium:1,1.0,0.0,0.0,0.0,0.0,0.0,0.0,0.0,0.0
train,2893,4,IL|HL|PEG|CH,0.35|0.16|0.025|0.465,liver,liver:0.2 + spleen:0.2 + heart:0.2 + lung:0.2 + kidney:0.2,0.0,0.20000000298023224,0.0,0.20000000298023224,0.0,0.20000000298023224,0.20000000298023224,0.20000000298023224,0.0
train,1909,4,IL|HL|PEG|CH,0.505902|0.100609|0.0299603|0.363528,lung_epithelium,lung_epithelium:1,1.0,0.0,0.0,0.0,0.0,0.0,0.0,0.0,0.0
train,2011,4,IL|HL|PEG|CH,0.321685|0.159832|0.0264514|0.492032,lung_epithelium,lung_epithelium:1,1.0,0.0,0.0,0.0,0.0,0.0,0.0,0.0,0.0
train,3044,4,IL|HL|PEG|CH,0.344512|0.217975|0.0180651|0.419448,liver,liver:1,0.0,1.0,0.0,0.0,0.0,0.0,0.0,0.0,0.0
train,2494,4,IL|HL|PEG|CH,0.706499|0.0734831|0.0367756|0.183242,lung_epithelium,lung_epithelium:1,1.0,0.0,0.0,0.0,0.0,0.0,0.0,0.0,0.0
train,1539,4,IL|HL|PEG|CH,0.593158|0.101765|0.0101613|0.294916,lung_epithelium,lung_epithelium:1,1.0,0.0,0.0,0.0,0.0,0.0,0.0,0.0,0.0
train,1161,4,IL|HL|PEG|CH,0.632414|0.0920317|0.0460585|0.229496,lung_epithelium,lung_epithelium:1,1.0,0.0,0.0,0.0,0.0,0.0,0.0,0.0,0.0
train,2195,4,IL|HL|PEG|CH,0.46599|0.108736|0.0323804|0.392893,lung_epithelium,lung_epithelium:1,1.0,0.0,0.0,0.0,0.0,0.0,0.0,0.0,0.0
train,3305,4,IL|HL|PEG|CH,0.333333|0.133333|0.02|0.513333,ear,ear:1,0.0,0.0,0.0,0.0,0.0,0.0,0.0,0.0,1.0
train,1023,4,IL|HL|PEG|CH,0.35|0.16|0.025|0.465,muscle,muscle:1,0.0,0.0,1.0,0.0,0.0,0.0,0.0,0.0,0.0
train,2372,4,IL|HL|PEG|CH,0.25453|0.249657|0.0297381|0.466074,lung_epithelium,lung_epithelium:1,1.0,0.0,0.0,0.0,0.0,0.0,0.0,0.0,0.0
train,25,4,IL|HL|PEG|CH,0.5|0.1|0.015|0.385,liver,liver:1,0.0,1.0,0.0,0.0,0.0,0.0,0.0,0.0,0.0
train,1760,4,IL|HL|PEG|CH,0.355816|0.105774|0.0104153|0.527994,lung_epithelium,lung_epithelium:1,1.0,0.0,0.0,0.0,0.0,0.0,0.0,0.0,0.0
train,1550,4,IL|HL|PEG|CH,0.592962|0.101371|0.0507809|0.254887,lung_epithelium,lung_epithelium:1,1.0,0.0,0.0,0.0,0.0,0.0,0.0,0.0,0.0
train,196,4,IL|HL|PEG|CH,0.35|0.16|0.025|0.465,liver,liver:1,0.0,1.0,0.0,0.0,0.0,0.0,0.0,0.0,0.0
train,2298,4,IL|HL|PEG|CH,0.251635|0.280884|0.00926515|0.458216,lung_epithelium,lung_epithelium:1,1.0,0.0,0.0,0.0,0.0,0.0,0.0,0.0,0.0
train,2924,4,IL|HL|PEG|CH,0.35|0.16|0.025|0.465,liver,liver:0.2 + spleen:0.2 + heart:0.2 + lung:0.2 + kidney:0.2,0.0,0.20000000298023224,0.0,0.20000000298023224,0.0,0.20000000298023224,0.20000000298023224,0.20000000298023224,0.0
train,2716,4,IL|HL|PEG|CH,0.419288|0.0895211|0.0445902|0.4466,lung_epithelium,lung_epithelium:1,1.0,0.0,0.0,0.0,0.0,0.0,0.0,0.0,0.0
train,2740,4,IL|HL|PEG|CH,0.456066|0.0849143|0.00887951|0.45014,lung_epithelium,lung_epithelium:1,1.0,0.0,0.0,0.0,0.0,0.0,0.0,0.0,0.0
train,2172,4,IL|HL|PEG|CH,0.377216|0.200759|0.0504821|0.371543,lung_epithelium,lung_epithelium:1,1.0,0.0,0.0,0.0,0.0,0.0,0.0,0.0,0.0
train,2562,4,IL|HL|PEG|CH,0.53749|0.247596|0.00818709|0.206727,lung_epithelium,lung_epithelium:1,1.0,0.0,0.0,0.0,0.0,0.0,0.0,0.0,0.0
train,2982,4,IL|HL|PEG|CH,0.307493|0.230286|0.0190853|0.443136,liver,liver:1,0.0,1.0,0.0,0.0,0.0,0.0,0.0,0.0,0.0
train,1939,4,IL|HL|PEG|CH,0.484141|0.127228|0.0198267|0.368804,lung_epithelium,lung_epithelium:1,1.0,0.0,0.0,0.0,0.0,0.0,0.0,0.0,0.0
train,2423,4,IL|HL|PEG|CH,0.478179|0.0856823|0.00843689|0.427702,lung_epithelium,lung_epithelium:1,1.0,0.0,0.0,0.0,0.0,0.0,0.0,0.0,0.0
train,1812,4,IL|HL|PEG|CH,0.36255|0.30866|0.0546595|0.274131,lung_epithelium,lung_epithelium:1,1.0,0.0,0.0,0.0,0.0,0.0,0.0,0.0,0.0
train,1337,4,IL|HL|PEG|CH,0.439401|0.300682|0.0100685|0.249849,lung_epithelium,lung_epithelium:1,1.0,0.0,0.0,0.0,0.0,0.0,0.0,0.0,0.0
train,2179,4,IL|HL|PEG|CH,0.605917|0.137697|0.00992049|0.246465,lung_epithelium,lung_epithelium:1,1.0,0.0,0.0,0.0,0.0,0.0,0.0,0.0,0.0
train,1970,4,IL|HL|PEG|CH,0.28929|0.175086|0.0272253|0.508399,lung_epithelium,lung_epithelium:1,1.0,0.0,0.0,0.0,0.0,0.0,0.0,0.0,0.0
train,1610,4,IL|HL|PEG|CH,0.314409|0.295079|0.0264443|0.364068,lung_epithelium,lung_epithelium:1,1.0,0.0,0.0,0.0,0.0,0.0,0.0,0.0,0.0
train,1322,4,IL|HL|PEG|CH,0.405862|0.297154|0.0495892|0.247395,lung_epithelium,lung_epithelium:1,1.0,0.0,0.0,0.0,0.0,0.0,0.0,0.0,0.0
train,1848,4,IL|HL|PEG|CH,0.364405|0.307761|0.0545004|0.273333,lung_epithelium,lung_epithelium:1,1.0,0.0,0.0,0.0,0.0,0.0,0.0,0.0,0.0
train,2020,4,IL|HL|PEG|CH,0.571048|0.107396|0.0537477|0.267809,lung_epithelium,lung_epithelium:1,1.0,0.0,0.0,0.0,0.0,0.0,0.0,0.0,0.0
train,555,3,IL|HL|CH,0.406091|0.304569|0.28934,muscle,muscle:1,0.0,0.0,1.0,0.0,0.0,0.0,0.0,0.0,0.0
train,1298,4,IL|HL|PEG|CH,0.266345|0.408336|0.0105353|0.314784,lung_epithelium,lung_epithelium:1,1.0,0.0,0.0,0.0,0.0,0.0,0.0,0.0,0.0
train,1013,4,IL|HL|PEG|CH,0.35|0.16|0.025|0.465,muscle,muscle:1,0.0,0.0,1.0,0.0,0.0,0.0,0.0,0.0,0.0
train,1039,4,IL|HL|PEG|CH,0.35|0.16|0.025|0.465,muscle,muscle:1,0.0,0.0,1.0,0.0,0.0,0.0,0.0,0.0,0.0
train,858,4,IL|HL|PEG|CH,0.5|0.1|0.015|0.385,liver,liver:0.5 + spleen:0.5,0.0,0.5,0.0,0.5,0.0,0.0,0.0,0.0,0.0
train,255,4,IL|HL|PEG|CH,0.35|0.16|0.025|0.465,liver,liver:1,0.0,1.0,0.0,0.0,0.0,0.0,0.0,0.0,0.0
train,2133,4,IL|HL|PEG|CH,0.209948|0.29653|0.00978125|0.48374,lung_epithelium,lung_epithelium:1,1.0,0.0,0.0,0.0,0.0,0.0,0.0,0.0,0.0
train,2981,4,IL|HL|PEG|CH,0.321504|0.225626|0.0186991|0.43417,liver,liver:1,0.0,1.0,0.0,0.0,0.0,0.0,0.0,0.0,0.0
train,2313,4,IL|HL|PEG|CH,0.409311|0.145684|0.0227028|0.422303,lung_epithelium,lung_epithelium:1,1.0,0.0,0.0,0.0,0.0,0.0,0.0,0.0,0.0
train,958,4,IL|HL|PEG|CH,0.5|0.1|0.015|0.385,liver,liver:0.5 + spleen:0.5,0.0,0.5,0.0,0.5,0.0,0.0,0.0,0.0,0.0
train,1424,4,IL|HL|PEG|CH,0.563042|0.152678|0.0109998|0.27328,lung_epithelium,lung_epithelium:1,1.0,0.0,0.0,0.0,0.0,0.0,0.0,0.0,0.0
train,1195,4,IL|HL|PEG|CH,0.314725|0.16882|0.0262509|0.490204,lung_epithelium,lung_epithelium:1,1.0,0.0,0.0,0.0,0.0,0.0,0.0,0.0,0.0
train,898,4,IL|HL|PEG|CH,0.5|0.1|0.015|0.385,liver,liver:0.5 + spleen:0.5,0.0,0.5,0.0,0.5,0.0,0.0,0.0,0.0,0.0
train,1135,4,IL|HL|PEG|CH,0.35|0.16|0.025|0.465,muscle,muscle:1,0.0,0.0,1.0,0.0,0.0,0.0,0.0,0.0,0.0
train,1109,4,IL|HL|PEG|CH,0.35|0.16|0.025|0.465,lung_epithelium,lung_epithelium:1,1.0,0.0,0.0,0.0,0.0,0.0,0.0,0.0,0.0
train,2477,4,IL|HL|PEG|CH,0.424973|0.135494|0.0224236|0.41711,lung_epithelium,lung_epithelium:1,1.0,0.0,0.0,0.0,0.0,0.0,0.0,0.0,0.0
train,2406,4,IL|HL|PEG|CH,0.435612|0.242913|0.0217693|0.299706,lung_epithelium,lung_epithelium:1,1.0,0.0,0.0,0.0,0.0,0.0,0.0,0.0,0.0
train,1465,4,IL|HL|PEG|CH,0.313238|0.169186|0.0263079|0.491268,lung_epithelium,lung_epithelium:1,1.0,0.0,0.0,0.0,0.0,0.0,0.0,0.0,0.0
train,2424,4,IL|HL|PEG|CH,0.477679|0.085325|0.00861915|0.428377,lung_epithelium,lung_epithelium:1,1.0,0.0,0.0,0.0,0.0,0.0,0.0,0.0,0.0
train,1538,4,IL|HL|PEG|CH,0.342744|0.101018|0.0504122|0.505826,lung_epithelium,lung_epithelium:1,1.0,0.0,0.0,0.0,0.0,0.0,0.0,0.0,0.0
train,2861,4,IL|HL|PEG|CH,0.479737|0.223921|0.0200673|0.276274,lung_epithelium,lung_epithelium:1,1.0,0.0,0.0,0.0,0.0,0.0,0.0,0.0,0.0
train,1911,4,IL|HL|PEG|CH,0.599732|0.139858|0.0100762|0.250333,lung_epithelium,lung_epithelium:1,1.0,0.0,0.0,0.0,0.0,0.0,0.0,0.0,0.0
train,1359,4,IL|HL|PEG|CH,0.56055|0.110024|0.0550631|0.274363,lung_epithelium,lung_epithelium:1,1.0,0.0,0.0,0.0,0.0,0.0,0.0,0.0,0.0
train,250,4,IL|HL|PEG|CH,0.35|0.16|0.025|0.465,liver,liver:1,0.0,1.0,0.0,0.0,0.0,0.0,0.0,0.0,0.0
train,454,4,IL|HL|PEG|CH,0.35|0.16|0.025|0.465,liver,liver:1,0.0,1.0,0.0,0.0,0.0,0.0,0.0,0.0,0.0
train,2256,4,IL|HL|PEG|CH,0.390998|0.326018|0.0107802|0.272205,lung_epithelium,lung_epithelium:1,1.0,0.0,0.0,0.0,0.0,0.0,0.0,0.0,0.0
train,1487,4,IL|HL|PEG|CH,0.355149|0.277544|0.0248729|0.342434,lung_epithelium,lung_epithelium:1,1.0,0.0,0.0,0.0,0.0,0.0,0.0,0.0,0.0
train,1425,4,IL|HL|PEG|CH,0.345455|0.210997|0.0530566|0.390492,lung_epithelium,lung_epithelium:1,1.0,0.0,0.0,0.0,0.0,0.0,0.0,0.0,0.0
train,3010,4,IL|HL|PEG|CH,0.340948|0.219161|0.0181633|0.421728,liver,liver:1,0.0,1.0,0.0,0.0,0.0,0.0,0.0,0.0,0.0
train,1907,4,IL|HL|PEG|CH,0.199753|0.300357|0.00990747|0.489983,lung_epithelium,lung_epithelium:1,1.0,0.0,0.0,0.0,0.0,0.0,0.0,0.0,0.0
train,3115,4,IL|HL|PEG|CH,0.5|0.1|0.015|0.385,muscle,muscle:1,0.0,0.0,1.0,0.0,0.0,0.0,0.0,0.0,0.0
train,1258,4,IL|HL|PEG|CH,0.358691|0.158168|0.0246483|0.458492,lung_epithelium,lung_epithelium:1,1.0,0.0,0.0,0.0,0.0,0.0,0.0,0.0,0.0
train,741,3,IL|HL|CH,0.406091|0.304569|0.28934,muscle,muscle:1,0.0,0.0,1.0,0.0,0.0,0.0,0.0,0.0,0.0
train,1788,4,IL|HL|PEG|CH,0.369921|0.305091|0.0540275|0.270961,lung_epithelium,lung_epithelium:1,1.0,0.0,0.0,0.0,0.0,0.0,0.0,0.0,0.0
train,1321,4,IL|HL|PEG|CH,0.385992|0.19793|0.0497707|0.366308,lung_epithelium,lung_epithelium:1,1.0,0.0,0.0,0.0,0.0,0.0,0.0,0.0,0.0
train,3034,4,IL|HL|PEG|CH,0.340357|0.219357|0.0181796|0.422106,liver,liver:1,0.0,1.0,0.0,0.0,0.0,0.0,0.0,0.0,0.0
train,1536,4,IL|HL|PEG|CH,0.266337|0.40834|0.0105354|0.314787,lung_epithelium,lung_epithelium:1,1.0,0.0,0.0,0.0,0.0,0.0,0.0,0.0,0.0
train,2909,4,IL|HL|PEG|CH,0.35|0.16|0.025|0.465,liver,liver:0.2 + spleen:0.2 + heart:0.2 + lung:0.2 + kidney:0.2,0.0,0.20000000298023224,0.0,0.20000000298023224,0.0,0.20000000298023224,0.20000000298023224,0.20000000298023224,0.0
train,722,3,IL|HL|CH,0.406091|0.304569|0.28934,muscle,muscle:1,0.0,0.0,1.0,0.0,0.0,0.0,0.0,0.0,0.0
train,2114,4,IL|HL|PEG|CH,0.397666|0.0940312|0.00983287|0.49847,lung_epithelium,lung_epithelium:1,1.0,0.0,0.0,0.0,0.0,0.0,0.0,0.0,0.0
train,3077,4,IL|HL|PEG|CH,0.5|0.1|0.015|0.385,muscle,muscle:1,0.0,0.0,1.0,0.0,0.0,0.0,0.0,0.0,0.0
train,1002,4,IL|HL|PEG|CH,0.35|0.16|0.025|0.465,muscle,muscle:1,0.0,0.0,1.0,0.0,0.0,0.0,0.0,0.0,0.0
train,3232,4,IL|HL|PEG|CH,0.5|0.1|0.015|0.385,bone_marrow,bone_marrow:1,0.0,0.0,0.0,0.0,1.0,0.0,0.0,0.0,0.0
train,2218,4,IL|HL|PEG|CH,0.40069|0.321444|0.0107637|0.267102,lung_epithelium,lung_epithelium:1,1.0,0.0,0.0,0.0,0.0,0.0,0.0,0.0,0.0
train,744,3,IL|HL|CH,0.406091|0.304569|0.28934,muscle,muscle:1,0.0,0.0,1.0,0.0,0.0,0.0,0.0,0.0,0.0
train,1833,4,IL|HL|PEG|CH,0.394476|0.324155|0.0107186|0.27065,lung_epithelium,lung_epithelium:1,1.0,0.0,0.0,0.0,0.0,0.0,0.0,0.0,0.0
train,3159,4,IL|HL|PEG|CH,0.5|0.1|0.015|0.385,bone_marrow,bone_marrow:1,0.0,0.0,0.0,0.0,1.0,0.0,0.0,0.0,0.0
train,192,4,IL|HL|PEG|CH,0.35|0.16|0.025|0.465,liver,liver:1,0.0,1.0,0.0,0.0,0.0,0.0,0.0,0.0,0.0
train,1498,4,IL|HL|PEG|CH,0.405853|0.297158|0.04959|0.247399,lung_epithelium,lung_epithelium:1,1.0,0.0,0.0,0.0,0.0,0.0,0.0,0.0,0.0
train,1353,4,IL|HL|PEG|CH,0.313601|0.295427|0.0264755|0.364497,lung_epithelium,lung_epithelium:1,1.0,0.0,0.0,0.0,0.0,0.0,0.0,0.0,0.0
train,2110,4,IL|HL|PEG|CH,0.395362|0.0992808|0.00977589|0.495582,lung_epithelium,lung_epithelium:1,1.0,0.0,0.0,0.0,0.0,0.0,0.0,0.0,0.0
train,1719,4,IL|HL|PEG|CH,0.176408|0.309119|0.0101965|0.504277,lung_epithelium,lung_epithelium:1,1.0,0.0,0.0,0.0,0.0,0.0,0.0,0.0,0.0
train,1987,4,IL|HL|PEG|CH,0.355873|0.105223|0.0106291|0.528275,lung_epithelium,lung_epithelium:1,1.0,0.0,0.0,0.0,0.0,0.0,0.0,0.0,0.0
train,2025,4,IL|HL|PEG|CH,0.371623|0.314278|0.052447|0.261652,lung_epithelium,lung_epithelium:1,1.0,0.0,0.0,0.0,0.0,0.0,0.0,0.0,0.0
train,3247,4,IL|HL|PEG|CH,0.5|0.1|0.015|0.385,bone_marrow,bone_marrow:1,0.0,0.0,0.0,0.0,1.0,0.0,0.0,0.0,0.0
train,3289,4,IL|HL|PEG|CH,0.5|0.1|0.015|0.385,ear,ear:1,0.0,0.0,0.0,0.0,0.0,0.0,0.0,0.0,1.0
train,1229,4,IL|HL|PEG|CH,0.381484|0.299492|0.0530359|0.265988,lung_epithelium,lung_epithelium:1,1.0,0.0,0.0,0.0,0.0,0.0,0.0,0.0,0.0
train,1688,4,IL|HL|PEG|CH,0.400698|0.32144|0.0107636|0.267098,lung_epithelium,lung_epithelium:1,1.0,0.0,0.0,0.0,0.0,0.0,0.0,0.0,0.0
train,1718,4,IL|HL|PEG|CH,0.562833|0.10935|0.0109187|0.316898,lung_epithelium,lung_epithelium:1,1.0,0.0,0.0,0.0,0.0,0.0,0.0,0.0,0.0
train,1972,4,IL|HL|PEG|CH,0.56543|0.1087|0.0108539|0.315016,lung_epithelium,lung_epithelium:1,1.0,0.0,0.0,0.0,0.0,0.0,0.0,0.0,0.0
train,1138,4,IL|HL|PEG|CH,0.35|0.16|0.025|0.465,muscle,muscle:1,0.0,0.0,1.0,0.0,0.0,0.0,0.0,0.0,0.0
train,465,4,IL|HL|PEG|CH,0.35|0.16|0.025|0.465,liver,liver:1,0.0,1.0,0.0,0.0,0.0,0.0,0.0,0.0,0.0
train,962,4,IL|HL|PEG|CH,0.5|0.1|0.015|0.385,liver,liver:0.5 + spleen:0.5,0.0,0.5,0.0,0.5,0.0,0.0,0.0,0.0,0.0
train,2923,4,IL|HL|PEG|CH,0.35|0.16|0.025|0.465,liver,liver:0.2 + spleen:0.2 + heart:0.2 + lung:0.2 + kidney:0.2,0.0,0.20000000298023224,0.0,0.20000000298023224,0.0,0.20000000298023224,0.20000000298023224,0.20000000298023224,0.0
train,1817,4,IL|HL|PEG|CH,0.308742|0.170487|0.0265681|0.494203,lung_epithelium,lung_epithelium:1,1.0,0.0,0.0,0.0,0.0,0.0,0.0,0.0,0.0
train,1475,4,IL|HL|PEG|CH,0.432565|0.304348|0.0101912|0.252896,lung_epithelium,lung_epithelium:1,1.0,0.0,0.0,0.0,0.0,0.0,0.0,0.0,0.0
train,893,4,IL|HL|PEG|CH,0.5|0.1|0.015|0.385,liver,liver:0.5 + spleen:0.5,0.0,0.5,0.0,0.5,0.0,0.0,0.0,0.0,0.0
train,1897,4,IL|HL|PEG|CH,0.344542|0.107074|0.0108161|0.537568,lung_epithelium,lung_epithelium:1,1.0,0.0,0.0,0.0,0.0,0.0,0.0,0.0,0.0
train,816,4,IL|HL|PEG|CH,0.238095|0.238095|0.047619|0.47619,liver,liver:1,0.0,1.0,0.0,0.0,0.0,0.0,0.0,0.0,0.0
train,2983,4,IL|HL|PEG|CH,0.428987|0.189884|0.0157369|0.365392,liver,liver:1,0.0,1.0,0.0,0.0,0.0,0.0,0.0,0.0,0.0
train,1216,4,IL|HL|PEG|CH,0.607221|0.137242|0.00988766|0.245649,lung_epithelium,lung_epithelium:1,1.0,0.0,0.0,0.0,0.0,0.0,0.0,0.0,0.0
train,803,4,IL|HL|PEG|CH,0.238095|0.238095|0.047619|0.47619,liver,liver:1,0.0,1.0,0.0,0.0,0.0,0.0,0.0,0.0,0.0
train,1834,4,IL|HL|PEG|CH,0.34632|0.107333|0.0105688|0.535778,lung_epithelium,lung_epithelium:1,1.0,0.0,0.0,0.0,0.0,0.0,0.0,0.0,0.0
train,1244,4,IL|HL|PEG|CH,0.596155|0.141108|0.0101662|0.25257,lung_epithelium,lung_epithelium:1,1.0,0.0,0.0,0.0,0.0,0.0,0.0,0.0,0.0
train,84,4,IL|HL|PEG|CH,0.5|0.1|0.015|0.385,liver,liver:1,0.0,1.0,0.0,0.0,0.0,0.0,0.0,0.0,0.0
train,1313,4,IL|HL|PEG|CH,0.324689|0.166365|0.0258692|0.483077,lung_epithelium,lung_epithelium:1,1.0,0.0,0.0,0.0,0.0,0.0,0.0,0.0,0.0
train,2925,4,IL|HL|PEG|CH,0.35|0.16|0.025|0.465,liver,liver:0.2 + spleen:0.2 + heart:0.2 + lung:0.2 + kidney:0.2,0.0,0.20000000298023224,0.0,0.20000000298023224,0.0,0.20000000298023224,0.20000000298023224,0.20000000298023224,0.0
train,2482,4,IL|HL|PEG|CH,0.384299|0.15168|0.0235858|0.440435,lung_epithelium,lung_epithelium:1,1.0,0.0,0.0,0.0,0.0,0.0,0.0,0.0,0.0
train,662,3,IL|HL|CH,0.406091|0.304569|0.28934,muscle,muscle:1,0.0,0.0,1.0,0.0,0.0,0.0,0.0,0.0,0.0
train,2469,4,IL|HL|PEG|CH,0.474411|0.262869|0.0438678|0.218852,lung_epithelium,lung_epithelium:1,1.0,0.0,0.0,0.0,0.0,0.0,0.0,0.0,0.0
train,2270,4,IL|HL|PEG|CH,0.551515|0.111693|0.0559517|0.280841,lung_epithelium,lung_epithelium:1,1.0,0.0,0.0,0.0,0.0,0.0,0.0,0.0,0.0
train,1371,4,IL|HL|PEG|CH,0.603237|0.0992434|0.00990957|0.28761,lung_epithelium,lung_epithelium:1,1.0,0.0,0.0,0.0,0.0,0.0,0.0,0.0,0.0
train,2702,4,IL|HL|PEG|CH,0.260609|0.247622|0.0294956|0.462274,lung_epithelium,lung_epithelium:1,1.0,0.0,0.0,0.0,0.0,0.0,0.0,0.0,0.0
train,947,4,IL|HL|PEG|CH,0.5|0.1|0.015|0.385,liver,liver:0.5 + spleen:0.5,0.0,0.5,0.0,0.5,0.0,0.0,0.0,0.0,0.0
train,1401,4,IL|HL|PEG|CH,0.376806|0.200891|0.0505154|0.371788,lung_epithelium,lung_epithelium:1,1.0,0.0,0.0,0.0,0.0,0.0,0.0,0.0,0.0
train,2421,4,IL|HL|PEG|CH,0.435429|0.0870329|0.0433509|0.434187,lung_epithelium,lung_epithelium:1,1.0,0.0,0.0,0.0,0.0,0.0,0.0,0.0,0.0
train,2034,4,IL|HL|PEG|CH,0.59976|0.100207|0.05015|0.249883,lung_epithelium,lung_epithelium:1,1.0,0.0,0.0,0.0,0.0,0.0,0.0,0.0,0.0
train,1937,4,IL|HL|PEG|CH,0.54659|0.22677|0.0378435|0.188797,lung_epithelium,lung_epithelium:1,1.0,0.0,0.0,0.0,0.0,0.0,0.0,0.0,0.0
train,3165,4,IL|HL|PEG|CH,0.5|0.1|0.015|0.385,bone_marrow,bone_marrow:1,0.0,0.0,0.0,0.0,1.0,0.0,0.0,0.0,0.0
train,3275,4,IL|HL|PEG|CH,0.5|0.1|0.015|0.385,bone_marrow,bone_marrow:1,0.0,0.0,0.0,0.0,1.0,0.0,0.0,0.0,0.0
train,3160,4,IL|HL|PEG|CH,0.5|0.1|0.015|0.385,bone_marrow,bone_marrow:1,0.0,0.0,0.0,0.0,1.0,0.0,0.0,0.0,0.0
train,2639,4,IL|HL|PEG|CH,0.457472|0.0886259|0.00895259|0.44495,lung_epithelium,lung_epithelium:1,1.0,0.0,0.0,0.0,0.0,0.0,0.0,0.0,0.0
train,1660,4,IL|HL|PEG|CH,0.372034|0.304067|0.0538462|0.270052,lung_epithelium,lung_epithelium:1,1.0,0.0,0.0,0.0,0.0,0.0,0.0,0.0,0.0
train,1160,4,IL|HL|PEG|CH,0.222443|0.291841|0.00962656|0.47609,lung_epithelium,lung_epithelium:1,1.0,0.0,0.0,0.0,0.0,0.0,0.0,0.0,0.0
train,47,4,IL|HL|PEG|CH,0.5|0.1|0.015|0.385,liver,liver:1,0.0,1.0,0.0,0.0,0.0,0.0,0.0,0.0,0.0
train,1102,4,IL|HL|PEG|CH,0.35|0.16|0.025|0.465,lung_epithelium,lung_epithelium:1,1.0,0.0,0.0,0.0,0.0,0.0,0.0,0.0,0.0
train,1357,4,IL|HL|PEG|CH,0.560418|0.109954|0.010979|0.318649,lung_epithelium,lung_epithelium:1,1.0,0.0,0.0,0.0,0.0,0.0,0.0,0.0,0.0
train,3296,4,IL|HL|PEG|CH,0.5|0.1|0.015|0.385,ear,ear:1,0.0,0.0,0.0,0.0,0.0,0.0,0.0,0.0,1.0
train,1422,4,IL|HL|PEG|CH,0.468238|0.108279|0.0322441|0.391239,lung_epithelium,lung_epithelium:1,1.0,0.0,0.0,0.0,0.0,0.0,0.0,0.0,0.0
train,171,4,IL|HL|PEG|CH,0.35|0.16|0.025|0.465,liver,liver:1,0.0,1.0,0.0,0.0,0.0,0.0,0.0,0.0,0.0
train,2402,4,IL|HL|PEG|CH,0.434808|0.182193|0.0458138|0.337185,lung_epithelium,lung_epithelium:1,1.0,0.0,0.0,0.0,0.0,0.0,0.0,0.0,0.0
train,1185,4,IL|HL|PEG|CH,0.57259|0.10701|0.0535544|0.266846,lung_epithelium,lung_epithelium:1,1.0,0.0,0.0,0.0,0.0,0.0,0.0,0.0,0.0
train,1530,4,IL|HL|PEG|CH,0.388944|0.0998205|0.0100834|0.501153,lung_epithelium,lung_epithelium:1,1.0,0.0,0.0,0.0,0.0,0.0,0.0,0.0,0.0
train,1684,4,IL|HL|PEG|CH,0.369224|0.305428|0.0540872|0.271261,lung_epithelium,lung_epithelium:1,1.0,0.0,0.0,0.0,0.0,0.0,0.0,0.0,0.0
train,1657,4,IL|HL|PEG|CH,0.177173|0.308832|0.010187|0.503809,lung_epithelium,lung_epithelium:1,1.0,0.0,0.0,0.0,0.0,0.0,0.0,0.0,0.0
train,2251,4,IL|HL|PEG|CH,0.334202|0.214624|0.0539688|0.397205,lung_epithelium,lung_epithelium:1,1.0,0.0,0.0,0.0,0.0,0.0,0.0,0.0,0.0
train,2425,4,IL|HL|PEG|CH,0.263752|0.246569|0.0293702|0.460309,lung_epithelium,lung_epithelium:1,1.0,0.0,0.0,0.0,0.0,0.0,0.0,0.0,0.0
train,2419,4,IL|HL|PEG|CH,0.344301|0.180919|0.0269308|0.447849,lung_epithelium,lung_epithelium:1,1.0,0.0,0.0,0.0,0.0,0.0,0.0,0.0,0.0
train,244,4,IL|HL|PEG|CH,0.35|0.16|0.025|0.465,liver,liver:1,0.0,1.0,0.0,0.0,0.0,0.0,0.0,0.0,0.0
train,1505,4,IL|HL|PEG|CH,0.395362|0.0992808|0.00977589|0.495582,lung_epithelium,lung_epithelium:1,1.0,0.0,0.0,0.0,0.0,0.0,0.0,0.0,0.0
train,1945,4,IL|HL|PEG|CH,0.303287|0.261497|0.00862567|0.42659,lung_epithelium,lung_epithelium:1,1.0,0.0,0.0,0.0,0.0,0.0,0.0,0.0,0.0
train,591,3,IL|HL|CH,0.406091|0.304569|0.28934,muscle,muscle:1,0.0,0.0,1.0,0.0,0.0,0.0,0.0,0.0,0.0
train,2827,4,IL|HL|PEG|CH,0.346688|0.281186|0.0251993|0.346927,lung_epithelium,lung_epithelium:1,1.0,0.0,0.0,0.0,0.0,0.0,0.0,0.0,0.0
train,2935,4,IL|HL|PEG|CH,0.35|0.16|0.025|0.465,liver,liver:0.2 + spleen:0.2 + heart:0.2 + lung:0.2 + kidney:0.2,0.0,0.20000000298023224,0.0,0.20000000298023224,0.0,0.20000000298023224,0.20000000298023224,0.20000000298023224,0.0
train,1075,4,IL|HL|PEG|CH,0.35|0.16|0.025|0.465,muscle,muscle:1,0.0,0.0,1.0,0.0,0.0,0.0,0.0,0.0,0.0
train,1394,4,IL|HL|PEG|CH,0.345856|0.10054|0.0501735|0.503431,lung_epithelium,lung_epithelium:1,1.0,0.0,0.0,0.0,0.0,0.0,0.0,0.0,0.0
train,3207,4,IL|HL|PEG|CH,0.5|0.1|0.015|0.385,bone_marrow,bone_marrow:1,0.0,0.0,0.0,0.0,1.0,0.0,0.0,0.0,0.0
train,298,4,IL|HL|PEG|CH,0.35|0.16|0.025|0.465,liver,liver:1,0.0,1.0,0.0,0.0,0.0,0.0,0.0,0.0,0.0
train,1859,4,IL|HL|PEG|CH,0.347187|0.106642|0.0107725|0.535399,lung_epithelium,lung_epithelium:1,1.0,0.0,0.0,0.0,0.0,0.0,0.0,0.0,0.0
train,1330,4,IL|HL|PEG|CH,0.199615|0.300409|0.00990918|0.490068,lung_epithelium,lung_epithelium:1,1.0,0.0,0.0,0.0,0.0,0.0,0.0,0.0,0.0
train,1350,4,IL|HL|PEG|CH,0.393224|0.303475|0.050644|0.252658,lung_epithelium,lung_epithelium:1,1.0,0.0,0.0,0.0,0.0,0.0,0.0,0.0,0.0
train,277,4,IL|HL|PEG|CH,0.35|0.16|0.025|0.465,liver,liver:1,0.0,1.0,0.0,0.0,0.0,0.0,0.0,0.0,0.0
train,1943,4,IL|HL|PEG|CH,0.483435|0.0793942|0.039621|0.39755,lung_epithelium,lung_epithelium:1,1.0,0.0,0.0,0.0,0.0,0.0,0.0,0.0,0.0
train,1273,4,IL|HL|PEG|CH,0.206122|0.29788|0.049765|0.446233,lung_epithelium,lung_epithelium:1,1.0,0.0,0.0,0.0,0.0,0.0,0.0,0.0,0.0
train,275,4,IL|HL|PEG|CH,0.35|0.16|0.025|0.465,liver,liver:1,0.0,1.0,0.0,0.0,0.0,0.0,0.0,0.0,0.0
train,2299,4,IL|HL|PEG|CH,0.66911|0.0828442|0.0414605|0.206585,lung_epithelium,lung_epithelium:1,1.0,0.0,0.0,0.0,0.0,0.0,0.0,0.0,0.0
train,2097,4,IL|HL|PEG|CH,0.20362|0.298905|0.0098596|0.487615,lung_epithelium,lung_epithelium:1,1.0,0.0,0.0,0.0,0.0,0.0,0.0,0.0,0.0
train,2431,4,IL|HL|PEG|CH,0.370684|0.155034|0.0241073|0.450174,lung_epithelium,lung_epithelium:1,1.0,0.0,0.0,0.0,0.0,0.0,0.0,0.0,0.0
train,2451,4,IL|HL|PEG|CH,0.588497|0.0837911|0.024952|0.30276,lung_epithelium,lung_epithelium:1,1.0,0.0,0.0,0.0,0.0,0.0,0.0,0.0,0.0
train,2261,4,IL|HL|PEG|CH,0.345199|0.102222|0.0106894|0.54189,lung_epithelium,lung_epithelium:1,1.0,0.0,0.0,0.0,0.0,0.0,0.0,0.0,0.0
train,1545,4,IL|HL|PEG|CH,0.373574|0.201932|0.0507773|0.373716,lung_epithelium,lung_epithelium:1,1.0,0.0,0.0,0.0,0.0,0.0,0.0,0.0,0.0
train,1311,4,IL|HL|PEG|CH,0.355158|0.27754|0.0248725|0.342429,lung_epithelium,lung_epithelium:1,1.0,0.0,0.0,0.0,0.0,0.0,0.0,0.0,0.0
train,1588,4,IL|HL|PEG|CH,0.601035|0.0998879|0.0499903|0.249087,lung_epithelium,lung_epithelium:1,1.0,0.0,0.0,0.0,0.0,0.0,0.0,0.0,0.0
train,364,4,IL|HL|PEG|CH,0.35|0.16|0.025|0.465,liver,liver:1,0.0,1.0,0.0,0.0,0.0,0.0,0.0,0.0,0.0
train,26,4,IL|HL|PEG|CH,0.5|0.1|0.015|0.385,liver,liver:1,0.0,1.0,0.0,0.0,0.0,0.0,0.0,0.0,0.0
train,988,4,IL|HL|PEG|CH,0.5|0.1|0.015|0.385,liver,liver:0.5 + spleen:0.5,0.0,0.5,0.0,0.5,0.0,0.0,0.0,0.0,0.0
train,2354,4,IL|HL|PEG|CH,0.391053|0.150016|0.023327|0.435604,lung_epithelium,lung_epithelium:1,1.0,0.0,0.0,0.0,0.0,0.0,0.0,0.0,0.0
train,2028,4,IL|HL|PEG|CH,0.349266|0.280076|0.0250998|0.345558,lung_epithelium,lung_epithelium:1,1.0,0.0,0.0,0.0,0.0,0.0,0.0,0.0,0.0
train,1990,4,IL|HL|PEG|CH,0.358544|0.100139|0.0104715|0.530846,lung_epithelium,lung_epithelium:1,1.0,0.0,0.0,0.0,0.0,0.0,0.0,0.0,0.0
train,813,4,IL|HL|PEG|CH,0.238095|0.238095|0.047619|0.47619,liver,liver:1,0.0,1.0,0.0,0.0,0.0,0.0,0.0,0.0,0.0
train,279,4,IL|HL|PEG|CH,0.35|0.16|0.025|0.465,liver,liver:1,0.0,1.0,0.0,0.0,0.0,0.0,0.0,0.0,0.0
train,1985,4,IL|HL|PEG|CH,0.405018|0.318512|0.010532|0.265938,lung_epithelium,lung_epithelium:1,1.0,0.0,0.0,0.0,0.0,0.0,0.0,0.0,0.0
train,1501,4,IL|HL|PEG|CH,0.203754|0.298769|0.0499135|0.447564,lung_epithelium,lung_epithelium:1,1.0,0.0,0.0,0.0,0.0,0.0,0.0,0.0,0.0
train,3264,4,IL|HL|PEG|CH,0.5|0.1|0.015|0.385,bone_marrow,bone_marrow:1,0.0,0.0,0.0,0.0,1.0,0.0,0.0,0.0,0.0
train,2284,4,IL|HL|PEG|CH,0.329368|0.158021|0.0261518|0.486459,lung_epithelium,lung_epithelium:1,1.0,0.0,0.0,0.0,0.0,0.0,0.0,0.0,0.0
train,1033,4,IL|HL|PEG|CH,0.35|0.16|0.025|0.465,muscle,muscle:1,0.0,0.0,1.0,0.0,0.0,0.0,0.0,0.0,0.0
train,2683,4,IL|HL|PEG|CH,0.45374|0.0892355|0.00901417|0.44801,lung_epithelium,lung_epithelium:1,1.0,0.0,0.0,0.0,0.0,0.0,0.0,0.0,0.0
train,1248,4,IL|HL|PEG|CH,0.264916|0.202822|0.0301913|0.50207,lung_epithelium,lung_epithelium:1,1.0,0.0,0.0,0.0,0.0,0.0,0.0,0.0,0.0
train,2022,4,IL|HL|PEG|CH,0.378522|0.300926|0.0532899|0.267262,lung_epithelium,lung_epithelium:1,1.0,0.0,0.0,0.0,0.0,0.0,0.0,0.0,0.0
train,1954,4,IL|HL|PEG|CH,0.483917|0.222122|0.0199061|0.274054,lung_epithelium,lung_epithelium:1,1.0,0.0,0.0,0.0,0.0,0.0,0.0,0.0,0.0
train,2126,4,IL|HL|PEG|CH,0.360852|0.0985295|0.0490773|0.491541,lung_epithelium,lung_epithelium:1,1.0,0.0,0.0,0.0,0.0,0.0,0.0,0.0,0.0
train,2696,4,IL|HL|PEG|CH,0.340643|0.181928|0.0270811|0.450348,lung_epithelium,lung_epithelium:1,1.0,0.0,0.0,0.0,0.0,0.0,0.0,0.0,0.0
train,1669,4,IL|HL|PEG|CH,0.403739|0.319197|0.0105547|0.266509,lung_epithelium,lung_epithelium:1,1.0,0.0,0.0,0.0,0.0,0.0,0.0,0.0,0.0
train,890,4,IL|HL|PEG|CH,0.5|0.1|0.015|0.385,liver,liver:0.5 + spleen:0.5,0.0,0.5,0.0,0.5,0.0,0.0,0.0,0.0,0.0
train,239,4,IL|HL|PEG|CH,0.35|0.16|0.025|0.465,liver,liver:1,0.0,1.0,0.0,0.0,0.0,0.0,0.0,0.0,0.0
train,1671,4,IL|HL|PEG|CH,0.354656|0.105422|0.0106492|0.529273,lung_epithelium,lung_epithelium:1,1.0,0.0,0.0,0.0,0.0,0.0,0.0,0.0,0.0
train,1222,4,IL|HL|PEG|CH,0.251212|0.416759|0.0107526|0.321276,lung_epithelium,lung_epithelium:1,1.0,0.0,0.0,0.0,0.0,0.0,0.0,0.0,0.0
train,1431,4,IL|HL|PEG|CH,0.316031|0.105439|0.0525189|0.526011,lung_epithelium,lung_epithelium:1,1.0,0.0,0.0,0.0,0.0,0.0,0.0,0.0,0.0
train,409,4,IL|HL|PEG|CH,0.35|0.16|0.025|0.465,liver,liver:1,0.0,1.0,0.0,0.0,0.0,0.0,0.0,0.0,0.0
train,1650,4,IL|HL|PEG|CH,0.402145|0.320664|0.0107376|0.266454,lung_epithelium,lung_epithelium:1,1.0,0.0,0.0,0.0,0.0,0.0,0.0,0.0,0.0
train,477,4,IL|HL|PEG|CH,0.35|0.16|0.025|0.465,liver,liver:1,0.0,1.0,0.0,0.0,0.0,0.0,0.0,0.0,0.0
train,2322,4,IL|HL|PEG|CH,0.469306|0.256968|0.0455055|0.228221,lung_epithelium,lung_epithelium:1,1.0,0.0,0.0,0.0,0.0,0.0,0.0,0.0,0.0
train,3088,4,IL|HL|PEG|CH,0.5|0.1|0.015|0.385,muscle,muscle:1,0.0,0.0,1.0,0.0,0.0,0.0,0.0,0.0,0.0
train,695,3,IL|HL|CH,0.406091|0.304569|0.28934,muscle,muscle:1,0.0,0.0,1.0,0.0,0.0,0.0,0.0,0.0,0.0
train,2211,4,IL|HL|PEG|CH,0.175419|0.30949|0.0102087|0.504883,lung_epithelium,lung_epithelium:1,1.0,0.0,0.0,0.0,0.0,0.0,0.0,0.0,0.0
train,2282,4,IL|HL|PEG|CH,0.324545|0.159158|0.0263399|0.489957,lung_epithelium,lung_epithelium:1,1.0,0.0,0.0,0.0,0.0,0.0,0.0,0.0,0.0
train,230,4,IL|HL|PEG|CH,0.35|0.16|0.025|0.465,liver,liver:1,0.0,1.0,0.0,0.0,0.0,0.0,0.0,0.0,0.0
train,2091,4,IL|HL|PEG|CH,0.442592|0.298397|0.00986692|0.249143,lung_epithelium,lung_epithelium:1,1.0,0.0,0.0,0.0,0.0,0.0,0.0,0.0,0.0
train,2501,4,IL|HL|PEG|CH,0.369705|0.173909|0.0258874|0.430499,lung_epithelium,lung_epithelium:1,1.0,0.0,0.0,0.0,0.0,0.0,0.0,0.0,0.0
train,92,3,IL|HL|CH,0.510204|0.387755|0.102041,liver,liver:1,0.0,1.0,0.0,0.0,0.0,0.0,0.0,0.0,0.0
train,358,4,IL|HL|PEG|CH,0.35|0.16|0.025|0.465,liver,liver:1,0.0,1.0,0.0,0.0,0.0,0.0,0.0,0.0,0.0
train,777,3,IL|HL|CH,0.406091|0.304569|0.28934,muscle,muscle:1,0.0,0.0,1.0,0.0,0.0,0.0,0.0,0.0,0.0
train,2889,4,IL|HL|PEG|CH,0.35|0.16|0.025|0.465,liver,liver:0.2 + spleen:0.2 + heart:0.2 + lung:0.2 + kidney:0.2,0.0,0.20000000298023224,0.0,0.20000000298023224,0.0,0.20000000298023224,0.20000000298023224,0.20000000298023224,0.0
train,2175,4,IL|HL|PEG|CH,0.203914|0.298795|0.00985595|0.487435,lung_epithelium,lung_epithelium:1,1.0,0.0,0.0,0.0,0.0,0.0,0.0,0.0,0.0
train,2151,4,IL|HL|PEG|CH,0.515077|0.0987412|0.029404|0.356778,lung_epithelium,lung_epithelium:1,1.0,0.0,0.0,0.0,0.0,0.0,0.0,0.0,0.0
train,776,3,IL|HL|CH,0.406091|0.304569|0.28934,muscle,muscle:1,0.0,0.0,1.0,0.0,0.0,0.0,0.0,0.0,0.0
train,621,3,IL|HL|CH,0.406091|0.304569|0.28934,muscle,muscle:1,0.0,0.0,1.0,0.0,0.0,0.0,0.0,0.0,0.0
train,1511,4,IL|HL|PEG|CH,0.349463|0.279992|0.0250922|0.345453,lung_epithelium,lung_epithelium:1,1.0,0.0,0.0,0.0,0.0,0.0,0.0,0.0,0.0
train,42,4,IL|HL|PEG|CH,0.5|0.1|0.015|0.385,liver,liver:1,0.0,1.0,0.0,0.0,0.0,0.0,0.0,0.0,0.0
train,2319,4,IL|HL|PEG|CH,0.24323|0.284039|0.00936921|0.463363,lung_epithelium,lung_epithelium:1,1.0,0.0,0.0,0.0,0.0,0.0,0.0,0.0,0.0
train,2136,4,IL|HL|PEG|CH,0.422354|0.279702|0.0495314|0.248412,lung_epithelium,lung_epithelium:1,1.0,0.0,0.0,0.0,0.0,0.0,0.0,0.0,0.0
train,2464,4,IL|HL|PEG|CH,0.670168|0.0825794|0.041328|0.205925,lung_epithelium,lung_epithelium:1,1.0,0.0,0.0,0.0,0.0,0.0,0.0,0.0,0.0
train,1071,4,IL|HL|PEG|CH,0.35|0.16|0.025|0.465,muscle,muscle:1,0.0,0.0,1.0,0.0,0.0,0.0,0.0,0.0,0.0
train,2897,4,IL|HL|PEG|CH,0.35|0.16|0.025|0.465,liver,liver:0.2 + spleen:0.2 + heart:0.2 + lung:0.2 + kidney:0.2,0.0,0.20000000298023224,0.0,0.20000000298023224,0.0,0.20000000298023224,0.20000000298023224,0.20000000298023224,0.0
train,2878,4,IL|HL|PEG|CH,0.39557|0.260147|0.0233138|0.320969,lung_epithelium,lung_epithelium:1,1.0,0.0,0.0,0.0,0.0,0.0,0.0,0.0,0.0
train,1938,4,IL|HL|PEG|CH,0.586454|0.221809|0.00742736|0.18431,lung_epithelium,lung_epithelium:1,1.0,0.0,0.0,0.0,0.0,0.0,0.0,0.0,0.0
train,357,4,IL|HL|PEG|CH,0.35|0.16|0.025|0.465,liver,liver:1,0.0,1.0,0.0,0.0,0.0,0.0,0.0,0.0,0.0
train,1612,4,IL|HL|PEG|CH,0.285886|0.175924|0.0273557|0.510834,lung_epithelium,lung_epithelium:1,1.0,0.0,0.0,0.0,0.0,0.0,0.0,0.0,0.0
train,385,4,IL|HL|PEG|CH,0.35|0.16|0.025|0.465,liver,liver:1,0.0,1.0,0.0,0.0,0.0,0.0,0.0,0.0,0.0
train,2338,4,IL|HL|PEG|CH,0.413803|0.2523|0.0226105|0.311287,lung_epithelium,lung_epithelium:1,1.0,0.0,0.0,0.0,0.0,0.0,0.0,0.0,0.0
train,2724,4,IL|HL|PEG|CH,0.646969|0.0879204|0.0440431|0.221067,lung_epithelium,lung_epithelium:1,1.0,0.0,0.0,0.0,0.0,0.0,0.0,0.0,0.0
train,3167,4,IL|HL|PEG|CH,0.5|0.1|0.015|0.385,bone_marrow,bone_marrow:1,0.0,0.0,0.0,0.0,1.0,0.0,0.0,0.0,0.0
train,0,4,IL|HL|PEG|CH,0.5|0.1|0.015|0.385,liver,liver:1,0.0,1.0,0.0,0.0,0.0,0.0,0.0,0.0,0.0
train,1868,4,IL|HL|PEG|CH,0.553165|0.111768|0.0111602|0.323907,lung_epithelium,lung_epithelium:1,1.0,0.0,0.0,0.0,0.0,0.0,0.0,0.0,0.0
train,2134,4,IL|HL|PEG|CH,0.615108|0.0963644|0.0482269|0.2403,lung_epithelium,lung_epithelium:1,1.0,0.0,0.0,0.0,0.0,0.0,0.0,0.0,0.0
train,1436,4,IL|HL|PEG|CH,0.31953|0.16034|0.0265354|0.493595,lung_epithelium,lung_epithelium:1,1.0,0.0,0.0,0.0,0.0,0.0,0.0,0.0,0.0
train,1560,4,IL|HL|PEG|CH,0.285114|0.176114|0.0273852|0.511386,lung_epithelium,lung_epithelium:1,1.0,0.0,0.0,0.0,0.0,0.0,0.0,0.0,0.0
train,2631,4,IL|HL|PEG|CH,0.248335|0.282122|0.009306|0.460237,lung_epithelium,lung_epithelium:1,1.0,0.0,0.0,0.0,0.0,0.0,0.0,0.0,0.0
train,1383,4,IL|HL|PEG|CH,0.352522|0.0998136|0.0497169|0.497947,lung_epithelium,lung_epithelium:1,1.0,0.0,0.0,0.0,0.0,0.0,0.0,0.0,0.0
train,2721,4,IL|HL|PEG|CH,0.423223|0.135906|0.0224918|0.418379,lung_epithelium,lung_epithelium:1,1.0,0.0,0.0,0.0,0.0,0.0,0.0,0.0,0.0
train,900,4,IL|HL|PEG|CH,0.5|0.1|0.015|0.385,liver,liver:0.5 + spleen:0.5,0.0,0.5,0.0,0.5,0.0,0.0,0.0,0.0,0.0
train,1188,4,IL|HL|PEG|CH,0.572129|0.149503|0.0107711|0.267597,lung_epithelium,lung_epithelium:1,1.0,0.0,0.0,0.0,0.0,0.0,0.0,0.0,0.0
train,2507,4,IL|HL|PEG|CH,0.285802|0.239184|0.0284906|0.446523,lung_epithelium,lung_epithelium:1,1.0,0.0,0.0,0.0,0.0,0.0,0.0,0.0,0.0
train,348,4,IL|HL|PEG|CH,0.35|0.16|0.025|0.465,liver,liver:1,0.0,1.0,0.0,0.0,0.0,0.0,0.0,0.0,0.0
train,2171,4,IL|HL|PEG|CH,0.596575|0.140961|0.0101557|0.252308,lung_epithelium,lung_epithelium:1,1.0,0.0,0.0,0.0,0.0,0.0,0.0,0.0,0.0
train,303,4,IL|HL|PEG|CH,0.35|0.16|0.025|0.465,liver,liver:1,0.0,1.0,0.0,0.0,0.0,0.0,0.0,0.0,0.0
train,65,4,IL|HL|PEG|CH,0.5|0.1|0.015|0.385,liver,liver:1,0.0,1.0,0.0,0.0,0.0,0.0,0.0,0.0,0.0
train,3217,4,IL|HL|PEG|CH,0.5|0.1|0.015|0.385,bone_marrow,bone_marrow:1,0.0,0.0,0.0,0.0,1.0,0.0,0.0,0.0,0.0
train,2355,4,IL|HL|PEG|CH,0.42337|0.088626|0.0442281|0.443776,lung_epithelium,lung_epithelium:1,1.0,0.0,0.0,0.0,0.0,0.0,0.0,0.0,0.0
train,2486,4,IL|HL|PEG|CH,0.666246|0.0835612|0.0418194|0.208374,lung_epithelium,lung_epithelium:1,1.0,0.0,0.0,0.0,0.0,0.0,0.0,0.0,0.0
train,864,4,IL|HL|PEG|CH,0.5|0.1|0.015|0.385,liver,liver:0.5 + spleen:0.5,0.0,0.5,0.0,0.5,0.0,0.0,0.0,0.0,0.0
train,3256,4,IL|HL|PEG|CH,0.5|0.1|0.015|0.385,bone_marrow,bone_marrow:1,0.0,0.0,0.0,0.0,1.0,0.0,0.0,0.0,0.0
train,2279,4,IL|HL|PEG|CH,0.336324|0.103607|0.0108343|0.549234,lung_epithelium,lung_epithelium:1,1.0,0.0,0.0,0.0,0.0,0.0,0.0,0.0,0.0
train,1769,4,IL|HL|PEG|CH,0.314485|0.105361|0.0525796|0.527574,lung_epithelium,lung_epithelium:1,1.0,0.0,0.0,0.0,0.0,0.0,0.0,0.0,0.0
train,2079,4,IL|HL|PEG|CH,0.351843|0.0996195|0.0497142|0.498823,lung_epithelium,lung_epithelium:1,1.0,0.0,0.0,0.0,0.0,0.0,0.0,0.0,0.0
train,736,3,IL|HL|CH,0.406091|0.304569|0.28934,muscle,muscle:1,0.0,0.0,1.0,0.0,0.0,0.0,0.0,0.0,0.0
train,410,4,IL|HL|PEG|CH,0.35|0.16|0.025|0.465,liver,liver:1,0.0,1.0,0.0,0.0,0.0,0.0,0.0,0.0,0.0
train,1447,4,IL|HL|PEG|CH,0.378522|0.300926|0.0532899|0.267262,lung_epithelium,lung_epithelium:1,1.0,0.0,0.0,0.0,0.0,0.0,0.0,0.0,0.0
train,831,4,IL|HL|PEG|CH,0.5|0.1|0.015|0.385,liver,liver:0.5 + spleen:0.5,0.0,0.5,0.0,0.5,0.0,0.0,0.0,0.0,0.0
train,315,4,IL|HL|PEG|CH,0.35|0.16|0.025|0.465,liver,liver:1,0.0,1.0,0.0,0.0,0.0,0.0,0.0,0.0,0.0
train,2422,4,IL|HL|PEG|CH,0.52981|0.251707|0.00832305|0.21016,lung_epithelium,lung_epithelium:1,1.0,0.0,0.0,0.0,0.0,0.0,0.0,0.0,0.0
train,1202,4,IL|HL|PEG|CH,0.594498|0.141687|0.010208|0.253607,lung_epithelium,lung_epithelium:1,1.0,0.0,0.0,0.0,0.0,0.0,0.0,0.0,0.0
train,3096,4,IL|HL|PEG|CH,0.5|0.1|0.015|0.385,muscle,muscle:1,0.0,0.0,1.0,0.0,0.0,0.0,0.0,0.0,0.0
train,1472,4,IL|HL|PEG|CH,0.592832|0.142269|0.0102499|0.254649,lung_epithelium,lung_epithelium:1,1.0,0.0,0.0,0.0,0.0,0.0,0.0,0.0,0.0
train,647,3,IL|HL|CH,0.406091|0.304569|0.28934,muscle,muscle:1,0.0,0.0,1.0,0.0,0.0,0.0,0.0,0.0,0.0
train,2358,4,IL|HL|PEG|CH,0.672542|0.0819848|0.0410304|0.204443,lung_epithelium,lung_epithelium:1,1.0,0.0,0.0,0.0,0.0,0.0,0.0,0.0,0.0
train,415,4,IL|HL|PEG|CH,0.35|0.16|0.025|0.465,liver,liver:1,0.0,1.0,0.0,0.0,0.0,0.0,0.0,0.0,0.0
train,2646,4,IL|HL|PEG|CH,0.344455|0.317421|0.0562111|0.281912,lung_epithelium,lung_epithelium:1,1.0,0.0,0.0,0.0,0.0,0.0,0.0,0.0,0.0
train,2742,4,IL|HL|PEG|CH,0.665156|0.083391|0.0417741|0.209679,lung_epithelium,lung_epithelium:1,1.0,0.0,0.0,0.0,0.0,0.0,0.0,0.0,0.0
train,170,4,IL|HL|PEG|CH,0.35|0.16|0.025|0.465,liver,liver:1,0.0,1.0,0.0,0.0,0.0,0.0,0.0,0.0,0.0
train,1697,4,IL|HL|PEG|CH,0.46599|0.108736|0.0323804|0.392893,lung_epithelium,lung_epithelium:1,1.0,0.0,0.0,0.0,0.0,0.0,0.0,0.0,0.0
train,943,4,IL|HL|PEG|CH,0.5|0.1|0.015|0.385,liver,liver:0.5 + spleen:0.5,0.0,0.5,0.0,0.5,0.0,0.0,0.0,0.0,0.0
train,607,3,IL|HL|CH,0.406091|0.304569|0.28934,muscle,muscle:1,0.0,0.0,1.0,0.0,0.0,0.0,0.0,0.0,0.0
train,1639,4,IL|HL|PEG|CH,0.242609|0.421547|0.0108762|0.324968,lung_epithelium,lung_epithelium:1,1.0,0.0,0.0,0.0,0.0,0.0,0.0,0.0,0.0
train,1872,4,IL|HL|PEG|CH,0.361709|0.309067|0.0547316|0.274492,lung_epithelium,lung_epithelium:1,1.0,0.0,0.0,0.0,0.0,0.0,0.0,0.0,0.0
train,382,4,IL|HL|PEG|CH,0.35|0.16|0.025|0.465,liver,liver:1,0.0,1.0,0.0,0.0,0.0,0.0,0.0,0.0,0.0
train,2555,4,IL|HL|PEG|CH,0.504163|0.240089|0.0425166|0.213231,lung_epithelium,lung_epithelium:1,1.0,0.0,0.0,0.0,0.0,0.0,0.0,0.0,0.0
train,2017,4,IL|HL|PEG|CH,0.32245|0.104137|0.0519687|0.521444,lung_epithelium,lung_epithelium:1,1.0,0.0,0.0,0.0,0.0,0.0,0.0,0.0,0.0
train,2181,4,IL|HL|PEG|CH,0.40629|0.296939|0.0495534|0.247217,lung_epithelium,lung_epithelium:1,1.0,0.0,0.0,0.0,0.0,0.0,0.0,0.0,0.0
train,1189,4,IL|HL|PEG|CH,0.353873|0.208283|0.0523742|0.385469,lung_epithelium,lung_epithelium:1,1.0,0.0,0.0,0.0,0.0,0.0,0.0,0.0,0.0
train,1149,4,IL|HL|PEG|CH,0.268141|0.201933|0.0300589|0.499868,lung_epithelium,lung_epithelium:1,1.0,0.0,0.0,0.0,0.0,0.0,0.0,0.0,0.0
train,2952,4,IL|HL|PEG|CH,0.49505|0.0990099|0.0148515|0.391089,ear,ear:1,0.0,0.0,0.0,0.0,0.0,0.0,0.0,0.0,1.0
train,2158,4,IL|HL|PEG|CH,0.205821|0.297993|0.0497839|0.446402,lung_epithelium,lung_epithelium:1,1.0,0.0,0.0,0.0,0.0,0.0,0.0,0.0,0.0
train,2112,4,IL|HL|PEG|CH,0.203583|0.26672|0.0317704|0.497927,lung_epithelium,lung_epithelium:1,1.0,0.0,0.0,0.0,0.0,0.0,0.0,0.0,0.0
train,2375,4,IL|HL|PEG|CH,0.415151|0.144243|0.0224783|0.418127,lung_epithelium,lung_epithelium:1,1.0,0.0,0.0,0.0,0.0,0.0,0.0,0.0,0.0
train,2835,4,IL|HL|PEG|CH,0.407205|0.255139|0.022865|0.314791,lung_epithelium,lung_epithelium:1,1.0,0.0,0.0,0.0,0.0,0.0,0.0,0.0,0.0
train,1283,4,IL|HL|PEG|CH,0.322879|0.291433|0.0261176|0.35957,lung_epithelium,lung_epithelium:1,1.0,0.0,0.0,0.0,0.0,0.0,0.0,0.0,0.0
train,3230,4,IL|HL|PEG|CH,0.5|0.1|0.015|0.385,bone_marrow,bone_marrow:1,0.0,0.0,0.0,0.0,1.0,0.0,0.0,0.0,0.0
train,2959,4,IL|HL|PEG|CH,0.566848|0.14404|0.0119375|0.277175,liver,liver:1,0.0,1.0,0.0,0.0,0.0,0.0,0.0,0.0,0.0
train,1469,4,IL|HL|PEG|CH,0.593287|0.101828|0.0509611|0.253924,lung_epithelium,lung_epithelium:1,1.0,0.0,0.0,0.0,0.0,0.0,0.0,0.0,0.0
train,240,4,IL|HL|PEG|CH,0.35|0.16|0.025|0.465,liver,liver:1,0.0,1.0,0.0,0.0,0.0,0.0,0.0,0.0,0.0
train,118,4,IL|HL|PEG|CH,0.3|0.39|0.01|0.3,lung_epithelium,lung_epithelium:1,1.0,0.0,0.0,0.0,0.0,0.0,0.0,0.0,0.0
train,3205,4,IL|HL|PEG|CH,0.5|0.1|0.015|0.385,bone_marrow,bone_marrow:1,0.0,0.0,0.0,0.0,1.0,0.0,0.0,0.0,0.0
train,1546,4,IL|HL|PEG|CH,0.393215|0.303479|0.0506448|0.252661,lung_epithelium,lung_epithelium:1,1.0,0.0,0.0,0.0,0.0,0.0,0.0,0.0,0.0
train,2553,4,IL|HL|PEG|CH,0.689676|0.0776952|0.0388836|0.193746,lung_epithelium,lung_epithelium:1,1.0,0.0,0.0,0.0,0.0,0.0,0.0,0.0,0.0
train,2170,4,IL|HL|PEG|CH,0.403993|0.288592|0.0511058|0.256308,lung_epithelium,lung_epithelium:1,1.0,0.0,0.0,0.0,0.0,0.0,0.0,0.0,0.0
train,111,3,IL|HL|CH,0.510204|0.387755|0.102041,liver,liver:1,0.0,1.0,0.0,0.0,0.0,0.0,0.0,0.0,0.0
train,1317,4,IL|HL|PEG|CH,0.605943|0.0986591|0.0493753|0.246023,lung_epithelium,lung_epithelium:1,1.0,0.0,0.0,0.0,0.0,0.0,0.0,0.0,0.0
train,3254,4,IL|HL|PEG|CH,0.5|0.1|0.015|0.385,bone_marrow,bone_marrow:1,0.0,0.0,0.0,0.0,1.0,0.0,0.0,0.0,0.0
train,924,4,IL|HL|PEG|CH,0.5|0.1|0.015|0.385,liver,liver:0.5 + spleen:0.5,0.0,0.5,0.0,0.5,0.0,0.0,0.0,0.0,0.0
train,1386,4,IL|HL|PEG|CH,0.392318|0.0992693|0.0100277|0.498385,lung_epithelium,lung_epithelium:1,1.0,0.0,0.0,0.0,0.0,0.0,0.0,0.0,0.0
train,866,4,IL|HL|PEG|CH,0.5|0.1|0.015|0.385,liver,liver:0.5 + spleen:0.5,0.0,0.5,0.0,0.5,0.0,0.0,0.0,0.0,0.0
train,2493,4,IL|HL|PEG|CH,0.285849|0.268042|0.00884156|0.437267,lung_epithelium,lung_epithelium:1,1.0,0.0,0.0,0.0,0.0,0.0,0.0,0.0,0.0
train,272,4,IL|HL|PEG|CH,0.35|0.16|0.025|0.465,liver,liver:1,0.0,1.0,0.0,0.0,0.0,0.0,0.0,0.0,0.0
train,666,3,IL|HL|CH,0.406091|0.304569|0.28934,muscle,muscle:1,0.0,0.0,1.0,0.0,0.0,0.0,0.0,0.0,0.0
train,362,4,IL|HL|PEG|CH,0.35|0.16|0.025|0.465,liver,liver:1,0.0,1.0,0.0,0.0,0.0,0.0,0.0,0.0,0.0
train,1413,4,IL|HL|PEG|CH,0.388387|0.0954797|0.00998435|0.506149,lung_epithelium,lung_epithelium:1,1.0,0.0,0.0,0.0,0.0,0.0,0.0,0.0,0.0
train,138,4,IL|HL|PEG|CH,0.35|0.16|0.025|0.465,lung_epithelium,lung_epithelium:1,1.0,0.0,0.0,0.0,0.0,0.0,0.0,0.0,0.0
train,2373,4,IL|HL|PEG|CH,0.427605|0.134874|0.022321|0.4152,lung_epithelium,lung_epithelium:1,1.0,0.0,0.0,0.0,0.0,0.0,0.0,0.0,0.0
train,742,3,IL|HL|CH,0.406091|0.304569|0.28934,muscle,muscle:1,0.0,0.0,1.0,0.0,0.0,0.0,0.0,0.0,0.0
train,2638,4,IL|HL|PEG|CH,0.45797|0.0890006|0.00876364|0.444266,lung_epithelium,lung_epithelium:1,1.0,0.0,0.0,0.0,0.0,0.0,0.0,0.0,0.0
train,856,4,IL|HL|PEG|CH,0.5|0.1|0.015|0.385,liver,liver:0.5 + spleen:0.5,0.0,0.5,0.0,0.5,0.0,0.0,0.0,0.0,0.0
train,542,3,IL|HL|CH,0.406091|0.304569|0.28934,muscle,muscle:1,0.0,0.0,1.0,0.0,0.0,0.0,0.0,0.0,0.0
train,1933,4,IL|HL|PEG|CH,0.649232|0.0714241|0.0212693|0.258074,lung_epithelium,lung_epithelium:1,1.0,0.0,0.0,0.0,0.0,0.0,0.0,0.0,0.0
train,1752,4,IL|HL|PEG|CH,0.346837|0.210551|0.0529446|0.389667,lung_epithelium,lung_epithelium:1,1.0,0.0,0.0,0.0,0.0,0.0,0.0,0.0,0.0
train,2757,4,IL|HL|PEG|CH,0.410368|0.138935|0.0229931|0.427704,lung_epithelium,lung_epithelium:1,1.0,0.0,0.0,0.0,0.0,0.0,0.0,0.0,0.0
train,1689,4,IL|HL|PEG|CH,0.314436|0.169083|0.0263492|0.490132,lung_epithelium,lung_epithelium:1,1.0,0.0,0.0,0.0,0.0,0.0,0.0,0.0,0.0
train,2178,4,IL|HL|PEG|CH,0.41341|0.284033|0.0502984|0.252259,lung_epithelium,lung_epithelium:1,1.0,0.0,0.0,0.0,0.0,0.0,0.0,0.0,0.0
train,1801,4,IL|HL|PEG|CH,0.318225|0.160647|0.0265863|0.494542,lung_epithelium,lung_epithelium:1,1.0,0.0,0.0,0.0,0.0,0.0,0.0,0.0,0.0
train,375,4,IL|HL|PEG|CH,0.35|0.16|0.025|0.465,liver,liver:1,0.0,1.0,0.0,0.0,0.0,0.0,0.0,0.0,0.0
train,1879,4,IL|HL|PEG|CH,0.235612|0.425441|0.0109767|0.32797,lung_epithelium,lung_epithelium:1,1.0,0.0,0.0,0.0,0.0,0.0,0.0,0.0,0.0
valid,787,3,IL|HL|CH,0.406091|0.304569|0.28934,muscle,muscle:1,0.0,0.0,1.0,0.0,0.0,0.0,0.0,0.0,0.0
valid,1025,4,IL|HL|PEG|CH,0.35|0.16|0.025|0.465,muscle,muscle:1,0.0,0.0,1.0,0.0,0.0,0.0,0.0,0.0,0.0
valid,881,4,IL|HL|PEG|CH,0.5|0.1|0.015|0.385,liver,liver:0.5 + spleen:0.5,0.0,0.5,0.0,0.5,0.0,0.0,0.0,0.0,0.0
valid,2147,4,IL|HL|PEG|CH,0.367606|0.149011|0.0246606|0.458722,lung_epithelium,lung_epithelium:1,1.0,0.0,0.0,0.0,0.0,0.0,0.0,0.0,0.0
valid,2260,4,IL|HL|PEG|CH,0.308723|0.162886|0.0269568|0.501434,lung_epithelium,lung_epithelium:1,1.0,0.0,0.0,0.0,0.0,0.0,0.0,0.0,0.0
valid,2472,4,IL|HL|PEG|CH,0.421033|0.0892521|0.0444562|0.445258,lung_epithelium,lung_epithelium:1,1.0,0.0,0.0,0.0,0.0,0.0,0.0,0.0,0.0
valid,1237,4,IL|HL|PEG|CH,0.316211|0.168454|0.026194|0.489142,lung_epithelium,lung_epithelium:1,1.0,0.0,0.0,0.0,0.0,0.0,0.0,0.0,0.0
valid,1459,4,IL|HL|PEG|CH,0.18121|0.274213|0.032663|0.511915,lung_epithelium,lung_epithelium:1,1.0,0.0,0.0,0.0,0.0,0.0,0.0,0.0,0.0
valid,1377,4,IL|HL|PEG|CH,0.383439|0.198753|0.0499777|0.367831,lung_epithelium,lung_epithelium:1,1.0,0.0,0.0,0.0,0.0,0.0,0.0,0.0,0.0
valid,17,4,IL|HL|PEG|CH,0.5|0.1|0.015|0.385,liver,liver:1,0.0,1.0,0.0,0.0,0.0,0.0,0.0,0.0,0.0
valid,2228,4,IL|HL|PEG|CH,0.354555|0.100761|0.0105366|0.534147,lung_epithelium,lung_epithelium:1,1.0,0.0,0.0,0.0,0.0,0.0,0.0,0.0,0.0
valid,811,4,IL|HL|PEG|CH,0.238095|0.238095|0.047619|0.47619,liver,liver:1,0.0,1.0,0.0,0.0,0.0,0.0,0.0,0.0,0.0
valid,527,4,IL|HL|PEG|CH,0.35|0.16|0.025|0.465,liver,liver:1,0.0,1.0,0.0,0.0,0.0,0.0,0.0,0.0,0.0
valid,1830,4,IL|HL|PEG|CH,0.394332|0.324854|0.0108779|0.269935,lung_epithelium,lung_epithelium:1,1.0,0.0,0.0,0.0,0.0,0.0,0.0,0.0,0.0
valid,897,4,IL|HL|PEG|CH,0.5|0.1|0.015|0.385,liver,liver:0.5 + spleen:0.5,0.0,0.5,0.0,0.5,0.0,0.0,0.0,0.0,0.0
valid,439,4,IL|HL|PEG|CH,0.35|0.16|0.025|0.465,liver,liver:1,0.0,1.0,0.0,0.0,0.0,0.0,0.0,0.0,0.0
valid,1221,4,IL|HL|PEG|CH,0.325627|0.290251|0.0260116|0.358111,lung_epithelium,lung_epithelium:1,1.0,0.0,0.0,0.0,0.0,0.0,0.0,0.0,0.0
valid,1411,4,IL|HL|PEG|CH,0.197349|0.268807|0.0320191|0.501824,lung_epithelium,lung_epithelium:1,1.0,0.0,0.0,0.0,0.0,0.0,0.0,0.0,0.0
valid,332,4,IL|HL|PEG|CH,0.35|0.16|0.025|0.465,liver,liver:1,0.0,1.0,0.0,0.0,0.0,0.0,0.0,0.0,0.0
valid,3192,4,IL|HL|PEG|CH,0.5|0.1|0.015|0.385,bone_marrow,bone_marrow:1,0.0,0.0,0.0,0.0,1.0,0.0,0.0,0.0,0.0
valid,102,3,IL|HL|CH,0.510204|0.387755|0.102041,liver,liver:1,0.0,1.0,0.0,0.0,0.0,0.0,0.0,0.0,0.0
valid,1477,4,IL|HL|PEG|CH,0.19534|0.301926|0.0504409|0.452293,lung_epithelium,lung_epithelium:1,1.0,0.0,0.0,0.0,0.0,0.0,0.0,0.0,0.0
valid,354,4,IL|HL|PEG|CH,0.35|0.16|0.025|0.465,liver,liver:1,0.0,1.0,0.0,0.0,0.0,0.0,0.0,0.0,0.0
valid,229,4,IL|HL|PEG|CH,0.35|0.16|0.025|0.465,liver,liver:1,0.0,1.0,0.0,0.0,0.0,0.0,0.0,0.0,0.0
valid,1803,4,IL|HL|PEG|CH,0.308275|0.170602|0.026586|0.494537,lung_epithelium,lung_epithelium:1,1.0,0.0,0.0,0.0,0.0,0.0,0.0,0.0,0.0
valid,194,4,IL|HL|PEG|CH,0.35|0.16|0.025|0.465,liver,liver:1,0.0,1.0,0.0,0.0,0.0,0.0,0.0,0.0,0.0
valid,457,4,IL|HL|PEG|CH,0.35|0.16|0.025|0.465,liver,liver:1,0.0,1.0,0.0,0.0,0.0,0.0,0.0,0.0,0.0
valid,478,4,IL|HL|PEG|CH,0.35|0.16|0.025|0.465,liver,liver:1,0.0,1.0,0.0,0.0,0.0,0.0,0.0,0.0,0.0
valid,2711,4,IL|HL|PEG|CH,0.257299|0.24873|0.0296276|0.464343,lung_epithelium,lung_epithelium:1,1.0,0.0,0.0,0.0,0.0,0.0,0.0,0.0,0.0
valid,2688,4,IL|HL|PEG|CH,0.662322|0.0840968|0.0421277|0.211453,lung_epithelium,lung_epithelium:1,1.0,0.0,0.0,0.0,0.0,0.0,0.0,0.0,0.0
valid,314,4,IL|HL|PEG|CH,0.35|0.16|0.025|0.465,liver,liver:1,0.0,1.0,0.0,0.0,0.0,0.0,0.0,0.0,0.0
valid,2098,4,IL|HL|PEG|CH,0.605934|0.0986615|0.0493765|0.246028,lung_epithelium,lung_epithelium:1,1.0,0.0,0.0,0.0,0.0,0.0,0.0,0.0,0.0
valid,1334,4,IL|HL|PEG|CH,0.599525|0.139931|0.0100814|0.250463,lung_epithelium,lung_epithelium:1,1.0,0.0,0.0,0.0,0.0,0.0,0.0,0.0,0.0
valid,2943,4,IL|HL|PEG|CH,0.35|0.16|0.025|0.465,liver,liver:1,0.0,1.0,0.0,0.0,0.0,0.0,0.0,0.0,0.0
valid,2682,4,IL|HL|PEG|CH,0.454237|0.0896135|0.00882398|0.447325,lung_epithelium,lung_epithelium:1,1.0,0.0,0.0,0.0,0.0,0.0,0.0,0.0,0.0
valid,3031,4,IL|HL|PEG|CH,0.366906|0.210528|0.0174479|0.405117,liver,liver:1,0.0,1.0,0.0,0.0,0.0,0.0,0.0,0.0,0.0
valid,486,4,IL|HL|PEG|CH,0.35|0.16|0.025|0.465,liver,liver:1,0.0,1.0,0.0,0.0,0.0,0.0,0.0,0.0,0.0
valid,729,3,IL|HL|CH,0.406091|0.304569|0.28934,muscle,muscle:1,0.0,0.0,1.0,0.0,0.0,0.0,0.0,0.0,0.0
valid,1532,4,IL|HL|PEG|CH,0.352971|0.15246|0.0252314|0.469338,lung_epithelium,lung_epithelium:1,1.0,0.0,0.0,0.0,0.0,0.0,0.0,0.0,0.0
valid,442,4,IL|HL|PEG|CH,0.35|0.16|0.025|0.465,liver,liver:1,0.0,1.0,0.0,0.0,0.0,0.0,0.0,0.0,0.0
valid,554,3,IL|HL|CH,0.406091|0.304569|0.28934,muscle,muscle:1,0.0,0.0,1.0,0.0,0.0,0.0,0.0,0.0,0.0
valid,1360,4,IL|HL|PEG|CH,0.465249|0.108887|0.0324254|0.393439,lung_epithelium,lung_epithelium:1,1.0,0.0,0.0,0.0,0.0,0.0,0.0,0.0,0.0
valid,3302,4,IL|HL|PEG|CH,0.333333|0.133333|0.02|0.513333,ear,ear:1,0.0,0.0,0.0,0.0,0.0,0.0,0.0,0.0,1.0
valid,1735,4,IL|HL|PEG|CH,0.468254|0.108275|0.0322432|0.391228,lung_epithelium,lung_epithelium:1,1.0,0.0,0.0,0.0,0.0,0.0,0.0,0.0,0.0
valid,3039,4,IL|HL|PEG|CH,0.317391|0.226994|0.0188125|0.436802,liver,liver:1,0.0,1.0,0.0,0.0,0.0,0.0,0.0,0.0,0.0
valid,1442,4,IL|HL|PEG|CH,0.32245|0.104137|0.0519687|0.521444,lung_epithelium,lung_epithelium:1,1.0,0.0,0.0,0.0,0.0,0.0,0.0,0.0,0.0
valid,2590,4,IL|HL|PEG|CH,0.46175|0.0883799|0.00870252|0.441168,lung_epithelium,lung_epithelium:1,1.0,0.0,0.0,0.0,0.0,0.0,0.0,0.0,0.0
valid,2157,4,IL|HL|PEG|CH,0.275084|0.200017|0.0297737|0.495125,lung_epithelium,lung_epithelium:1,1.0,0.0,0.0,0.0,0.0,0.0,0.0,0.0,0.0
valid,927,4,IL|HL|PEG|CH,0.5|0.1|0.015|0.385,liver,liver:0.5 + spleen:0.5,0.0,0.5,0.0,0.5,0.0,0.0,0.0,0.0,0.0
valid,1741,4,IL|HL|PEG|CH,0.317708|0.168276|0.0262235|0.487792,lung_epithelium,lung_epithelium:1,1.0,0.0,0.0,0.0,0.0,0.0,0.0,0.0,0.0
valid,443,4,IL|HL|PEG|CH,0.35|0.16|0.025|0.465,liver,liver:1,0.0,1.0,0.0,0.0,0.0,0.0,0.0,0.0,0.0
valid,2292,4,IL|HL|PEG|CH,0.420268|0.142981|0.0222816|0.414469,lung_epithelium,lung_epithelium:1,1.0,0.0,0.0,0.0,0.0,0.0,0.0,0.0,0.0
valid,789,3,IL|HL|CH,0.406091|0.304569|0.28934,muscle,muscle:1,0.0,0.0,1.0,0.0,0.0,0.0,0.0,0.0,0.0
valid,2208,4,IL|HL|PEG|CH,0.175386|0.276163|0.0328953|0.515556,lung_epithelium,lung_epithelium:1,1.0,0.0,0.0,0.0,0.0,0.0,0.0,0.0,0.0
valid,63,4,IL|HL|PEG|CH,0.5|0.1|0.015|0.385,liver,liver:1,0.0,1.0,0.0,0.0,0.0,0.0,0.0,0.0,0.0
valid,2578,4,IL|HL|PEG|CH,0.456133|0.263346|0.046635|0.233886,lung_epithelium,lung_epithelium:1,1.0,0.0,0.0,0.0,0.0,0.0,0.0,0.0,0.0
valid,2240,4,IL|HL|PEG|CH,0.406686|0.317619|0.0105025|0.265192,lung_epithelium,lung_epithelium:1,1.0,0.0,0.0,0.0,0.0,0.0,0.0,0.0,0.0
valid,2728,4,IL|HL|PEG|CH,0.437825|0.0918354|0.0092768|0.461063,lung_epithelium,lung_epithelium:1,1.0,0.0,0.0,0.0,0.0,0.0,0.0,0.0,0.0
valid,1289,4,IL|HL|PEG|CH,0.571056|0.107394|0.0537466|0.267804,lung_epithelium,lung_epithelium:1,1.0,0.0,0.0,0.0,0.0,0.0,0.0,0.0,0.0
valid,1590,4,IL|HL|PEG|CH,0.408016|0.286644|0.0507609|0.254578,lung_epithelium,lung_epithelium:1,1.0,0.0,0.0,0.0,0.0,0.0,0.0,0.0,0.0
valid,109,3,IL|HL|CH,0.510204|0.387755|0.102041,liver,liver:1,0.0,1.0,0.0,0.0,0.0,0.0,0.0,0.0,0.0
valid,2676,4,IL|HL|PEG|CH,0.419791|0.136715|0.0226256|0.420868,lung_epithelium,lung_epithelium:1,1.0,0.0,0.0,0.0,0.0,0.0,0.0,0.0,0.0
valid,761,3,IL|HL|CH,0.406091|0.304569|0.28934,muscle,muscle:1,0.0,0.0,1.0,0.0,0.0,0.0,0.0,0.0,0.0
valid,2736,4,IL|HL|PEG|CH,0.453678|0.0897053|0.00883302|0.447783,lung_epithelium,lung_epithelium:1,1.0,0.0,0.0,0.0,0.0,0.0,0.0,0.0,0.0
valid,3158,4,IL|HL|PEG|CH,0.5|0.1|0.015|0.385,bone_marrow,bone_marrow:1,0.0,0.0,0.0,0.0,1.0,0.0,0.0,0.0,0.0
valid,1068,4,IL|HL|PEG|CH,0.35|0.16|0.025|0.465,muscle,muscle:1,0.0,0.0,1.0,0.0,0.0,0.0,0.0,0.0,0.0
valid,1404,4,IL|HL|PEG|CH,0.264916|0.202822|0.0301913|0.50207,lung_epithelium,lung_epithelium:1,1.0,0.0,0.0,0.0,0.0,0.0,0.0,0.0,0.0
valid,485,4,IL|HL|PEG|CH,0.35|0.16|0.025|0.465,liver,liver:1,0.0,1.0,0.0,0.0,0.0,0.0,0.0,0.0,0.0
valid,2653,4,IL|HL|PEG|CH,0.653744|0.0866913|0.0433858|0.216179,lung_epithelium,lung_epithelium:1,1.0,0.0,0.0,0.0,0.0,0.0,0.0,0.0,0.0
valid,2881,4,IL|HL|PEG|CH,0.35|0.16|0.025|0.465,liver,liver:0.2 + spleen:0.2 + heart:0.2 + lung:0.2 + kidney:0.2,0.0,0.20000000298023224,0.0,0.20000000298023224,0.0,0.20000000298023224,0.20000000298023224,0.20000000298023224,0.0
valid,179,4,IL|HL|PEG|CH,0.35|0.16|0.025|0.465,liver,liver:1,0.0,1.0,0.0,0.0,0.0,0.0,0.0,0.0,0.0
valid,2320,4,IL|HL|PEG|CH,0.65904|0.0853653|0.0427222|0.212872,lung_epithelium,lung_epithelium:1,1.0,0.0,0.0,0.0,0.0,0.0,0.0,0.0,0.0
valid,2730,4,IL|HL|PEG|CH,0.400293|0.141309|0.023386|0.435012,lung_epithelium,lung_epithelium:1,1.0,0.0,0.0,0.0,0.0,0.0,0.0,0.0,0.0
valid,1429,4,IL|HL|PEG|CH,0.176849|0.308864|0.0516|0.462687,lung_epithelium,lung_epithelium:1,1.0,0.0,0.0,0.0,0.0,0.0,0.0,0.0,0.0
valid,58,4,IL|HL|PEG|CH,0.5|0.1|0.015|0.385,liver,liver:1,0.0,1.0,0.0,0.0,0.0,0.0,0.0,0.0,0.0
valid,2862,4,IL|HL|PEG|CH,0.46942|0.228362|0.0204653|0.281753,lung_epithelium,lung_epithelium:1,1.0,0.0,0.0,0.0,0.0,0.0,0.0,0.0,0.0
valid,157,4,IL|HL|PEG|CH,0.35|0.16|0.025|0.465,liver,liver:1,0.0,1.0,0.0,0.0,0.0,0.0,0.0,0.0,0.0
valid,1609,4,IL|HL|PEG|CH,0.314602|0.169042|0.0263429|0.490013,lung_epithelium,lung_epithelium:1,1.0,0.0,0.0,0.0,0.0,0.0,0.0,0.0,0.0
valid,1042,4,IL|HL|PEG|CH,0.35|0.16|0.025|0.465,muscle,muscle:1,0.0,0.0,1.0,0.0,0.0,0.0,0.0,0.0,0.0
valid,2615,4,IL|HL|PEG|CH,0.513506|0.260935|0.00873753|0.216822,lung_epithelium,lung_epithelium:1,1.0,0.0,0.0,0.0,0.0,0.0,0.0,0.0,0.0
valid,3080,4,IL|HL|PEG|CH,0.5|0.1|0.015|0.385,muscle,muscle:1,0.0,0.0,1.0,0.0,0.0,0.0,0.0,0.0,0.0
valid,937,4,IL|HL|PEG|CH,0.5|0.1|0.015|0.385,liver,liver:0.5 + spleen:0.5,0.0,0.5,0.0,0.5,0.0,0.0,0.0,0.0,0.0
valid,3136,4,IL|HL|PEG|CH,0.5|0.1|0.015|0.385,muscle,muscle:1,0.0,0.0,1.0,0.0,0.0,0.0,0.0,0.0,0.0
valid,2090,4,IL|HL|PEG|CH,0.352113|0.0998766|0.0497483|0.498262,lung_epithelium,lung_epithelium:1,1.0,0.0,0.0,0.0,0.0,0.0,0.0,0.0,0.0
valid,2561,4,IL|HL|PEG|CH,0.44303|0.0858611|0.0427672|0.428341,lung_epithelium,lung_epithelium:1,1.0,0.0,0.0,0.0,0.0,0.0,0.0,0.0,0.0
valid,1770,4,IL|HL|PEG|CH,0.561905|0.109582|0.0109419|0.317571,lung_epithelium,lung_epithelium:1,1.0,0.0,0.0,0.0,0.0,0.0,0.0,0.0,0.0
valid,1736,4,IL|HL|PEG|CH,0.371337|0.304405|0.053906|0.270352,lung_epithelium,lung_epithelium:1,1.0,0.0,0.0,0.0,0.0,0.0,0.0,0.0,0.0
valid,1850,4,IL|HL|PEG|CH,0.33876|0.213155|0.0535993|0.394486,lung_epithelium,lung_epithelium:1,1.0,0.0,0.0,0.0,0.0,0.0,0.0,0.0,0.0
valid,2859,4,IL|HL|PEG|CH,0.351875|0.278953|0.0249992|0.344172,lung_epithelium,lung_epithelium:1,1.0,0.0,0.0,0.0,0.0,0.0,0.0,0.0,0.0
valid,463,4,IL|HL|PEG|CH,0.35|0.16|0.025|0.465,liver,liver:1,0.0,1.0,0.0,0.0,0.0,0.0,0.0,0.0,0.0
valid,2833,4,IL|HL|PEG|CH,0.414947|0.251807|0.0225664|0.31068,lung_epithelium,lung_epithelium:1,1.0,0.0,0.0,0.0,0.0,0.0,0.0,0.0,0.0
valid,1253,4,IL|HL|PEG|CH,0.386102|0.100801|0.00992561|0.503171,lung_epithelium,lung_epithelium:1,1.0,0.0,0.0,0.0,0.0,0.0,0.0,0.0,0.0
valid,2778,4,IL|HL|PEG|CH,0.655948|0.0856842|0.0429229|0.215445,lung_epithelium,lung_epithelium:1,1.0,0.0,0.0,0.0,0.0,0.0,0.0,0.0,0.0
valid,3153,4,IL|HL|PEG|CH,0.5|0.1|0.015|0.385,bone_marrow,bone_marrow:1,0.0,0.0,0.0,0.0,1.0,0.0,0.0,0.0,0.0
valid,2614,4,IL|HL|PEG|CH,0.472929|0.263611|0.0439915|0.219469,lung_epithelium,lung_epithelium:1,1.0,0.0,0.0,0.0,0.0,0.0,0.0,0.0,0.0
valid,266,4,IL|HL|PEG|CH,0.35|0.16|0.025|0.465,liver,liver:1,0.0,1.0,0.0,0.0,0.0,0.0,0.0,0.0,0.0
valid,88,4,IL|HL|PEG|CH,0.5|0.1|0.015|0.385,liver,liver:1,0.0,1.0,0.0,0.0,0.0,0.0,0.0,0.0,0.0
valid,2994,4,IL|HL|PEG|CH,0.332904|0.221835|0.0183849|0.426875,liver,liver:1,0.0,1.0,0.0,0.0,0.0,0.0,0.0,0.0,0.0
valid,727,3,IL|HL|CH,0.406091|0.304569|0.28934,muscle,muscle:1,0.0,0.0,1.0,0.0,0.0,0.0,0.0,0.0,0.0
valid,2668,4,IL|HL|PEG|CH,0.460361|0.0842438|0.0088094|0.446586,lung_epithelium,lung_epithelium:1,1.0,0.0,0.0,0.0,0.0,0.0,0.0,0.0,0.0
valid,3182,4,IL|HL|PEG|CH,0.5|0.1|0.015|0.385,bone_marrow,bone_marrow:1,0.0,0.0,0.0,0.0,1.0,0.0,0.0,0.0,0.0
valid,1345,4,IL|HL|PEG|CH,0.593296|0.101826|0.05096|0.253919,lung_epithelium,lung_epithelium:1,1.0,0.0,0.0,0.0,0.0,0.0,0.0,0.0,0.0
valid,2416,4,IL|HL|PEG|CH,0.468357|0.171379|0.0430943|0.31717,lung_epithelium,lung_epithelium:1,1.0,0.0,0.0,0.0,0.0,0.0,0.0,0.0,0.0
valid,602,3,IL|HL|CH,0.406091|0.304569|0.28934,muscle,muscle:1,0.0,0.0,1.0,0.0,0.0,0.0,0.0,0.0,0.0
valid,1710,4,IL|HL|PEG|CH,0.175386|0.276163|0.0328953|0.515556,lung_epithelium,lung_epithelium:1,1.0,0.0,0.0,0.0,0.0,0.0,0.0,0.0,0.0
valid,67,4,IL|HL|PEG|CH,0.5|0.1|0.015|0.385,liver,liver:1,0.0,1.0,0.0,0.0,0.0,0.0,0.0,0.0,0.0
valid,3056,4,IL|HL|PEG|CH,0.5|0.1|0.015|0.385,muscle,muscle:1,0.0,0.0,1.0,0.0,0.0,0.0,0.0,0.0,0.0
valid,810,4,IL|HL|PEG|CH,0.238095|0.238095|0.047619|0.47619,liver,liver:1,0.0,1.0,0.0,0.0,0.0,0.0,0.0,0.0,0.0
valid,3045,4,IL|HL|PEG|CH,0.328473|0.223309|0.0185071|0.429711,liver,liver:1,0.0,1.0,0.0,0.0,0.0,0.0,0.0,0.0,0.0
valid,1110,4,IL|HL|PEG|CH,0.35|0.16|0.025|0.465,lung_epithelium,lung_epithelium:1,1.0,0.0,0.0,0.0,0.0,0.0,0.0,0.0,0.0
valid,1951,4,IL|HL|PEG|CH,0.537676|0.231228|0.0385875|0.192509,lung_epithelium,lung_epithelium:1,1.0,0.0,0.0,0.0,0.0,0.0,0.0,0.0,0.0
valid,2268,4,IL|HL|PEG|CH,0.353601|0.323292|0.0539511|0.269156,lung_epithelium,lung_epithelium:1,1.0,0.0,0.0,0.0,0.0,0.0,0.0,0.0,0.0
valid,1264,4,IL|HL|PEG|CH,0.205987|0.298017|0.00983029|0.486166,lung_epithelium,lung_epithelium:1,1.0,0.0,0.0,0.0,0.0,0.0,0.0,0.0,0.0
valid,1600,4,IL|HL|PEG|CH,0.594202|0.101503|0.0101352|0.294159,lung_epithelium,lung_epithelium:1,1.0,0.0,0.0,0.0,0.0,0.0,0.0,0.0,0.0
valid,3103,4,IL|HL|PEG|CH,0.5|0.1|0.015|0.385,muscle,muscle:1,0.0,0.0,1.0,0.0,0.0,0.0,0.0,0.0,0.0
valid,3074,4,IL|HL|PEG|CH,0.5|0.1|0.015|0.385,muscle,muscle:1,0.0,0.0,1.0,0.0,0.0,0.0,0.0,0.0,0.0
valid,3058,4,IL|HL|PEG|CH,0.5|0.1|0.015|0.385,muscle,muscle:1,0.0,0.0,1.0,0.0,0.0,0.0,0.0,0.0,0.0
valid,1621,4,IL|HL|PEG|CH,0.362566|0.318808|0.0532029|0.265423,lung_epithelium,lung_epithelium:1,1.0,0.0,0.0,0.0,0.0,0.0,0.0,0.0,0.0
valid,162,4,IL|HL|PEG|CH,0.35|0.16|0.025|0.465,liver,liver:1,0.0,1.0,0.0,0.0,0.0,0.0,0.0,0.0,0.0
valid,1572,4,IL|HL|PEG|CH,0.175103|0.309519|0.0517095|0.463668,lung_epithelium,lung_epithelium:1,1.0,0.0,0.0,0.0,0.0,0.0,0.0,0.0,0.0
valid,2596,4,IL|HL|PEG|CH,0.651233|0.08732|0.0437005|0.217747,lung_epithelium,lung_epithelium:1,1.0,0.0,0.0,0.0,0.0,0.0,0.0,0.0,0.0
valid,818,4,IL|HL|PEG|CH,0.238095|0.238095|0.047619|0.47619,liver,liver:1,0.0,1.0,0.0,0.0,0.0,0.0,0.0,0.0,0.0
valid,2792,4,IL|HL|PEG|CH,0.424388|0.135632|0.0224464|0.417534,lung_epithelium,lung_epithelium:1,1.0,0.0,0.0,0.0,0.0,0.0,0.0,0.0,0.0
valid,1992,4,IL|HL|PEG|CH,0.318335|0.293389|0.0262929|0.361983,lung_epithelium,lung_epithelium:1,1.0,0.0,0.0,0.0,0.0,0.0,0.0,0.0,0.0
valid,1037,4,IL|HL|PEG|CH,0.35|0.16|0.025|0.465,muscle,muscle:1,0.0,0.0,1.0,0.0,0.0,0.0,0.0,0.0,0.0
valid,2008,4,IL|HL|PEG|CH,0.356685|0.105631|0.0104012|0.527282,lung_epithelium,lung_epithelium:1,1.0,0.0,0.0,0.0,0.0,0.0,0.0,0.0,0.0
valid,2417,4,IL|HL|PEG|CH,0.48909|0.255528|0.0426427|0.21274,lung_epithelium,lung_epithelium:1,1.0,0.0,0.0,0.0,0.0,0.0,0.0,0.0,0.0
valid,2577,4,IL|HL|PEG|CH,0.555621|0.0904855|0.0269455|0.326948,lung_epithelium,lung_epithelium:1,1.0,0.0,0.0,0.0,0.0,0.0,0.0,0.0,0.0
valid,3117,4,IL|HL|PEG|CH,0.5|0.1|0.015|0.385,muscle,muscle:1,0.0,0.0,1.0,0.0,0.0,0.0,0.0,0.0,0.0
valid,108,3,IL|HL|CH,0.510204|0.387755|0.102041,liver,liver:1,0.0,1.0,0.0,0.0,0.0,0.0,0.0,0.0,0.0
valid,582,3,IL|HL|CH,0.406091|0.304569|0.28934,muscle,muscle:1,0.0,0.0,1.0,0.0,0.0,0.0,0.0,0.0,0.0
valid,2826,4,IL|HL|PEG|CH,0.355149|0.277544|0.0248729|0.342434,lung_epithelium,lung_epithelium:1,1.0,0.0,0.0,0.0,0.0,0.0,0.0,0.0,0.0
valid,2484,4,IL|HL|PEG|CH,0.666127|0.0835125|0.00833883|0.242021,lung_epithelium,lung_epithelium:1,1.0,0.0,0.0,0.0,0.0,0.0,0.0,0.0,0.0
valid,1795,4,IL|HL|PEG|CH,0.561696|0.109157|0.0546815|0.274465,lung_epithelium,lung_epithelium:1,1.0,0.0,0.0,0.0,0.0,0.0,0.0,0.0,0.0
valid,691,3,IL|HL|CH,0.406091|0.304569|0.28934,muscle,muscle:1,0.0,0.0,1.0,0.0,0.0,0.0,0.0,0.0,0.0
valid,3021,4,IL|HL|PEG|CH,0.366906|0.210528|0.0174479|0.405117,liver,liver:1,0.0,1.0,0.0,0.0,0.0,0.0,0.0,0.0,0.0
valid,1057,4,IL|HL|PEG|CH,0.35|0.16|0.025|0.465,muscle,muscle:1,0.0,0.0,1.0,0.0,0.0,0.0,0.0,0.0,0.0
valid,565,3,IL|HL|CH,0.406091|0.304569|0.28934,muscle,muscle:1,0.0,0.0,1.0,0.0,0.0,0.0,0.0,0.0,0.0
valid,472,4,IL|HL|PEG|CH,0.35|0.16|0.025|0.465,liver,liver:1,0.0,1.0,0.0,0.0,0.0,0.0,0.0,0.0,0.0
valid,2996,4,IL|HL|PEG|CH,0.336878|0.220514|0.0182754|0.424332,liver,liver:1,0.0,1.0,0.0,0.0,0.0,0.0,0.0,0.0,0.0
valid,361,4,IL|HL|PEG|CH,0.35|0.16|0.025|0.465,liver,liver:1,0.0,1.0,0.0,0.0,0.0,0.0,0.0,0.0,0.0
valid,1506,4,IL|HL|PEG|CH,0.394882|0.0988503|0.00998542|0.496282,lung_epithelium,lung_epithelium:1,1.0,0.0,0.0,0.0,0.0,0.0,0.0,0.0,0.0
valid,43,4,IL|HL|PEG|CH,0.5|0.1|0.015|0.385,liver,liver:1,0.0,1.0,0.0,0.0,0.0,0.0,0.0,0.0,0.0
valid,1263,4,IL|HL|PEG|CH,0.609272|0.0977339|0.00975885|0.283235,lung_epithelium,lung_epithelium:1,1.0,0.0,0.0,0.0,0.0,0.0,0.0,0.0,0.0
valid,2714,4,IL|HL|PEG|CH,0.329567|0.184984|0.027536|0.457913,lung_epithelium,lung_epithelium:1,1.0,0.0,0.0,0.0,0.0,0.0,0.0,0.0,0.0
valid,2037,4,IL|HL|PEG|CH,0.599307|0.140007|0.0100869|0.250599,lung_epithelium,lung_epithelium:1,1.0,0.0,0.0,0.0,0.0,0.0,0.0,0.0,0.0
valid,1159,4,IL|HL|PEG|CH,0.380819|0.095166|0.0474918|0.476524,lung_epithelium,lung_epithelium:1,1.0,0.0,0.0,0.0,0.0,0.0,0.0,0.0,0.0
valid,1480,4,IL|HL|PEG|CH,0.432713|0.303686|0.0100418|0.253559,lung_epithelium,lung_epithelium:1,1.0,0.0,0.0,0.0,0.0,0.0,0.0,0.0,0.0
valid,2371,4,IL|HL|PEG|CH,0.465709|0.0872803|0.00881667|0.438194,lung_epithelium,lung_epithelium:1,1.0,0.0,0.0,0.0,0.0,0.0,0.0,0.0,0.0
valid,2383,4,IL|HL|PEG|CH,0.574565|0.086628|0.0257968|0.31301,lung_epithelium,lung_epithelium:1,1.0,0.0,0.0,0.0,0.0,0.0,0.0,0.0,0.0
valid,2689,4,IL|HL|PEG|CH,0.412784|0.0905238|0.0450897|0.451603,lung_epithelium,lung_epithelium:1,1.0,0.0,0.0,0.0,0.0,0.0,0.0,0.0,0.0
valid,1078,4,IL|HL|PEG|CH,0.35|0.16|0.025|0.465,muscle,muscle:1,0.0,0.0,1.0,0.0,0.0,0.0,0.0,0.0,0.0
valid,2115,4,IL|HL|PEG|CH,0.207795|0.297338|0.0098079|0.485059,lung_epithelium,lung_epithelium:1,1.0,0.0,0.0,0.0,0.0,0.0,0.0,0.0,0.0
valid,2288,4,IL|HL|PEG|CH,0.313084|0.161858|0.0267868|0.498271,lung_epithelium,lung_epithelium:1,1.0,0.0,0.0,0.0,0.0,0.0,0.0,0.0,0.0
valid,921,4,IL|HL|PEG|CH,0.5|0.1|0.015|0.385,liver,liver:0.5 + spleen:0.5,0.0,0.5,0.0,0.5,0.0,0.0,0.0,0.0,0.0
valid,1286,4,IL|HL|PEG|CH,0.322458|0.104136|0.0519681|0.521438,lung_epithelium,lung_epithelium:1,1.0,0.0,0.0,0.0,0.0,0.0,0.0,0.0,0.0
valid,1973,4,IL|HL|PEG|CH,0.177948|0.308541|0.0101774|0.503334,lung_epithelium,lung_epithelium:1,1.0,0.0,0.0,0.0,0.0,0.0,0.0,0.0,0.0
valid,2560,4,IL|HL|PEG|CH,0.689387|0.0773564|0.0387511|0.194505,lung_epithelium,lung_epithelium:1,1.0,0.0,0.0,0.0,0.0,0.0,0.0,0.0,0.0
valid,3125,4,IL|HL|PEG|CH,0.5|0.1|0.015|0.385,muscle,muscle:1,0.0,0.0,1.0,0.0,0.0,0.0,0.0,0.0,0.0
valid,168,4,IL|HL|PEG|CH,0.35|0.16|0.025|0.465,liver,liver:1,0.0,1.0,0.0,0.0,0.0,0.0,0.0,0.0,0.0
valid,2766,4,IL|HL|PEG|CH,0.406069|0.139948|0.0231608|0.430822,lung_epithelium,lung_epithelium:1,1.0,0.0,0.0,0.0,0.0,0.0,0.0,0.0,0.0
valid,2865,4,IL|HL|PEG|CH,0.440967|0.240608|0.0215628|0.296862,lung_epithelium,lung_epithelium:1,1.0,0.0,0.0,0.0,0.0,0.0,0.0,0.0,0.0
valid,2500,4,IL|HL|PEG|CH,0.557119|0.237543|0.00795422|0.197384,lung_epithelium,lung_epithelium:1,1.0,0.0,0.0,0.0,0.0,0.0,0.0,0.0,0.0
valid,1423,4,IL|HL|PEG|CH,0.371322|0.304412|0.0539073|0.270358,lung_epithelium,lung_epithelium:1,1.0,0.0,0.0,0.0,0.0,0.0,0.0,0.0,0.0
valid,3293,4,IL|HL|PEG|CH,0.5|0.1|0.015|0.385,ear,ear:1,0.0,0.0,0.0,0.0,0.0,0.0,0.0,0.0,1.0
valid,549,3,IL|HL|CH,0.406091|0.304569|0.28934,muscle,muscle:1,0.0,0.0,1.0,0.0,0.0,0.0,0.0,0.0,0.0
valid,2365,4,IL|HL|PEG|CH,0.33354|0.183888|0.0273728|0.4552,lung_epithelium,lung_epithelium:1,1.0,0.0,0.0,0.0,0.0,0.0,0.0,0.0,0.0
valid,351,4,IL|HL|PEG|CH,0.35|0.16|0.025|0.465,liver,liver:1,0.0,1.0,0.0,0.0,0.0,0.0,0.0,0.0,0.0
valid,498,4,IL|HL|PEG|CH,0.35|0.16|0.025|0.465,liver,liver:1,0.0,1.0,0.0,0.0,0.0,0.0,0.0,0.0,0.0
valid,210,4,IL|HL|PEG|CH,0.35|0.16|0.025|0.465,liver,liver:1,0.0,1.0,0.0,0.0,0.0,0.0,0.0,0.0,0.0
valid,1490,4,IL|HL|PEG|CH,0.354708|0.0991792|0.0494945|0.496619,lung_epithelium,lung_epithelium:1,1.0,0.0,0.0,0.0,0.0,0.0,0.0,0.0,0.0
valid,2209,4,IL|HL|PEG|CH,0.31757|0.160801|0.0266118|0.495017,lung_epithelium,lung_epithelium:1,1.0,0.0,0.0,0.0,0.0,0.0,0.0,0.0,0.0
valid,407,4,IL|HL|PEG|CH,0.35|0.16|0.025|0.465,liver,liver:1,0.0,1.0,0.0,0.0,0.0,0.0,0.0,0.0,0.0
valid,2584,4,IL|HL|PEG|CH,0.451973|0.17666|0.0444224|0.326945,lung_epithelium,lung_epithelium:1,1.0,0.0,0.0,0.0,0.0,0.0,0.0,0.0,0.0
valid,2348,4,IL|HL|PEG|CH,0.446205|0.17852|0.04489|0.330386,lung_epithelium,lung_epithelium:1,1.0,0.0,0.0,0.0,0.0,0.0,0.0,0.0,0.0
valid,3109,4,IL|HL|PEG|CH,0.5|0.1|0.015|0.385,muscle,muscle:1,0.0,0.0,1.0,0.0,0.0,0.0,0.0,0.0,0.0
valid,2836,4,IL|HL|PEG|CH,0.399747|0.258349|0.0231527|0.318751,lung_epithelium,lung_epithelium:1,1.0,0.0,0.0,0.0,0.0,0.0,0.0,0.0,0.0
valid,1691,4,IL|HL|PEG|CH,0.241499|0.422165|0.0108921|0.325444,lung_epithelium,lung_epithelium:1,1.0,0.0,0.0,0.0,0.0,0.0,0.0,0.0,0.0
valid,2467,4,IL|HL|PEG|CH,0.669751|0.115393|0.00831356|0.206543,lung_epithelium,lung_epithelium:1,1.0,0.0,0.0,0.0,0.0,0.0,0.0,0.0,0.0
valid,2476,4,IL|HL|PEG|CH,0.252494|0.25034|0.0298193|0.467348,lung_epithelium,lung_epithelium:1,1.0,0.0,0.0,0.0,0.0,0.0,0.0,0.0,0.0
valid,1053,4,IL|HL|PEG|CH,0.35|0.16|0.025|0.465,muscle,muscle:1,0.0,0.0,1.0,0.0,0.0,0.0,0.0,0.0,0.0
valid,1869,4,IL|HL|PEG|CH,0.170785|0.311229|0.0102661|0.50772,lung_epithelium,lung_epithelium:1,1.0,0.0,0.0,0.0,0.0,0.0,0.0,0.0,0.0
valid,1323,4,IL|HL|PEG|CH,0.445549|0.297384|0.00995805|0.247109,lung_epithelium,lung_epithelium:1,1.0,0.0,0.0,0.0,0.0,0.0,0.0,0.0,0.0
valid,1123,4,IL|HL|PEG|CH,0.35|0.16|0.025|0.465,lung_epithelium,lung_epithelium:1,1.0,0.0,0.0,0.0,0.0,0.0,0.0,0.0,0.0
valid,422,4,IL|HL|PEG|CH,0.35|0.16|0.025|0.465,liver,liver:1,0.0,1.0,0.0,0.0,0.0,0.0,0.0,0.0,0.0
valid,2914,4,IL|HL|PEG|CH,0.35|0.16|0.025|0.465,liver,liver:0.2 + spleen:0.2 + heart:0.2 + lung:0.2 + kidney:0.2,0.0,0.20000000298023224,0.0,0.20000000298023224,0.0,0.20000000298023224,0.20000000298023224,0.20000000298023224,0.0
valid,1800,4,IL|HL|PEG|CH,0.175823|0.276016|0.0328778|0.515282,lung_epithelium,lung_epithelium:1,1.0,0.0,0.0,0.0,0.0,0.0,0.0,0.0,0.0
valid,1576,4,IL|HL|PEG|CH,0.351667|0.106455|0.0104824|0.531395,lung_epithelium,lung_epithelium:1,1.0,0.0,0.0,0.0,0.0,0.0,0.0,0.0,0.0
valid,644,3,IL|HL|CH,0.406091|0.304569|0.28934,muscle,muscle:1,0.0,0.0,1.0,0.0,0.0,0.0,0.0,0.0,0.0
valid,597,3,IL|HL|CH,0.406091|0.304569|0.28934,muscle,muscle:1,0.0,0.0,1.0,0.0,0.0,0.0,0.0,0.0,0.0
valid,2080,4,IL|HL|PEG|CH,0.602808|0.0993507|0.00992029|0.287921,lung_epithelium,lung_epithelium:1,1.0,0.0,0.0,0.0,0.0,0.0,0.0,0.0,0.0
valid,2212,4,IL|HL|PEG|CH,0.561284|0.10984|0.0549711|0.273905,lung_epithelium,lung_epithelium:1,1.0,0.0,0.0,0.0,0.0,0.0,0.0,0.0,0.0
valid,1748,4,IL|HL|PEG|CH,0.565008|0.108908|0.0545045|0.27158,lung_epithelium,lung_epithelium:1,1.0,0.0,0.0,0.0,0.0,0.0,0.0,0.0,0.0
valid,123,4,IL|HL|PEG|CH,0.3|0.39|0.01|0.3,lung_epithelium,lung_epithelium:1,1.0,0.0,0.0,0.0,0.0,0.0,0.0,0.0,0.0
valid,220,4,IL|HL|PEG|CH,0.35|0.16|0.025|0.465,liver,liver:1,0.0,1.0,0.0,0.0,0.0,0.0,0.0,0.0,0.0
valid,100,3,IL|HL|CH,0.510204|0.387755|0.102041,liver,liver:1,0.0,1.0,0.0,0.0,0.0,0.0,0.0,0.0,0.0
valid,2915,4,IL|HL|PEG|CH,0.35|0.16|0.025|0.465,liver,liver:0.2 + spleen:0.2 + heart:0.2 + lung:0.2 + kidney:0.2,0.0,0.20000000298023224,0.0,0.20000000298023224,0.0,0.20000000298023224,0.20000000298023224,0.20000000298023224,0.0
valid,2642,4,IL|HL|PEG|CH,0.460361|0.0842438|0.0088094|0.446586,lung_epithelium,lung_epithelium:1,1.0,0.0,0.0,0.0,0.0,0.0,0.0,0.0,0.0
valid,3093,4,IL|HL|PEG|CH,0.5|0.1|0.015|0.385,muscle,muscle:1,0.0,0.0,1.0,0.0,0.0,0.0,0.0,0.0,0.0
valid,456,4,IL|HL|PEG|CH,0.35|0.16|0.025|0.465,liver,liver:1,0.0,1.0,0.0,0.0,0.0,0.0,0.0,0.0,0.0
valid,3089,4,IL|HL|PEG|CH,0.5|0.1|0.015|0.385,muscle,muscle:1,0.0,0.0,1.0,0.0,0.0,0.0,0.0,0.0,0.0
valid,929,4,IL|HL|PEG|CH,0.5|0.1|0.015|0.385,liver,liver:0.5 + spleen:0.5,0.0,0.5,0.0,0.5,0.0,0.0,0.0,0.0,0.0
valid,1105,4,IL|HL|PEG|CH,0.35|0.16|0.025|0.465,lung_epithelium,lung_epithelium:1,1.0,0.0,0.0,0.0,0.0,0.0,0.0,0.0,0.0
valid,1709,4,IL|HL|PEG|CH,0.351897|0.105872|0.0106948|0.531536,lung_epithelium,lung_epithelium:1,1.0,0.0,0.0,0.0,0.0,0.0,0.0,0.0,0.0
valid,3311,4,IL|HL|PEG|CH,0.333333|0.133333|0.02|0.513333,ear,ear:1,0.0,0.0,0.0,0.0,0.0,0.0,0.0,0.0,1.0
valid,2530,4,IL|HL|PEG|CH,0.722001|0.0971362|0.00699824|0.173865,lung_epithelium,lung_epithelium:1,1.0,0.0,0.0,0.0,0.0,0.0,0.0,0.0,0.0
valid,657,3,IL|HL|CH,0.406091|0.304569|0.28934,muscle,muscle:1,0.0,0.0,1.0,0.0,0.0,0.0,0.0,0.0,0.0
valid,3131,4,IL|HL|PEG|CH,0.5|0.1|0.015|0.385,muscle,muscle:1,0.0,0.0,1.0,0.0,0.0,0.0,0.0,0.0,0.0
valid,1441,4,IL|HL|PEG|CH,0.29391|0.173947|0.0270483|0.505094,lung_epithelium,lung_epithelium:1,1.0,0.0,0.0,0.0,0.0,0.0,0.0,0.0,0.0
valid,2232,4,IL|HL|PEG|CH,0.374895|0.302682|0.0536009|0.268822,lung_epithelium,lung_epithelium:1,1.0,0.0,0.0,0.0,0.0,0.0,0.0,0.0,0.0
valid,237,4,IL|HL|PEG|CH,0.35|0.16|0.025|0.465,liver,liver:1,0.0,1.0,0.0,0.0,0.0,0.0,0.0,0.0,0.0
valid,252,4,IL|HL|PEG|CH,0.35|0.16|0.025|0.465,liver,liver:1,0.0,1.0,0.0,0.0,0.0,0.0,0.0,0.0,0.0
valid,41,4,IL|HL|PEG|CH,0.5|0.1|0.015|0.385,liver,liver:1,0.0,1.0,0.0,0.0,0.0,0.0,0.0,0.0,0.0
valid,2787,4,IL|HL|PEG|CH,0.46533|0.083468|0.00872828|0.442473,lung_epithelium,lung_epithelium:1,1.0,0.0,0.0,0.0,0.0,0.0,0.0,0.0,0.0
valid,1103,4,IL|HL|PEG|CH,0.35|0.16|0.025|0.465,lung_epithelium,lung_epithelium:1,1.0,0.0,0.0,0.0,0.0,0.0,0.0,0.0,0.0
valid,1742,4,IL|HL|PEG|CH,0.317514|0.293742|0.0263245|0.362419,lung_epithelium,lung_epithelium:1,1.0,0.0,0.0,0.0,0.0,0.0,0.0,0.0,0.0
valid,1613,4,IL|HL|PEG|CH,0.313993|0.105437|0.0526174|0.527953,lung_epithelium,lung_epithelium:1,1.0,0.0,0.0,0.0,0.0,0.0,0.0,0.0,0.0
valid,1373,4,IL|HL|PEG|CH,0.603365|0.0993046|0.0496983|0.247632,lung_epithelium,lung_epithelium:1,1.0,0.0,0.0,0.0,0.0,0.0,0.0,0.0,0.0
valid,783,3,IL|HL|CH,0.406091|0.304569|0.28934,muscle,muscle:1,0.0,0.0,1.0,0.0,0.0,0.0,0.0,0.0,0.0
valid,2176,4,IL|HL|PEG|CH,0.606367|0.098553|0.0493222|0.245758,lung_epithelium,lung_epithelium:1,1.0,0.0,0.0,0.0,0.0,0.0,0.0,0.0,0.0
valid,2071,4,IL|HL|PEG|CH,0.389158|0.0997854|0.0100799|0.500977,lung_epithelium,lung_epithelium:1,1.0,0.0,0.0,0.0,0.0,0.0,0.0,0.0,0.0
valid,1236,4,IL|HL|PEG|CH,0.26904|0.406836|0.0104966|0.313627,lung_epithelium,lung_epithelium:1,1.0,0.0,0.0,0.0,0.0,0.0,0.0,0.0,0.0
valid,2117,4,IL|HL|PEG|CH,0.518288|0.0980872|0.0292093|0.354415,lung_epithelium,lung_epithelium:1,1.0,0.0,0.0,0.0,0.0,0.0,0.0,0.0,0.0
valid,632,3,IL|HL|CH,0.406091|0.304569|0.28934,muscle,muscle:1,0.0,0.0,1.0,0.0,0.0,0.0,0.0,0.0,0.0
valid,2528,4,IL|HL|PEG|CH,0.63961|0.0733835|0.0218528|0.265154,lung_epithelium,lung_epithelium:1,1.0,0.0,0.0,0.0,0.0,0.0,0.0,0.0,0.0
valid,445,4,IL|HL|PEG|CH,0.35|0.16|0.025|0.465,liver,liver:1,0.0,1.0,0.0,0.0,0.0,0.0,0.0,0.0,0.0
valid,3166,4,IL|HL|PEG|CH,0.5|0.1|0.015|0.385,bone_marrow,bone_marrow:1,0.0,0.0,0.0,0.0,1.0,0.0,0.0,0.0,0.0
valid,2818,4,IL|HL|PEG|CH,0.281822|0.169225|0.0280059|0.520948,lung_epithelium,lung_epithelium:1,1.0,0.0,0.0,0.0,0.0,0.0,0.0,0.0,0.0
valid,613,3,IL|HL|CH,0.406091|0.304569|0.28934,muscle,muscle:1,0.0,0.0,1.0,0.0,0.0,0.0,0.0,0.0,0.0
valid,2513,4,IL|HL|PEG|CH,0.524496|0.230244|0.0407731|0.204487,lung_epithelium,lung_epithelium:1,1.0,0.0,0.0,0.0,0.0,0.0,0.0,0.0,0.0
valid,2428,4,IL|HL|PEG|CH,0.40311|0.147213|0.0229411|0.426736,lung_epithelium,lung_epithelium:1,1.0,0.0,0.0,0.0,0.0,0.0,0.0,0.0,0.0
valid,2174,4,IL|HL|PEG|CH,0.436381|0.302301|0.0101227|0.251195,lung_epithelium,lung_epithelium:1,1.0,0.0,0.0,0.0,0.0,0.0,0.0,0.0,0.0
valid,1005,4,IL|HL|PEG|CH,0.35|0.16|0.025|0.465,muscle,muscle:1,0.0,0.0,1.0,0.0,0.0,0.0,0.0,0.0,0.0
valid,3295,4,IL|HL|PEG|CH,0.5|0.1|0.015|0.385,ear,ear:1,0.0,0.0,0.0,0.0,0.0,0.0,0.0,0.0,1.0
valid,508,4,IL|HL|PEG|CH,0.35|0.16|0.025|0.465,liver,liver:1,0.0,1.0,0.0,0.0,0.0,0.0,0.0,0.0,0.0
valid,630,3,IL|HL|CH,0.406091|0.304569|0.28934,muscle,muscle:1,0.0,0.0,1.0,0.0,0.0,0.0,0.0,0.0,0.0
valid,3197,4,IL|HL|PEG|CH,0.5|0.1|0.015|0.385,bone_marrow,bone_marrow:1,0.0,0.0,0.0,0.0,1.0,0.0,0.0,0.0,0.0
valid,1608,4,IL|HL|PEG|CH,0.433627|0.303778|0.0101722|0.252422,lung_epithelium,lung_epithelium:1,1.0,0.0,0.0,0.0,0.0,0.0,0.0,0.0,0.0
valid,3271,4,IL|HL|PEG|CH,0.5|0.1|0.015|0.385,bone_marrow,bone_marrow:1,0.0,0.0,0.0,0.0,1.0,0.0,0.0,0.0,0.0
valid,2408,4,IL|HL|PEG|CH,0.402549|0.147184|0.0228866|0.42738,lung_epithelium,lung_epithelium:1,1.0,0.0,0.0,0.0,0.0,0.0,0.0,0.0,0.0
valid,2803,4,IL|HL|PEG|CH,0.461814|0.084017|0.00878568|0.445383,lung_epithelium,lung_epithelium:1,1.0,0.0,0.0,0.0,0.0,0.0,0.0,0.0,0.0
valid,2487,4,IL|HL|PEG|CH,0.576551|0.0862236|0.0256764|0.311549,lung_epithelium,lung_epithelium:1,1.0,0.0,0.0,0.0,0.0,0.0,0.0,0.0,0.0
valid,2274,4,IL|HL|PEG|CH,0.343227|0.107289|0.0108378|0.538646,lung_epithelium,lung_epithelium:1,1.0,0.0,0.0,0.0,0.0,0.0,0.0,0.0,0.0
valid,2369,4,IL|HL|PEG|CH,0.517829|0.258121|0.00853513|0.215515,lung_epithelium,lung_epithelium:1,1.0,0.0,0.0,0.0,0.0,0.0,0.0,0.0,0.0
valid,2902,4,IL|HL|PEG|CH,0.35|0.16|0.025|0.465,liver,liver:0.2 + spleen:0.2 + heart:0.2 + lung:0.2 + kidney:0.2,0.0,0.20000000298023224,0.0,0.20000000298023224,0.0,0.20000000298023224,0.20000000298023224,0.20000000298023224,0.0
valid,1461,4,IL|HL|PEG|CH,0.363704|0.0993331|0.0103873|0.526576,lung_epithelium,lung_epithelium:1,1.0,0.0,0.0,0.0,0.0,0.0,0.0,0.0,0.0
valid,1467,4,IL|HL|PEG|CH,0.593158|0.101765|0.0101613|0.294916,lung_epithelium,lung_epithelium:1,1.0,0.0,0.0,0.0,0.0,0.0,0.0,0.0,0.0
valid,2130,4,IL|HL|PEG|CH,0.207758|0.265321|0.0316039|0.495316,lung_epithelium,lung_epithelium:1,1.0,0.0,0.0,0.0,0.0,0.0,0.0,0.0,0.0
valid,788,3,IL|HL|CH,0.406091|0.304569|0.28934,muscle,muscle:1,0.0,0.0,1.0,0.0,0.0,0.0,0.0,0.0,0.0
valid,3269,4,IL|HL|PEG|CH,0.5|0.1|0.015|0.385,bone_marrow,bone_marrow:1,0.0,0.0,0.0,0.0,1.0,0.0,0.0,0.0,0.0
valid,1891,4,IL|HL|PEG|CH,0.231839|0.211949|0.0315499|0.524663,lung_epithelium,lung_epithelium:1,1.0,0.0,0.0,0.0,0.0,0.0,0.0,0.0,0.0
valid,1765,4,IL|HL|PEG|CH,0.315095|0.16892|0.0263239|0.489661,lung_epithelium,lung_epithelium:1,1.0,0.0,0.0,0.0,0.0,0.0,0.0,0.0,0.0
valid,406,4,IL|HL|PEG|CH,0.35|0.16|0.025|0.465,liver,liver:1,0.0,1.0,0.0,0.0,0.0,0.0,0.0,0.0,0.0
valid,2442,4,IL|HL|PEG|CH,0.447164|0.0863041|0.00902484|0.457508,lung_epithelium,lung_epithelium:1,1.0,0.0,0.0,0.0,0.0,0.0,0.0,0.0,0.0
valid,2661,4,IL|HL|PEG|CH,0.664901|0.0834545|0.0418059|0.209838,lung_epithelium,lung_epithelium:1,1.0,0.0,0.0,0.0,0.0,0.0,0.0,0.0,0.0
valid,782,3,IL|HL|CH,0.406091|0.304569|0.28934,muscle,muscle:1,0.0,0.0,1.0,0.0,0.0,0.0,0.0,0.0,0.0
valid,1847,4,IL|HL|PEG|CH,0.460839|0.109785|0.0326928|0.396683,lung_epithelium,lung_epithelium:1,1.0,0.0,0.0,0.0,0.0,0.0,0.0,0.0,0.0
valid,2196,4,IL|HL|PEG|CH,0.369217|0.305432|0.0540878|0.271264,lung_epithelium,lung_epithelium:1,1.0,0.0,0.0,0.0,0.0,0.0,0.0,0.0,0.0
valid,941,4,IL|HL|PEG|CH,0.5|0.1|0.015|0.385,liver,liver:0.5 + spleen:0.5,0.0,0.5,0.0,0.5,0.0,0.0,0.0,0.0,0.0
valid,2627,4,IL|HL|PEG|CH,0.472227|0.0823913|0.00861568|0.436766,lung_epithelium,lung_epithelium:1,1.0,0.0,0.0,0.0,0.0,0.0,0.0,0.0,0.0
valid,1558,4,IL|HL|PEG|CH,0.313594|0.29543|0.0264757|0.364501,lung_epithelium,lung_epithelium:1,1.0,0.0,0.0,0.0,0.0,0.0,0.0,0.0,0.0
valid,2119,4,IL|HL|PEG|CH,0.611572|0.135721|0.00977814|0.242929,lung_epithelium,lung_epithelium:1,1.0,0.0,0.0,0.0,0.0,0.0,0.0,0.0,0.0
valid,3014,4,IL|HL|PEG|CH,0.367242|0.210417|0.0174386|0.404902,liver,liver:1,0.0,1.0,0.0,0.0,0.0,0.0,0.0,0.0,0.0
valid,1088,4,IL|HL|PEG|CH,0.35|0.16|0.025|0.465,muscle,muscle:1,0.0,0.0,1.0,0.0,0.0,0.0,0.0,0.0,0.0
valid,2409,4,IL|HL|PEG|CH,0.435138|0.0868174|0.0433255|0.43472,lung_epithelium,lung_epithelium:1,1.0,0.0,0.0,0.0,0.0,0.0,0.0,0.0,0.0
valid,1586,4,IL|HL|PEG|CH,0.600907|0.0998262|0.00996777|0.289299,lung_epithelium,lung_epithelium:1,1.0,0.0,0.0,0.0,0.0,0.0,0.0,0.0,0.0
valid,821,4,IL|HL|PEG|CH,0.238095|0.238095|0.047619|0.47619,liver,liver:1,0.0,1.0,0.0,0.0,0.0,0.0,0.0,0.0,0.0
valid,2759,4,IL|HL|PEG|CH,0.238276|0.285815|0.0477494|0.428159,lung_epithelium,lung_epithelium:1,1.0,0.0,0.0,0.0,0.0,0.0,0.0,0.0,0.0
valid,2595,4,IL|HL|PEG|CH,0.236925|0.286405|0.00944726|0.467223,lung_epithelium,lung_epithelium:1,1.0,0.0,0.0,0.0,0.0,0.0,0.0,0.0,0.0
valid,2800,4,IL|HL|PEG|CH,0.412821|0.138357|0.0228975|0.425924,lung_epithelium,lung_epithelium:1,1.0,0.0,0.0,0.0,0.0,0.0,0.0,0.0,0.0
valid,2823,4,IL|HL|PEG|CH,0.313455|0.107178|0.0112076|0.56816,lung_epithelium,lung_epithelium:1,1.0,0.0,0.0,0.0,0.0,0.0,0.0,0.0,0.0
valid,1456,4,IL|HL|PEG|CH,0.410419|0.315621|0.0104364|0.263524,lung_epithelium,lung_epithelium:1,1.0,0.0,0.0,0.0,0.0,0.0,0.0,0.0,0.0
valid,1198,4,IL|HL|PEG|CH,0.196297|0.301654|0.00995025|0.492099,lung_epithelium,lung_epithelium:1,1.0,0.0,0.0,0.0,0.0,0.0,0.0,0.0,0.0
valid,668,3,IL|HL|CH,0.406091|0.304569|0.28934,muscle,muscle:1,0.0,0.0,1.0,0.0,0.0,0.0,0.0,0.0,0.0
valid,2138,4,IL|HL|PEG|CH,0.395167|0.194972|0.0490271|0.360834,lung_epithelium,lung_epithelium:1,1.0,0.0,0.0,0.0,0.0,0.0,0.0,0.0,0.0
valid,2684,4,IL|HL|PEG|CH,0.245495|0.252683|0.0300985|0.471723,lung_epithelium,lung_epithelium:1,1.0,0.0,0.0,0.0,0.0,0.0,0.0,0.0,0.0
valid,1364,4,IL|HL|PEG|CH,0.3617|0.319241|0.0532752|0.265784,lung_epithelium,lung_epithelium:1,1.0,0.0,0.0,0.0,0.0,0.0,0.0,0.0,0.0
valid,1239,4,IL|HL|PEG|CH,0.59648|0.100934|0.0100783|0.292508,lung_epithelium,lung_epithelium:1,1.0,0.0,0.0,0.0,0.0,0.0,0.0,0.0,0.0
valid,2441,4,IL|HL|PEG|CH,0.406604|0.139822|0.0231399|0.430434,lung_epithelium,lung_epithelium:1,1.0,0.0,0.0,0.0,0.0,0.0,0.0,0.0,0.0
valid,1024,4,IL|HL|PEG|CH,0.35|0.16|0.025|0.465,muscle,muscle:1,0.0,0.0,1.0,0.0,0.0,0.0,0.0,0.0,0.0
valid,2581,4,IL|HL|PEG|CH,0.579119|0.0857008|0.0255207|0.30966,lung_epithelium,lung_epithelium:1,1.0,0.0,0.0,0.0,0.0,0.0,0.0,0.0,0.0
valid,2155,4,IL|HL|PEG|CH,0.408918|0.295625|0.0493341|0.246123,lung_epithelium,lung_epithelium:1,1.0,0.0,0.0,0.0,0.0,0.0,0.0,0.0,0.0
valid,1675,4,IL|HL|PEG|CH,0.314443|0.169081|0.026349|0.490127,lung_epithelium,lung_epithelium:1,1.0,0.0,0.0,0.0,0.0,0.0,0.0,0.0,0.0
valid,575,3,IL|HL|CH,0.406091|0.304569|0.28934,muscle,muscle:1,0.0,0.0,1.0,0.0,0.0,0.0,0.0,0.0,0.0
valid,2839,4,IL|HL|PEG|CH,0.39612|0.259911|0.0232926|0.320677,lung_epithelium,lung_epithelium:1,1.0,0.0,0.0,0.0,0.0,0.0,0.0,0.0,0.0
valid,2895,4,IL|HL|PEG|CH,0.35|0.16|0.025|0.465,liver,liver:0.2 + spleen:0.2 + heart:0.2 + lung:0.2 + kidney:0.2,0.0,0.20000000298023224,0.0,0.20000000298023224,0.0,0.20000000298023224,0.20000000298023224,0.20000000298023224,0.0
valid,1299,4,IL|HL|PEG|CH,0.313246|0.169184|0.0263076|0.491262,lung_epithelium,lung_epithelium:1,1.0,0.0,0.0,0.0,0.0,0.0,0.0,0.0,0.0
valid,1745,4,IL|HL|PEG|CH,0.317096|0.10496|0.0523794|0.525565,lung_epithelium,lung_epithelium:1,1.0,0.0,0.0,0.0,0.0,0.0,0.0,0.0,0.0
valid,269,4,IL|HL|PEG|CH,0.35|0.16|0.025|0.465,liver,liver:1,0.0,1.0,0.0,0.0,0.0,0.0,0.0,0.0,0.0
valid,2874,4,IL|HL|PEG|CH,0.426488|0.24684|0.0221212|0.304551,lung_epithelium,lung_epithelium:1,1.0,0.0,0.0,0.0,0.0,0.0,0.0,0.0,0.0
valid,836,4,IL|HL|PEG|CH,0.5|0.1|0.015|0.385,liver,liver:0.5 + spleen:0.5,0.0,0.5,0.0,0.5,0.0,0.0,0.0,0.0,0.0
valid,1953,4,IL|HL|PEG|CH,0.484141|0.127228|0.0198267|0.368804,lung_epithelium,lung_epithelium:1,1.0,0.0,0.0,0.0,0.0,0.0,0.0,0.0,0.0
valid,751,3,IL|HL|CH,0.406091|0.304569|0.28934,muscle,muscle:1,0.0,0.0,1.0,0.0,0.0,0.0,0.0,0.0,0.0
valid,2083,4,IL|HL|PEG|CH,0.508772|0.100025|0.0297863|0.361417,lung_epithelium,lung_epithelium:1,1.0,0.0,0.0,0.0,0.0,0.0,0.0,0.0,0.0
valid,910,4,IL|HL|PEG|CH,0.5|0.1|0.015|0.385,liver,liver:0.5 + spleen:0.5,0.0,0.5,0.0,0.5,0.0,0.0,0.0,0.0,0.0
valid,2015,4,IL|HL|PEG|CH,0.248855|0.418071|0.0107865|0.322288,lung_epithelium,lung_epithelium:1,1.0,0.0,0.0,0.0,0.0,0.0,0.0,0.0,0.0
valid,1820,4,IL|HL|PEG|CH,0.280341|0.17729|0.0275681|0.5148,lung_epithelium,lung_epithelium:1,1.0,0.0,0.0,0.0,0.0,0.0,0.0,0.0,0.0
valid,2104,4,IL|HL|PEG|CH,0.445539|0.297389|0.00995822|0.247114,lung_epithelium,lung_epithelium:1,1.0,0.0,0.0,0.0,0.0,0.0,0.0,0.0,0.0
valid,1717,4,IL|HL|PEG|CH,0.315299|0.105236|0.0525172|0.526947,lung_epithelium,lung_epithelium:1,1.0,0.0,0.0,0.0,0.0,0.0,0.0,0.0,0.0
valid,2273,4,IL|HL|PEG|CH,0.34368|0.107767|0.0106115|0.537942,lung_epithelium,lung_epithelium:1,1.0,0.0,0.0,0.0,0.0,0.0,0.0,0.0,0.0
valid,731,3,IL|HL|CH,0.406091|0.304569|0.28934,muscle,muscle:1,0.0,0.0,1.0,0.0,0.0,0.0,0.0,0.0,0.0
valid,861,4,IL|HL|PEG|CH,0.5|0.1|0.015|0.385,liver,liver:0.5 + spleen:0.5,0.0,0.5,0.0,0.5,0.0,0.0,0.0,0.0,0.0
valid,902,4,IL|HL|PEG|CH,0.5|0.1|0.015|0.385,liver,liver:0.5 + spleen:0.5,0.0,0.5,0.0,0.5,0.0,0.0,0.0,0.0,0.0
valid,444,4,IL|HL|PEG|CH,0.35|0.16|0.025|0.465,liver,liver:1,0.0,1.0,0.0,0.0,0.0,0.0,0.0,0.0,0.0
valid,3280,4,IL|HL|PEG|CH,0.5|0.1|0.015|0.385,ear,ear:1,0.0,0.0,0.0,0.0,0.0,0.0,0.0,0.0,1.0
valid,1375,4,IL|HL|PEG|CH,0.410367|0.285506|0.0505593|0.253567,lung_epithelium,lung_epithelium:1,1.0,0.0,0.0,0.0,0.0,0.0,0.0,0.0,0.0
valid,2947,4,IL|HL|PEG|CH,0.2|0.16|0.024|0.616,ear,ear:1,0.0,0.0,0.0,0.0,0.0,0.0,0.0,0.0,1.0
valid,3266,4,IL|HL|PEG|CH,0.5|0.1|0.015|0.385,bone_marrow,bone_marrow:1,0.0,0.0,0.0,0.0,1.0,0.0,0.0,0.0,0.0
valid,808,4,IL|HL|PEG|CH,0.238095|0.238095|0.047619|0.47619,liver,liver:1,0.0,1.0,0.0,0.0,0.0,0.0,0.0,0.0,0.0
valid,3135,4,IL|HL|PEG|CH,0.5|0.1|0.015|0.385,muscle,muscle:1,0.0,0.0,1.0,0.0,0.0,0.0,0.0,0.0,0.0
valid,2023,4,IL|HL|PEG|CH,0.570586|0.150042|0.0108099|0.268562,lung_epithelium,lung_epithelium:1,1.0,0.0,0.0,0.0,0.0,0.0,0.0,0.0,0.0
valid,1818,4,IL|HL|PEG|CH,0.30855|0.2976|0.0266703|0.367179,lung_epithelium,lung_epithelium:1,1.0,0.0,0.0,0.0,0.0,0.0,0.0,0.0,0.0
valid,2032,4,IL|HL|PEG|CH,0.599632|0.100145|0.00999963|0.290223,lung_epithelium,lung_epithelium:1,1.0,0.0,0.0,0.0,0.0,0.0,0.0,0.0,0.0
valid,1393,4,IL|HL|PEG|CH,0.316211|0.168454|0.026194|0.489142,lung_epithelium,lung_epithelium:1,1.0,0.0,0.0,0.0,0.0,0.0,0.0,0.0,0.0
valid,552,3,IL|HL|CH,0.406091|0.304569|0.28934,muscle,muscle:1,0.0,0.0,1.0,0.0,0.0,0.0,0.0,0.0,0.0
valid,3064,4,IL|HL|PEG|CH,0.5|0.1|0.015|0.385,muscle,muscle:1,0.0,0.0,1.0,0.0,0.0,0.0,0.0,0.0,0.0
valid,2867,4,IL|HL|PEG|CH,0.415767|0.251454|0.0225348|0.310244,lung_epithelium,lung_epithelium:1,1.0,0.0,0.0,0.0,0.0,0.0,0.0,0.0,0.0
valid,3161,4,IL|HL|PEG|CH,0.5|0.1|0.015|0.385,bone_marrow,bone_marrow:1,0.0,0.0,0.0,0.0,1.0,0.0,0.0,0.0,0.0
valid,2185,4,IL|HL|PEG|CH,0.606045|0.0981123|0.0491486|0.246694,lung_epithelium,lung_epithelium:1,1.0,0.0,0.0,0.0,0.0,0.0,0.0,0.0,0.0
valid,2412,4,IL|HL|PEG|CH,0.683032|0.0793585|0.0397161|0.197893,lung_epithelium,lung_epithelium:1,1.0,0.0,0.0,0.0,0.0,0.0,0.0,0.0,0.0
valid,2159,4,IL|HL|PEG|CH,0.60864|0.097466|0.0488249|0.245069,lung_epithelium,lung_epithelium:1,1.0,0.0,0.0,0.0,0.0,0.0,0.0,0.0,0.0
valid,2899,4,IL|HL|PEG|CH,0.35|0.16|0.025|0.465,liver,liver:0.2 + spleen:0.2 + heart:0.2 + lung:0.2 + kidney:0.2,0.0,0.20000000298023224,0.0,0.20000000298023224,0.0,0.20000000298023224,0.20000000298023224,0.20000000298023224,0.0
valid,2739,4,IL|HL|PEG|CH,0.415306|0.137772|0.0228006|0.424122,lung_epithelium,lung_epithelium:1,1.0,0.0,0.0,0.0,0.0,0.0,0.0,0.0,0.0
valid,2526,4,IL|HL|PEG|CH,0.302002|0.261979|0.00864157|0.427377,lung_epithelium,lung_epithelium:1,1.0,0.0,0.0,0.0,0.0,0.0,0.0,0.0,0.0
valid,1259,4,IL|HL|PEG|CH,0.358485|0.276108|0.0247442|0.340662,lung_epithelium,lung_epithelium:1,1.0,0.0,0.0,0.0,0.0,0.0,0.0,0.0,0.0
valid,205,4,IL|HL|PEG|CH,0.35|0.16|0.025|0.465,liver,liver:1,0.0,1.0,0.0,0.0,0.0,0.0,0.0,0.0,0.0
valid,526,4,IL|HL|PEG|CH,0.35|0.16|0.025|0.465,liver,liver:1,0.0,1.0,0.0,0.0,0.0,0.0,0.0,0.0,0.0
valid,1839,4,IL|HL|PEG|CH,0.309988|0.17018|0.0265202|0.493312,lung_epithelium,lung_epithelium:1,1.0,0.0,0.0,0.0,0.0,0.0,0.0,0.0,0.0
valid,429,4,IL|HL|PEG|CH,0.35|0.16|0.025|0.465,liver,liver:1,0.0,1.0,0.0,0.0,0.0,0.0,0.0,0.0,0.0
valid,1866,4,IL|HL|PEG|CH,0.279167|0.177579|0.0276131|0.51564,lung_epithelium,lung_epithelium:1,1.0,0.0,0.0,0.0,0.0,0.0,0.0,0.0,0.0
valid,1637,4,IL|HL|PEG|CH,0.315742|0.168761|0.026299|0.489198,lung_epithelium,lung_epithelium:1,1.0,0.0,0.0,0.0,0.0,0.0,0.0,0.0,0.0
valid,491,4,IL|HL|PEG|CH,0.35|0.16|0.025|0.465,liver,liver:1,0.0,1.0,0.0,0.0,0.0,0.0,0.0,0.0,0.0
valid,1728,4,IL|HL|PEG|CH,0.316206|0.294306|0.026375|0.363114,lung_epithelium,lung_epithelium:1,1.0,0.0,0.0,0.0,0.0,0.0,0.0,0.0,0.0
valid,2131,4,IL|HL|PEG|CH,0.364583|0.149724|0.0247785|0.460915,lung_epithelium,lung_epithelium:1,1.0,0.0,0.0,0.0,0.0,0.0,0.0,0.0,0.0
valid,1659,4,IL|HL|PEG|CH,0.468997|0.108124|0.0321981|0.390681,lung_epithelium,lung_epithelium:1,1.0,0.0,0.0,0.0,0.0,0.0,0.0,0.0,0.0
valid,2618,4,IL|HL|PEG|CH,0.336779|0.182994|0.0272397|0.452987,lung_epithelium,lung_epithelium:1,1.0,0.0,0.0,0.0,0.0,0.0,0.0,0.0,0.0
valid,3082,4,IL|HL|PEG|CH,0.5|0.1|0.015|0.385,muscle,muscle:1,0.0,0.0,1.0,0.0,0.0,0.0,0.0,0.0,0.0
valid,156,4,IL|HL|PEG|CH,0.4|0.14|0.022|0.438,liver,liver:1,0.0,1.0,0.0,0.0,0.0,0.0,0.0,0.0,0.0
valid,1809,4,IL|HL|PEG|CH,0.171301|0.311036|0.0102597|0.507404,lung_epithelium,lung_epithelium:1,1.0,0.0,0.0,0.0,0.0,0.0,0.0,0.0,0.0
valid,78,4,IL|HL|PEG|CH,0.5|0.1|0.015|0.385,liver,liver:1,0.0,1.0,0.0,0.0,0.0,0.0,0.0,0.0,0.0
valid,380,4,IL|HL|PEG|CH,0.35|0.16|0.025|0.465,liver,liver:1,0.0,1.0,0.0,0.0,0.0,0.0,0.0,0.0,0.0
valid,2223,4,IL|HL|PEG|CH,0.400835|0.320751|0.0106061|0.267808,lung_epithelium,lung_epithelium:1,1.0,0.0,0.0,0.0,0.0,0.0,0.0,0.0,0.0
valid,1265,4,IL|HL|PEG|CH,0.609399|0.0977939|0.0489423|0.243865,lung_epithelium,lung_epithelium:1,1.0,0.0,0.0,0.0,0.0,0.0,0.0,0.0,0.0
valid,1435,4,IL|HL|PEG|CH,0.176696|0.275724|0.032843|0.514737,lung_epithelium,lung_epithelium:1,1.0,0.0,0.0,0.0,0.0,0.0,0.0,0.0,0.0
valid,2634,4,IL|HL|PEG|CH,0.47617|0.253644|0.0449169|0.225269,lung_epithelium,lung_epithelium:1,1.0,0.0,0.0,0.0,0.0,0.0,0.0,0.0,0.0
valid,1749,4,IL|HL|PEG|CH,0.469759|0.107969|0.0321519|0.39012,lung_epithelium,lung_epithelium:1,1.0,0.0,0.0,0.0,0.0,0.0,0.0,0.0,0.0
valid,1247,4,IL|HL|PEG|CH,0.435951|0.302532|0.0101304|0.251386,lung_epithelium,lung_epithelium:1,1.0,0.0,0.0,0.0,0.0,0.0,0.0,0.0,0.0
valid,3176,4,IL|HL|PEG|CH,0.5|0.1|0.015|0.385,bone_marrow,bone_marrow:1,0.0,0.0,0.0,0.0,1.0,0.0,0.0,0.0,0.0
valid,2447,4,IL|HL|PEG|CH,0.428425|0.0878491|0.0438404|0.439886,lung_epithelium,lung_epithelium:1,1.0,0.0,0.0,0.0,0.0,0.0,0.0,0.0,0.0
valid,1756,4,IL|HL|PEG|CH,0.17774|0.30853|0.0515442|0.462186,lung_epithelium,lung_epithelium:1,1.0,0.0,0.0,0.0,0.0,0.0,0.0,0.0,0.0
valid,2938,4,IL|HL|PEG|CH,0.35|0.16|0.025|0.465,liver,liver:0.2 + spleen:0.2 + heart:0.2 + lung:0.2 + kidney:0.2,0.0,0.20000000298023224,0.0,0.20000000298023224,0.0,0.20000000298023224,0.20000000298023224,0.20000000298023224,0.0
valid,1368,4,IL|HL|PEG|CH,0.274612|0.403735|0.0104166|0.311237,lung_epithelium,lung_epithelium:1,1.0,0.0,0.0,0.0,0.0,0.0,0.0,0.0,0.0
valid,2798,4,IL|HL|PEG|CH,0.424388|0.135632|0.0224464|0.417534,lung_epithelium,lung_epithelium:1,1.0,0.0,0.0,0.0,0.0,0.0,0.0,0.0,0.0
valid,1170,4,IL|HL|PEG|CH,0.6321|0.0916234|0.0458981|0.230378,lung_epithelium,lung_epithelium:1,1.0,0.0,0.0,0.0,0.0,0.0,0.0,0.0,0.0
valid,2262,4,IL|HL|PEG|CH,0.169957|0.31154|0.0102764|0.508227,lung_epithelium,lung_epithelium:1,1.0,0.0,0.0,0.0,0.0,0.0,0.0,0.0,0.0
valid,2069,4,IL|HL|PEG|CH,0.439762|0.299913|0.00991702|0.250408,lung_epithelium,lung_epithelium:1,1.0,0.0,0.0,0.0,0.0,0.0,0.0,0.0,0.0
valid,3130,4,IL|HL|PEG|CH,0.5|0.1|0.015|0.385,muscle,muscle:1,0.0,0.0,1.0,0.0,0.0,0.0,0.0,0.0,0.0
valid,2749,4,IL|HL|PEG|CH,0.460645|0.0841994|0.00880476|0.44635,lung_epithelium,lung_epithelium:1,1.0,0.0,0.0,0.0,0.0,0.0,0.0,0.0,0.0
valid,2517,4,IL|HL|PEG|CH,0.557507|0.237334|0.00794725|0.197211,lung_epithelium,lung_epithelium:1,1.0,0.0,0.0,0.0,0.0,0.0,0.0,0.0,0.0
valid,1418,4,IL|HL|PEG|CH,0.315775|0.105163|0.0524807|0.526581,lung_epithelium,lung_epithelium:1,1.0,0.0,0.0,0.0,0.0,0.0,0.0,0.0,0.0
valid,39,4,IL|HL|PEG|CH,0.5|0.1|0.015|0.385,liver,liver:1,0.0,1.0,0.0,0.0,0.0,0.0,0.0,0.0,0.0
valid,2184,4,IL|HL|PEG|CH,0.204048|0.298658|0.049895|0.447398,lung_epithelium,lung_epithelium:1,1.0,0.0,0.0,0.0,0.0,0.0,0.0,0.0,0.0
valid,634,3,IL|HL|CH,0.406091|0.304569|0.28934,muscle,muscle:1,0.0,0.0,1.0,0.0,0.0,0.0,0.0,0.0,0.0
valid,2583,4,IL|HL|PEG|CH,0.668165|0.115947|0.00835349|0.207535,lung_epithelium,lung_epithelium:1,1.0,0.0,0.0,0.0,0.0,0.0,0.0,0.0,0.0
valid,579,3,IL|HL|CH,0.406091|0.304569|0.28934,muscle,muscle:1,0.0,0.0,1.0,0.0,0.0,0.0,0.0,0.0,0.0
valid,892,4,IL|HL|PEG|CH,0.5|0.1|0.015|0.385,liver,liver:0.5 + spleen:0.5,0.0,0.5,0.0,0.5,0.0,0.0,0.0,0.0,0.0
valid,2437,4,IL|HL|PEG|CH,0.435076|0.182107|0.045792|0.337025,lung_epithelium,lung_epithelium:1,1.0,0.0,0.0,0.0,0.0,0.0,0.0,0.0,0.0
valid,3309,4,IL|HL|PEG|CH,0.333333|0.133333|0.02|0.513333,ear,ear:1,0.0,0.0,0.0,0.0,0.0,0.0,0.0,0.0,1.0
valid,2963,4,IL|HL|PEG|CH,0.372414|0.208697|0.0172961|0.401593,liver,liver:1,0.0,1.0,0.0,0.0,0.0,0.0,0.0,0.0,0.0
valid,2346,4,IL|HL|PEG|CH,0.474151|0.254621|0.04509|0.226138,lung_epithelium,lung_epithelium:1,1.0,0.0,0.0,0.0,0.0,0.0,0.0,0.0,0.0
valid,3257,4,IL|HL|PEG|CH,0.5|0.1|0.015|0.385,bone_marrow,bone_marrow:1,0.0,0.0,0.0,0.0,1.0,0.0,0.0,0.0,0.0
valid,292,4,IL|HL|PEG|CH,0.35|0.16|0.025|0.465,liver,liver:1,0.0,1.0,0.0,0.0,0.0,0.0,0.0,0.0,0.0
valid,1165,4,IL|HL|PEG|CH,0.412923|0.189248|0.0475878|0.350241,lung_epithelium,lung_epithelium:1,1.0,0.0,0.0,0.0,0.0,0.0,0.0,0.0,0.0
valid,2,4,IL|HL|PEG|CH,0.5|0.1|0.015|0.385,liver,liver:1,0.0,1.0,0.0,0.0,0.0,0.0,0.0,0.0,0.0
valid,339,4,IL|HL|PEG|CH,0.35|0.16|0.025|0.465,liver,liver:1,0.0,1.0,0.0,0.0,0.0,0.0,0.0,0.0,0.0
valid,1382,4,IL|HL|PEG|CH,0.603042|0.0988601|0.0495233|0.248574,lung_epithelium,lung_epithelium:1,1.0,0.0,0.0,0.0,0.0,0.0,0.0,0.0,0.0
valid,271,4,IL|HL|PEG|CH,0.35|0.16|0.025|0.465,liver,liver:1,0.0,1.0,0.0,0.0,0.0,0.0,0.0,0.0,0.0
valid,3107,4,IL|HL|PEG|CH,0.5|0.1|0.015|0.385,muscle,muscle:1,0.0,0.0,1.0,0.0,0.0,0.0,0.0,0.0,0.0
valid,2149,4,IL|HL|PEG|CH,0.205686|0.29813|0.00983401|0.48635,lung_epithelium,lung_epithelium:1,1.0,0.0,0.0,0.0,0.0,0.0,0.0,0.0,0.0
valid,2067,4,IL|HL|PEG|CH,0.599861|0.0996525|0.0499202|0.250567,lung_epithelium,lung_epithelium:1,1.0,0.0,0.0,0.0,0.0,0.0,0.0,0.0,0.0
valid,1193,4,IL|HL|PEG|CH,0.344737|0.282026|0.0252745|0.347963,lung_epithelium,lung_epithelium:1,1.0,0.0,0.0,0.0,0.0,0.0,0.0,0.0,0.0
valid,1420,4,IL|HL|PEG|CH,0.176729|0.308998|0.0101925|0.50408,lung_epithelium,lung_epithelium:1,1.0,0.0,0.0,0.0,0.0,0.0,0.0,0.0,0.0
valid,2330,4,IL|HL|PEG|CH,0.408914|0.0911203|0.0453868|0.454579,lung_epithelium,lung_epithelium:1,1.0,0.0,0.0,0.0,0.0,0.0,0.0,0.0,0.0
valid,2673,4,IL|HL|PEG|CH,0.458254|0.088954|0.00875905|0.444033,lung_epithelium,lung_epithelium:1,1.0,0.0,0.0,0.0,0.0,0.0,0.0,0.0,0.0
valid,187,4,IL|HL|PEG|CH,0.35|0.16|0.025|0.465,liver,liver:1,0.0,1.0,0.0,0.0,0.0,0.0,0.0,0.0,0.0
valid,1979,4,IL|HL|PEG|CH,0.366415|0.316883|0.0528816|0.26382,lung_epithelium,lung_epithelium:1,1.0,0.0,0.0,0.0,0.0,0.0,0.0,0.0,0.0
valid,401,4,IL|HL|PEG|CH,0.35|0.16|0.025|0.465,liver,liver:1,0.0,1.0,0.0,0.0,0.0,0.0,0.0,0.0,0.0
valid,2310,4,IL|HL|PEG|CH,0.251592|0.250641|0.0298553|0.467911,lung_epithelium,lung_epithelium:1,1.0,0.0,0.0,0.0,0.0,0.0,0.0,0.0,0.0
valid,2452,4,IL|HL|PEG|CH,0.489608|0.247137|0.0437646|0.21949,lung_epithelium,lung_epithelium:1,1.0,0.0,0.0,0.0,0.0,0.0,0.0,0.0,0.0
valid,3015,4,IL|HL|PEG|CH,0.319456|0.226307|0.0187556|0.435481,liver,liver:1,0.0,1.0,0.0,0.0,0.0,0.0,0.0,0.0,0.0
valid,390,4,IL|HL|PEG|CH,0.35|0.16|0.025|0.465,liver,liver:1,0.0,1.0,0.0,0.0,0.0,0.0,0.0,0.0,0.0
valid,2864,4,IL|HL|PEG|CH,0.45006|0.236694|0.021212|0.292033,lung_epithelium,lung_epithelium:1,1.0,0.0,0.0,0.0,0.0,0.0,0.0,0.0,0.0
valid,1561,4,IL|HL|PEG|CH,0.313179|0.105562|0.0526798|0.528579,lung_epithelium,lung_epithelium:1,1.0,0.0,0.0,0.0,0.0,0.0,0.0,0.0,0.0
valid,1508,4,IL|HL|PEG|CH,0.358683|0.151114|0.0250086|0.465195,lung_epithelium,lung_epithelium:1,1.0,0.0,0.0,0.0,0.0,0.0,0.0,0.0,0.0
valid,1104,4,IL|HL|PEG|CH,0.35|0.16|0.025|0.465,lung_epithelium,lung_epithelium:1,1.0,0.0,0.0,0.0,0.0,0.0,0.0,0.0,0.0
valid,660,3,IL|HL|CH,0.406091|0.304569|0.28934,muscle,muscle:1,0.0,0.0,1.0,0.0,0.0,0.0,0.0,0.0,0.0
valid,338,4,IL|HL|PEG|CH,0.35|0.16|0.025|0.465,liver,liver:1,0.0,1.0,0.0,0.0,0.0,0.0,0.0,0.0,0.0
valid,215,4,IL|HL|PEG|CH,0.35|0.16|0.025|0.465,liver,liver:1,0.0,1.0,0.0,0.0,0.0,0.0,0.0,0.0,0.0
valid,3098,4,IL|HL|PEG|CH,0.5|0.1|0.015|0.385,muscle,muscle:1,0.0,0.0,1.0,0.0,0.0,0.0,0.0,0.0,0.0
valid,2244,4,IL|HL|PEG|CH,0.322861|0.159555|0.0264055|0.491179,lung_epithelium,lung_epithelium:1,1.0,0.0,0.0,0.0,0.0,0.0,0.0,0.0,0.0
valid,274,4,IL|HL|PEG|CH,0.35|0.16|0.025|0.465,liver,liver:1,0.0,1.0,0.0,0.0,0.0,0.0,0.0,0.0,0.0
valid,2226,4,IL|HL|PEG|CH,0.175386|0.276163|0.0328953|0.515556,lung_epithelium,lung_epithelium:1,1.0,0.0,0.0,0.0,0.0,0.0,0.0,0.0,0.0
valid,2906,4,IL|HL|PEG|CH,0.35|0.16|0.025|0.465,liver,liver:0.2 + spleen:0.2 + heart:0.2 + lung:0.2 + kidney:0.2,0.0,0.20000000298023224,0.0,0.20000000298023224,0.0,0.20000000298023224,0.20000000298023224,0.20000000298023224,0.0
valid,405,4,IL|HL|PEG|CH,0.35|0.16|0.025|0.465,liver,liver:1,0.0,1.0,0.0,0.0,0.0,0.0,0.0,0.0,0.0
valid,3059,4,IL|HL|PEG|CH,0.5|0.1|0.015|0.385,muscle,muscle:1,0.0,0.0,1.0,0.0,0.0,0.0,0.0,0.0,0.0
valid,2058,4,IL|HL|PEG|CH,0.600184|0.100101|0.0500969|0.249618,lung_epithelium,lung_epithelium:1,1.0,0.0,0.0,0.0,0.0,0.0,0.0,0.0,0.0
valid,1708,4,IL|HL|PEG|CH,0.352354|0.106343|0.0104712|0.530832,lung_epithelium,lung_epithelium:1,1.0,0.0,0.0,0.0,0.0,0.0,0.0,0.0,0.0
valid,2964,4,IL|HL|PEG|CH,0.353743|0.214906|0.0178107|0.413541,liver,liver:1,0.0,1.0,0.0,0.0,0.0,0.0,0.0,0.0,0.0
valid,2051,4,IL|HL|PEG|CH,0.349872|0.160343|0.0249873|0.464798,lung_epithelium,lung_epithelium:1,1.0,0.0,0.0,0.0,0.0,0.0,0.0,0.0,0.0
valid,1301,4,IL|HL|PEG|CH,0.593167|0.101762|0.0101611|0.294909,lung_epithelium,lung_epithelium:1,1.0,0.0,0.0,0.0,0.0,0.0,0.0,0.0,0.0
valid,2930,4,IL|HL|PEG|CH,0.35|0.16|0.025|0.465,liver,liver:0.2 + spleen:0.2 + heart:0.2 + lung:0.2 + kidney:0.2,0.0,0.20000000298023224,0.0,0.20000000298023224,0.0,0.20000000298023224,0.20000000298023224,0.20000000298023224,0.0
valid,2106,4,IL|HL|PEG|CH,0.203754|0.298769|0.0499135|0.447564,lung_epithelium,lung_epithelium:1,1.0,0.0,0.0,0.0,0.0,0.0,0.0,0.0,0.0
valid,1387,4,IL|HL|PEG|CH,0.201846|0.267301|0.0318397|0.499013,lung_epithelium,lung_epithelium:1,1.0,0.0,0.0,0.0,0.0,0.0,0.0,0.0,0.0
valid,2466,4,IL|HL|PEG|CH,0.481756|0.250939|0.0444379|0.222867,lung_epithelium,lung_epithelium:1,1.0,0.0,0.0,0.0,0.0,0.0,0.0,0.0,0.0
valid,3081,4,IL|HL|PEG|CH,0.5|0.1|0.015|0.385,muscle,muscle:1,0.0,0.0,1.0,0.0,0.0,0.0,0.0,0.0,0.0
valid,904,4,IL|HL|PEG|CH,0.5|0.1|0.015|0.385,liver,liver:0.5 + spleen:0.5,0.0,0.5,0.0,0.5,0.0,0.0,0.0,0.0,0.0
valid,2809,4,IL|HL|PEG|CH,0.301843|0.10899|0.0113972|0.57777,lung_epithelium,lung_epithelium:1,1.0,0.0,0.0,0.0,0.0,0.0,0.0,0.0,0.0
valid,2722,4,IL|HL|PEG|CH,0.464144|0.0836532|0.00874764|0.443455,lung_epithelium,lung_epithelium:1,1.0,0.0,0.0,0.0,0.0,0.0,0.0,0.0,0.0
valid,706,3,IL|HL|CH,0.406091|0.304569|0.28934,muscle,muscle:1,0.0,0.0,1.0,0.0,0.0,0.0,0.0,0.0,0.0
valid,2916,4,IL|HL|PEG|CH,0.35|0.16|0.025|0.465,liver,liver:0.2 + spleen:0.2 + heart:0.2 + lung:0.2 + kidney:0.2,0.0,0.20000000298023224,0.0,0.20000000298023224,0.0,0.20000000298023224,0.20000000298023224,0.20000000298023224,0.0
valid,2755,4,IL|HL|PEG|CH,0.448139|0.0901506|0.00910661|0.452604,lung_epithelium,lung_epithelium:1,1.0,0.0,0.0,0.0,0.0,0.0,0.0,0.0,0.0
valid,329,4,IL|HL|PEG|CH,0.35|0.16|0.025|0.465,liver,liver:1,0.0,1.0,0.0,0.0,0.0,0.0,0.0,0.0,0.0
valid,822,4,IL|HL|PEG|CH,0.238095|0.238095|0.047619|0.47619,liver,liver:1,0.0,1.0,0.0,0.0,0.0,0.0,0.0,0.0,0.0
valid,909,4,IL|HL|PEG|CH,0.5|0.1|0.015|0.385,liver,liver:0.5 + spleen:0.5,0.0,0.5,0.0,0.5,0.0,0.0,0.0,0.0,0.0
valid,181,4,IL|HL|PEG|CH,0.35|0.16|0.025|0.465,liver,liver:1,0.0,1.0,0.0,0.0,0.0,0.0,0.0,0.0,0.0
valid,1111,4,IL|HL|PEG|CH,0.35|0.16|0.025|0.465,lung_epithelium,lung_epithelium:1,1.0,0.0,0.0,0.0,0.0,0.0,0.0,0.0,0.0
valid,2007,4,IL|HL|PEG|CH,0.405389|0.318314|0.0105255|0.265772,lung_epithelium,lung_epithelium:1,1.0,0.0,0.0,0.0,0.0,0.0,0.0,0.0,0.0
valid,1858,4,IL|HL|PEG|CH,0.347642|0.107116|0.0105474|0.534695,lung_epithelium,lung_epithelium:1,1.0,0.0,0.0,0.0,0.0,0.0,0.0,0.0,0.0
valid,2384,4,IL|HL|PEG|CH,0.475313|0.254059|0.0449904|0.225638,lung_epithelium,lung_epithelium:1,1.0,0.0,0.0,0.0,0.0,0.0,0.0,0.0,0.0
valid,768,3,IL|HL|CH,0.406091|0.304569|0.28934,muscle,muscle:1,0.0,0.0,1.0,0.0,0.0,0.0,0.0,0.0,0.0
valid,3085,4,IL|HL|PEG|CH,0.5|0.1|0.015|0.385,muscle,muscle:1,0.0,0.0,1.0,0.0,0.0,0.0,0.0,0.0,0.0
valid,848,4,IL|HL|PEG|CH,0.5|0.1|0.015|0.385,liver,liver:0.5 + spleen:0.5,0.0,0.5,0.0,0.5,0.0,0.0,0.0,0.0,0.0
valid,2203,4,IL|HL|PEG|CH,0.560952|0.109343|0.0547743|0.274931,lung_epithelium,lung_epithelium:1,1.0,0.0,0.0,0.0,0.0,0.0,0.0,0.0,0.0
valid,2587,4,IL|HL|PEG|CH,0.668284|0.0826122|0.0413839|0.20772,lung_epithelium,lung_epithelium:1,1.0,0.0,0.0,0.0,0.0,0.0,0.0,0.0,0.0
valid,2779,4,IL|HL|PEG|CH,0.405925|0.0915812|0.0456164|0.456878,lung_epithelium,lung_epithelium:1,1.0,0.0,0.0,0.0,0.0,0.0,0.0,0.0,0.0
valid,24,4,IL|HL|PEG|CH,0.5|0.1|0.015|0.385,liver,liver:1,0.0,1.0,0.0,0.0,0.0,0.0,0.0,0.0,0.0
valid,2768,4,IL|HL|PEG|CH,0.316063|0.18871|0.0280906|0.467137,lung_epithelium,lung_epithelium:1,1.0,0.0,0.0,0.0,0.0,0.0,0.0,0.0,0.0
valid,2538,4,IL|HL|PEG|CH,0.659382|0.119016|0.00857458|0.213027,lung_epithelium,lung_epithelium:1,1.0,0.0,0.0,0.0,0.0,0.0,0.0,0.0,0.0
valid,2872,4,IL|HL|PEG|CH,0.443834|0.239374|0.0214522|0.29534,lung_epithelium,lung_epithelium:1,1.0,0.0,0.0,0.0,0.0,0.0,0.0,0.0,0.0
valid,1934,4,IL|HL|PEG|CH,0.553874|0.216019|0.038254|0.191853,lung_epithelium,lung_epithelium:1,1.0,0.0,0.0,0.0,0.0,0.0,0.0,0.0,0.0
valid,566,3,IL|HL|CH,0.406091|0.304569|0.28934,muscle,muscle:1,0.0,0.0,1.0,0.0,0.0,0.0,0.0,0.0,0.0
valid,1792,4,IL|HL|PEG|CH,0.401416|0.321055|0.0107507|0.266778,lung_epithelium,lung_epithelium:1,1.0,0.0,0.0,0.0,0.0,0.0,0.0,0.0,0.0
valid,2566,4,IL|HL|PEG|CH,0.48829|0.0798837|0.00835346|0.423472,lung_epithelium,lung_epithelium:1,1.0,0.0,0.0,0.0,0.0,0.0,0.0,0.0,0.0
valid,1928,4,IL|HL|PEG|CH,0.459016|0.133273|0.0207236|0.386988,lung_epithelium,lung_epithelium:1,1.0,0.0,0.0,0.0,0.0,0.0,0.0,0.0,0.0
valid,345,4,IL|HL|PEG|CH,0.35|0.16|0.025|0.465,liver,liver:1,0.0,1.0,0.0,0.0,0.0,0.0,0.0,0.0,0.0
valid,10,4,IL|HL|PEG|CH,0.5|0.1|0.015|0.385,liver,liver:1,0.0,1.0,0.0,0.0,0.0,0.0,0.0,0.0,0.0
valid,793,3,IL|HL|CH,0.406091|0.304569|0.28934,muscle,muscle:1,0.0,0.0,1.0,0.0,0.0,0.0,0.0,0.0,0.0
valid,2376,4,IL|HL|PEG|CH,0.414933|0.251813|0.0225669|0.310687,lung_epithelium,lung_epithelium:1,1.0,0.0,0.0,0.0,0.0,0.0,0.0,0.0,0.0
valid,516,4,IL|HL|PEG|CH,0.35|0.16|0.025|0.465,liver,liver:1,0.0,1.0,0.0,0.0,0.0,0.0,0.0,0.0,0.0
valid,2243,4,IL|HL|PEG|CH,0.178929|0.274976|0.0327539|0.513341,lung_epithelium,lung_epithelium:1,1.0,0.0,0.0,0.0,0.0,0.0,0.0,0.0,0.0
valid,2204,4,IL|HL|PEG|CH,0.314082|0.105739|0.0526685|0.52751,lung_epithelium,lung_epithelium:1,1.0,0.0,0.0,0.0,0.0,0.0,0.0,0.0,0.0
valid,419,4,IL|HL|PEG|CH,0.35|0.16|0.025|0.465,liver,liver:1,0.0,1.0,0.0,0.0,0.0,0.0,0.0,0.0,0.0
valid,3259,4,IL|HL|PEG|CH,0.5|0.1|0.015|0.385,bone_marrow,bone_marrow:1,0.0,0.0,0.0,0.0,1.0,0.0,0.0,0.0,0.0
valid,1692,4,IL|HL|PEG|CH,0.285728|0.175963|0.0273617|0.510947,lung_epithelium,lung_epithelium:1,1.0,0.0,0.0,0.0,0.0,0.0,0.0,0.0,0.0
valid,615,3,IL|HL|CH,0.406091|0.304569|0.28934,muscle,muscle:1,0.0,0.0,1.0,0.0,0.0,0.0,0.0,0.0,0.0
valid,3183,4,IL|HL|PEG|CH,0.5|0.1|0.015|0.385,bone_marrow,bone_marrow:1,0.0,0.0,0.0,0.0,1.0,0.0,0.0,0.0,0.0
valid,3258,4,IL|HL|PEG|CH,0.5|0.1|0.015|0.385,bone_marrow,bone_marrow:1,0.0,0.0,0.0,0.0,1.0,0.0,0.0,0.0,0.0
valid,131,4,IL|HL|PEG|CH,0.35|0.16|0.025|0.465,lung_epithelium,lung_epithelium:1,1.0,0.0,0.0,0.0,0.0,0.0,0.0,0.0,0.0
valid,1851,4,IL|HL|PEG|CH,0.357615|0.321284|0.0536161|0.267485,lung_epithelium,lung_epithelium:1,1.0,0.0,0.0,0.0,0.0,0.0,0.0,0.0,0.0
valid,2745,4,IL|HL|PEG|CH,0.458254|0.088954|0.00875905|0.444033,lung_epithelium,lung_epithelium:1,1.0,0.0,0.0,0.0,0.0,0.0,0.0,0.0,0.0
valid,1319,4,IL|HL|PEG|CH,0.41298|0.284241|0.0503353|0.252444,lung_epithelium,lung_epithelium:1,1.0,0.0,0.0,0.0,0.0,0.0,0.0,0.0,0.0
valid,2775,4,IL|HL|PEG|CH,0.408218|0.139442|0.0230769|0.429263,lung_epithelium,lung_epithelium:1,1.0,0.0,0.0,0.0,0.0,0.0,0.0,0.0,0.0
valid,1604,4,IL|HL|PEG|CH,0.401299|0.289897|0.0513369|0.257467,lung_epithelium,lung_epithelium:1,1.0,0.0,0.0,0.0,0.0,0.0,0.0,0.0,0.0
valid,3122,4,IL|HL|PEG|CH,0.5|0.1|0.015|0.385,muscle,muscle:1,0.0,0.0,1.0,0.0,0.0,0.0,0.0,0.0,0.0
valid,2219,4,IL|HL|PEG|CH,0.23766|0.210343|0.0313108|0.520686,lung_epithelium,lung_epithelium:1,1.0,0.0,0.0,0.0,0.0,0.0,0.0,0.0,0.0
valid,2600,4,IL|HL|PEG|CH,0.432902|0.182808|0.0459683|0.338322,lung_epithelium,lung_epithelium:1,1.0,0.0,0.0,0.0,0.0,0.0,0.0,0.0,0.0
valid,901,4,IL|HL|PEG|CH,0.5|0.1|0.015|0.385,liver,liver:0.5 + spleen:0.5,0.0,0.5,0.0,0.5,0.0,0.0,0.0,0.0,0.0
valid,2306,4,IL|HL|PEG|CH,0.419868|0.0894317|0.0445457|0.446154,lung_epithelium,lung_epithelium:1,1.0,0.0,0.0,0.0,0.0,0.0,0.0,0.0,0.0
valid,653,3,IL|HL|CH,0.406091|0.304569|0.28934,muscle,muscle:1,0.0,0.0,1.0,0.0,0.0,0.0,0.0,0.0,0.0
valid,2137,4,IL|HL|PEG|CH,0.614662|0.134642|0.00970035|0.240996,lung_epithelium,lung_epithelium:1,1.0,0.0,0.0,0.0,0.0,0.0,0.0,0.0,0.0
valid,1433,4,IL|HL|PEG|CH,0.354418|0.106004|0.0104379|0.529141,lung_epithelium,lung_epithelium:1,1.0,0.0,0.0,0.0,0.0,0.0,0.0,0.0,0.0
valid,1458,4,IL|HL|PEG|CH,0.361015|0.104383|0.0105443|0.524058,lung_epithelium,lung_epithelium:1,1.0,0.0,0.0,0.0,0.0,0.0,0.0,0.0,0.0
valid,1755,4,IL|HL|PEG|CH,0.240414|0.209583|0.0311977|0.518806,lung_epithelium,lung_epithelium:1,1.0,0.0,0.0,0.0,0.0,0.0,0.0,0.0,0.0
valid,1063,4,IL|HL|PEG|CH,0.35|0.16|0.025|0.465,muscle,muscle:1,0.0,0.0,1.0,0.0,0.0,0.0,0.0,0.0,0.0
valid,2522,4,IL|HL|PEG|CH,0.646374|0.123561|0.00890204|0.221163,lung_epithelium,lung_epithelium:1,1.0,0.0,0.0,0.0,0.0,0.0,0.0,0.0,0.0
valid,2776,4,IL|HL|PEG|CH,0.448817|0.0860459|0.00899785|0.456139,lung_epithelium,lung_epithelium:1,1.0,0.0,0.0,0.0,0.0,0.0,0.0,0.0,0.0
valid,2474,4,IL|HL|PEG|CH,0.463531|0.0880876|0.00867373|0.439708,lung_epithelium,lung_epithelium:1,1.0,0.0,0.0,0.0,0.0,0.0,0.0,0.0,0.0
valid,2573,4,IL|HL|PEG|CH,0.325097|0.337548|0.0563302|0.281025,lung_epithelium,lung_epithelium:1,1.0,0.0,0.0,0.0,0.0,0.0,0.0,0.0,0.0
valid,2810,4,IL|HL|PEG|CH,0.283886|0.168738|0.0279254|0.51945,lung_epithelium,lung_epithelium:1,1.0,0.0,0.0,0.0,0.0,0.0,0.0,0.0,0.0
valid,1989,4,IL|HL|PEG|CH,0.32135|0.159911|0.0264644|0.492275,lung_epithelium,lung_epithelium:1,1.0,0.0,0.0,0.0,0.0,0.0,0.0,0.0,0.0
valid,2362,4,IL|HL|PEG|CH,0.456417|0.175228|0.0440622|0.324293,lung_epithelium,lung_epithelium:1,1.0,0.0,0.0,0.0,0.0,0.0,0.0,0.0,0.0
valid,1541,4,IL|HL|PEG|CH,0.593287|0.101828|0.0509611|0.253924,lung_epithelium,lung_epithelium:1,1.0,0.0,0.0,0.0,0.0,0.0,0.0,0.0,0.0
valid,3279,4,IL|HL|PEG|CH,0.333333|0.133333|0.02|0.513333,ear,ear:1,0.0,0.0,0.0,0.0,0.0,0.0,0.0,0.0,1.0
valid,2275,4,IL|HL|PEG|CH,0.169925|0.277992|0.0331131|0.51897,lung_epithelium,lung_epithelium:1,1.0,0.0,0.0,0.0,0.0,0.0,0.0,0.0,0.0
valid,1169,4,IL|HL|PEG|CH,0.222585|0.291703|0.048733|0.436979,lung_epithelium,lung_epithelium:1,1.0,0.0,0.0,0.0,0.0,0.0,0.0,0.0,0.0
valid,2988,4,IL|HL|PEG|CH,0.294651|0.234556|0.0194392|0.451354,liver,liver:1,0.0,1.0,0.0,0.0,0.0,0.0,0.0,0.0,0.0
valid,2192,4,IL|HL|PEG|CH,0.398101|0.0939633|0.00982577|0.49811,lung_epithelium,lung_epithelium:1,1.0,0.0,0.0,0.0,0.0,0.0,0.0,0.0,0.0
valid,2075,4,IL|HL|PEG|CH,0.352488|0.159698|0.0248867|0.462927,lung_epithelium,lung_epithelium:1,1.0,0.0,0.0,0.0,0.0,0.0,0.0,0.0,0.0
valid,2953,4,IL|HL|PEG|CH,0.333333|0.133333|0.02|0.513333,ear,ear:1,0.0,0.0,0.0,0.0,0.0,0.0,0.0,0.0,1.0
valid,2410,4,IL|HL|PEG|CH,0.682917|0.079313|0.0079195|0.229851,lung_epithelium,lung_epithelium:1,1.0,0.0,0.0,0.0,0.0,0.0,0.0,0.0,0.0
valid,638,3,IL|HL|CH,0.406091|0.304569|0.28934,muscle,muscle:1,0.0,0.0,1.0,0.0,0.0,0.0,0.0,0.0,0.0
valid,1276,4,IL|HL|PEG|CH,0.449281|0.294817|0.00974851|0.246154,lung_epithelium,lung_epithelium:1,1.0,0.0,0.0,0.0,0.0,0.0,0.0,0.0,0.0
valid,2055,4,IL|HL|PEG|CH,0.349229|0.100021|0.0499147|0.500835,lung_epithelium,lung_epithelium:1,1.0,0.0,0.0,0.0,0.0,0.0,0.0,0.0,0.0
valid,336,4,IL|HL|PEG|CH,0.35|0.16|0.025|0.465,liver,liver:1,0.0,1.0,0.0,0.0,0.0,0.0,0.0,0.0,0.0
valid,2397,4,IL|HL|PEG|CH,0.238331|0.285877|0.00942986|0.466362,lung_epithelium,lung_epithelium:1,1.0,0.0,0.0,0.0,0.0,0.0,0.0,0.0,0.0
valid,1079,4,IL|HL|PEG|CH,0.35|0.16|0.025|0.465,muscle,muscle:1,0.0,0.0,1.0,0.0,0.0,0.0,0.0,0.0,0.0
valid,1428,4,IL|HL|PEG|CH,0.2393|0.20989|0.0312434|0.519566,lung_epithelium,lung_epithelium:1,1.0,0.0,0.0,0.0,0.0,0.0,0.0,0.0,0.0
valid,603,3,IL|HL|CH,0.406091|0.304569|0.28934,muscle,muscle:1,0.0,0.0,1.0,0.0,0.0,0.0,0.0,0.0,0.0
valid,2597,4,IL|HL|PEG|CH,0.560167|0.0895598|0.0266699|0.323603,lung_epithelium,lung_epithelium:1,1.0,0.0,0.0,0.0,0.0,0.0,0.0,0.0,0.0
valid,60,4,IL|HL|PEG|CH,0.5|0.1|0.015|0.385,liver,liver:1,0.0,1.0,0.0,0.0,0.0,0.0,0.0,0.0,0.0
valid,671,3,IL|HL|CH,0.406091|0.304569|0.28934,muscle,muscle:1,0.0,0.0,1.0,0.0,0.0,0.0,0.0,0.0,0.0
valid,1994,4,IL|HL|PEG|CH,0.289606|0.175008|0.0272132|0.508173,lung_epithelium,lung_epithelium:1,1.0,0.0,0.0,0.0,0.0,0.0,0.0,0.0,0.0
valid,2173,4,IL|HL|PEG|CH,0.396926|0.301623|0.050335|0.251116,lung_epithelium,lung_epithelium:1,1.0,0.0,0.0,0.0,0.0,0.0,0.0,0.0,0.0
valid,1473,4,IL|HL|PEG|CH,0.373574|0.201932|0.0507773|0.373716,lung_epithelium,lung_epithelium:1,1.0,0.0,0.0,0.0,0.0,0.0,0.0,0.0,0.0
valid,2100,4,IL|HL|PEG|CH,0.41297|0.284246|0.0503361|0.252448,lung_epithelium,lung_epithelium:1,1.0,0.0,0.0,0.0,0.0,0.0,0.0,0.0,0.0
valid,68,4,IL|HL|PEG|CH,0.5|0.1|0.015|0.385,liver,liver:1,0.0,1.0,0.0,0.0,0.0,0.0,0.0,0.0,0.0
valid,2180,4,IL|HL|PEG|CH,0.386413|0.197794|0.0497366|0.366057,lung_epithelium,lung_epithelium:1,1.0,0.0,0.0,0.0,0.0,0.0,0.0,0.0,0.0
valid,2128,4,IL|HL|PEG|CH,0.401487|0.098275|0.00967686|0.490561,lung_epithelium,lung_epithelium:1,1.0,0.0,0.0,0.0,0.0,0.0,0.0,0.0,0.0
valid,541,3,IL|HL|CH,0.406091|0.304569|0.28934,muscle,muscle:1,0.0,0.0,1.0,0.0,0.0,0.0,0.0,0.0,0.0
valid,3146,4,IL|HL|PEG|CH,0.4|0.3|0.015|0.285,muscle,muscle:1,0.0,0.0,1.0,0.0,0.0,0.0,0.0,0.0,0.0
valid,1329,4,IL|HL|PEG|CH,0.599849|0.100091|0.0099942|0.290066,lung_epithelium,lung_epithelium:1,1.0,0.0,0.0,0.0,0.0,0.0,0.0,0.0,0.0
valid,3196,4,IL|HL|PEG|CH,0.5|0.1|0.015|0.385,bone_marrow,bone_marrow:1,0.0,0.0,0.0,0.0,1.0,0.0,0.0,0.0,0.0
valid,235,4,IL|HL|PEG|CH,0.35|0.16|0.025|0.465,liver,liver:1,0.0,1.0,0.0,0.0,0.0,0.0,0.0,0.0,0.0
valid,2201,4,IL|HL|PEG|CH,0.23766|0.210343|0.0313108|0.520686,lung_epithelium,lung_epithelium:1,1.0,0.0,0.0,0.0,0.0,0.0,0.0,0.0,0.0
valid,3024,4,IL|HL|PEG|CH,0.340357|0.219357|0.0181796|0.422106,liver,liver:1,0.0,1.0,0.0,0.0,0.0,0.0,0.0,0.0,0.0
valid,2647,4,IL|HL|PEG|CH,0.534088|0.162795|0.0117287|0.291388,lung_epithelium,lung_epithelium:1,1.0,0.0,0.0,0.0,0.0,0.0,0.0,0.0,0.0
valid,1168,4,IL|HL|PEG|CH,0.295392|0.194414|0.0289396|0.481255,lung_epithelium,lung_epithelium:1,1.0,0.0,0.0,0.0,0.0,0.0,0.0,0.0,0.0
valid,3036,4,IL|HL|PEG|CH,0.340357|0.219357|0.0181796|0.422106,liver,liver:1,0.0,1.0,0.0,0.0,0.0,0.0,0.0,0.0,0.0
valid,3043,4,IL|HL|PEG|CH,0.371739|0.208921|0.0173147|0.402025,liver,liver:1,0.0,1.0,0.0,0.0,0.0,0.0,0.0,0.0,0.0
valid,373,4,IL|HL|PEG|CH,0.35|0.16|0.025|0.465,liver,liver:1,0.0,1.0,0.0,0.0,0.0,0.0,0.0,0.0,0.0
valid,2801,4,IL|HL|PEG|CH,0.453527|0.0853107|0.00892096|0.452241,lung_epithelium,lung_epithelium:1,1.0,0.0,0.0,0.0,0.0,0.0,0.0,0.0,0.0
valid,2962,4,IL|HL|PEG|CH,0.393167|0.201796|0.0167241|0.388313,liver,liver:1,0.0,1.0,0.0,0.0,0.0,0.0,0.0,0.0,0.0
valid,2036,4,IL|HL|PEG|CH,0.406733|0.287266|0.0508709|0.25513,lung_epithelium,lung_epithelium:1,1.0,0.0,0.0,0.0,0.0,0.0,0.0,0.0,0.0
valid,1224,4,IL|HL|PEG|CH,0.325203|0.103714|0.0517576|0.519326,lung_epithelium,lung_epithelium:1,1.0,0.0,0.0,0.0,0.0,0.0,0.0,0.0,0.0
valid,1145,4,IL|HL|PEG|CH,0.60012|0.139723|0.0100664|0.250091,lung_epithelium,lung_epithelium:1,1.0,0.0,0.0,0.0,0.0,0.0,0.0,0.0,0.0
valid,1549,4,IL|HL|PEG|CH,0.19534|0.301926|0.0504409|0.452293,lung_epithelium,lung_epithelium:1,1.0,0.0,0.0,0.0,0.0,0.0,0.0,0.0,0.0
valid,2857,4,IL|HL|PEG|CH,0.32186|0.291872|0.0261569|0.360111,lung_epithelium,lung_epithelium:1,1.0,0.0,0.0,0.0,0.0,0.0,0.0,0.0,0.0
valid,814,4,IL|HL|PEG|CH,0.238095|0.238095|0.047619|0.47619,liver,liver:1,0.0,1.0,0.0,0.0,0.0,0.0,0.0,0.0,0.0
valid,2105,4,IL|HL|PEG|CH,0.27256|0.200713|0.0298774|0.49685,lung_epithelium,lung_epithelium:1,1.0,0.0,0.0,0.0,0.0,0.0,0.0,0.0,0.0
valid,133,4,IL|HL|PEG|CH,0.35|0.16|0.025|0.465,lung_epithelium,lung_epithelium:1,1.0,0.0,0.0,0.0,0.0,0.0,0.0,0.0,0.0
test,1140,4,IL|HL|PEG|CH,0.600444|0.0999421|0.00997934|0.289634,lung_epithelium,lung_epithelium:1,1.0,0.0,0.0,0.0,0.0,0.0,0.0,0.0,0.0
test,933,4,IL|HL|PEG|CH,0.5|0.1|0.015|0.385,liver,liver:0.5 + spleen:0.5,0.0,0.5,0.0,0.5,0.0,0.0,0.0,0.0,0.0
test,928,4,IL|HL|PEG|CH,0.5|0.1|0.015|0.385,liver,liver:0.5 + spleen:0.5,0.0,0.5,0.0,0.5,0.0,0.0,0.0,0.0,0.0
test,823,4,IL|HL|PEG|CH,0.238095|0.238095|0.047619|0.47619,liver,liver:1,0.0,1.0,0.0,0.0,0.0,0.0,0.0,0.0,0.0
test,1531,4,IL|HL|PEG|CH,0.199572|0.268063|0.0319304|0.500434,lung_epithelium,lung_epithelium:1,1.0,0.0,0.0,0.0,0.0,0.0,0.0,0.0,0.0
test,1214,4,IL|HL|PEG|CH,0.513723|0.0990167|0.029486|0.357774,lung_epithelium,lung_epithelium:1,1.0,0.0,0.0,0.0,0.0,0.0,0.0,0.0,0.0
test,504,4,IL|HL|PEG|CH,0.35|0.16|0.025|0.465,liver,liver:1,0.0,1.0,0.0,0.0,0.0,0.0,0.0,0.0,0.0
test,3274,4,IL|HL|PEG|CH,0.5|0.1|0.015|0.385,bone_marrow,bone_marrow:1,0.0,0.0,0.0,0.0,1.0,0.0,0.0,0.0,0.0
test,2395,4,IL|HL|PEG|CH,0.402168|0.0918847|0.0458543|0.460093,lung_epithelium,lung_epithelium:1,1.0,0.0,0.0,0.0,0.0,0.0,0.0,0.0,0.0
test,1996,4,IL|HL|PEG|CH,0.565807|0.108606|0.0108444|0.314742,lung_epithelium,lung_epithelium:1,1.0,0.0,0.0,0.0,0.0,0.0,0.0,0.0,0.0
test,2434,4,IL|HL|PEG|CH,0.562346|0.089116|0.0265377|0.322,lung_epithelium,lung_epithelium:1,1.0,0.0,0.0,0.0,0.0,0.0,0.0,0.0,0.0
test,1958,4,IL|HL|PEG|CH,0.723491|0.069164|0.00690611|0.200439,lung_epithelium,lung_epithelium:1,1.0,0.0,0.0,0.0,0.0,0.0,0.0,0.0,0.0
test,1384,4,IL|HL|PEG|CH,0.443035|0.298161|0.00985909|0.248946,lung_epithelium,lung_epithelium:1,1.0,0.0,0.0,0.0,0.0,0.0,0.0,0.0,0.0
test,894,4,IL|HL|PEG|CH,0.5|0.1|0.015|0.385,liver,liver:0.5 + spleen:0.5,0.0,0.5,0.0,0.5,0.0,0.0,0.0,0.0,0.0
test,828,4,IL|HL|PEG|CH,0.238095|0.238095|0.047619|0.47619,liver,liver:1,0.0,1.0,0.0,0.0,0.0,0.0,0.0,0.0,0.0
test,3223,4,IL|HL|PEG|CH,0.5|0.1|0.015|0.385,bone_marrow,bone_marrow:1,0.0,0.0,0.0,0.0,1.0,0.0,0.0,0.0,0.0
test,2523,4,IL|HL|PEG|CH,0.428136|0.184344|0.0463546|0.341165,lung_epithelium,lung_epithelium:1,1.0,0.0,0.0,0.0,0.0,0.0,0.0,0.0,0.0
test,1683,4,IL|HL|PEG|CH,0.465998|0.108735|0.0323799|0.392887,lung_epithelium,lung_epithelium:1,1.0,0.0,0.0,0.0,0.0,0.0,0.0,0.0,0.0
test,2841,4,IL|HL|PEG|CH,0.389058|0.26295|0.023565|0.324427,lung_epithelium,lung_epithelium:1,1.0,0.0,0.0,0.0,0.0,0.0,0.0,0.0,0.0
test,3253,4,IL|HL|PEG|CH,0.5|0.1|0.015|0.385,bone_marrow,bone_marrow:1,0.0,0.0,0.0,0.0,1.0,0.0,0.0,0.0,0.0
test,3262,4,IL|HL|PEG|CH,0.5|0.1|0.015|0.385,bone_marrow,bone_marrow:1,0.0,0.0,0.0,0.0,1.0,0.0,0.0,0.0,0.0
test,652,3,IL|HL|CH,0.406091|0.304569|0.28934,muscle,muscle:1,0.0,0.0,1.0,0.0,0.0,0.0,0.0,0.0,0.0
test,172,4,IL|HL|PEG|CH,0.35|0.16|0.025|0.465,liver,liver:1,0.0,1.0,0.0,0.0,0.0,0.0,0.0,0.0,0.0
test,38,4,IL|HL|PEG|CH,0.5|0.1|0.015|0.385,liver,liver:1,0.0,1.0,0.0,0.0,0.0,0.0,0.0,0.0,0.0
test,3156,4,IL|HL|PEG|CH,0.5|0.1|0.015|0.385,bone_marrow,bone_marrow:1,0.0,0.0,0.0,0.0,1.0,0.0,0.0,0.0,0.0
test,713,3,IL|HL|CH,0.406091|0.304569|0.28934,muscle,muscle:1,0.0,0.0,1.0,0.0,0.0,0.0,0.0,0.0,0.0
test,90,3,IL|HL|CH,0.510204|0.387755|0.102041,liver,liver:1,0.0,1.0,0.0,0.0,0.0,0.0,0.0,0.0,0.0
test,3261,4,IL|HL|PEG|CH,0.5|0.1|0.015|0.385,bone_marrow,bone_marrow:1,0.0,0.0,0.0,0.0,1.0,0.0,0.0,0.0,0.0
test,1205,4,IL|HL|PEG|CH,0.434261|0.303439|0.0101608|0.25214,lung_epithelium,lung_epithelium:1,1.0,0.0,0.0,0.0,0.0,0.0,0.0,0.0,0.0
test,2732,4,IL|HL|PEG|CH,0.322422|0.186955|0.0278294|0.462793,lung_epithelium,lung_epithelium:1,1.0,0.0,0.0,0.0,0.0,0.0,0.0,0.0,0.0
test,3292,4,IL|HL|PEG|CH,0.5|0.1|0.015|0.385,ear,ear:1,0.0,0.0,0.0,0.0,0.0,0.0,0.0,0.0,1.0
test,1827,4,IL|HL|PEG|CH,0.554271|0.155743|0.0112206|0.278765,lung_epithelium,lung_epithelium:1,1.0,0.0,0.0,0.0,0.0,0.0,0.0,0.0,0.0
test,1155,4,IL|HL|PEG|CH,0.389542|0.0997227|0.0100735|0.500662,lung_epithelium,lung_epithelium:1,1.0,0.0,0.0,0.0,0.0,0.0,0.0,0.0,0.0
test,1324,4,IL|HL|PEG|CH,0.349676|0.160392|0.0249948|0.464938,lung_epithelium,lung_epithelium:1,1.0,0.0,0.0,0.0,0.0,0.0,0.0,0.0,0.0
test,216,4,IL|HL|PEG|CH,0.35|0.16|0.025|0.465,liver,liver:1,0.0,1.0,0.0,0.0,0.0,0.0,0.0,0.0,0.0
test,510,4,IL|HL|PEG|CH,0.35|0.16|0.025|0.465,liver,liver:1,0.0,1.0,0.0,0.0,0.0,0.0,0.0,0.0,0.0
test,1680,4,IL|HL|PEG|CH,0.561161|0.109768|0.0109605|0.318111,lung_epithelium,lung_epithelium:1,1.0,0.0,0.0,0.0,0.0,0.0,0.0,0.0,0.0
test,499,4,IL|HL|PEG|CH,0.35|0.16|0.025|0.465,liver,liver:1,0.0,1.0,0.0,0.0,0.0,0.0,0.0,0.0,0.0
test,2785,4,IL|HL|PEG|CH,0.45046|0.0857895|0.00897103|0.45478,lung_epithelium,lung_epithelium:1,1.0,0.0,0.0,0.0,0.0,0.0,0.0,0.0,0.0
test,1856,4,IL|HL|PEG|CH,0.309637|0.106425|0.0530099|0.530929,lung_epithelium,lung_epithelium:1,1.0,0.0,0.0,0.0,0.0,0.0,0.0,0.0,0.0
test,1388,4,IL|HL|PEG|CH,0.356215|0.151695|0.0251049|0.466985,lung_epithelium,lung_epithelium:1,1.0,0.0,0.0,0.0,0.0,0.0,0.0,0.0,0.0
test,1519,4,IL|HL|PEG|CH,0.406942|0.287165|0.050853|0.25504,lung_epithelium,lung_epithelium:1,1.0,0.0,0.0,0.0,0.0,0.0,0.0,0.0,0.0
test,2386,4,IL|HL|PEG|CH,0.447356|0.178148|0.0447966|0.329699,lung_epithelium,lung_epithelium:1,1.0,0.0,0.0,0.0,0.0,0.0,0.0,0.0,0.0
test,3004,4,IL|HL|PEG|CH,0.329023|0.223126|0.0184919|0.429359,liver,liver:1,0.0,1.0,0.0,0.0,0.0,0.0,0.0,0.0,0.0
test,2076,4,IL|HL|PEG|CH,0.352283|0.278778|0.0249834|0.343956,lung_epithelium,lung_epithelium:1,1.0,0.0,0.0,0.0,0.0,0.0,0.0,0.0,0.0
test,1540,4,IL|HL|PEG|CH,0.19521|0.302062|0.00996371|0.492764,lung_epithelium,lung_epithelium:1,1.0,0.0,0.0,0.0,0.0,0.0,0.0,0.0,0.0
test,1217,4,IL|HL|PEG|CH,0.387709|0.197376|0.0496315|0.365283,lung_epithelium,lung_epithelium:1,1.0,0.0,0.0,0.0,0.0,0.0,0.0,0.0,0.0
test,2681,4,IL|HL|PEG|CH,0.505789|0.264567|0.00874825|0.220897,lung_epithelium,lung_epithelium:1,1.0,0.0,0.0,0.0,0.0,0.0,0.0,0.0,0.0
test,1416,4,IL|HL|PEG|CH,0.243156|0.421242|0.0108683|0.324733,lung_epithelium,lung_epithelium:1,1.0,0.0,0.0,0.0,0.0,0.0,0.0,0.0,0.0
test,2217,4,IL|HL|PEG|CH,0.362388|0.318897|0.0532177|0.265497,lung_epithelium,lung_epithelium:1,1.0,0.0,0.0,0.0,0.0,0.0,0.0,0.0,0.0
test,2781,4,IL|HL|PEG|CH,0.448077|0.090625|0.00892358|0.452374,lung_epithelium,lung_epithelium:1,1.0,0.0,0.0,0.0,0.0,0.0,0.0,0.0,0.0
test,1676,4,IL|HL|PEG|CH,0.31425|0.295147|0.0264504|0.364152,lung_epithelium,lung_epithelium:1,1.0,0.0,0.0,0.0,0.0,0.0,0.0,0.0,0.0
test,1197,4,IL|HL|PEG|CH,0.594823|0.101348|0.0101197|0.293709,lung_epithelium,lung_epithelium:1,1.0,0.0,0.0,0.0,0.0,0.0,0.0,0.0,0.0
test,1542,4,IL|HL|PEG|CH,0.498737|0.102068|0.0303948|0.3688,lung_epithelium,lung_epithelium:1,1.0,0.0,0.0,0.0,0.0,0.0,0.0,0.0,0.0
test,2539,4,IL|HL|PEG|CH,0.442245|0.179796|0.045211|0.332748,lung_epithelium,lung_epithelium:1,1.0,0.0,0.0,0.0,0.0,0.0,0.0,0.0,0.0
test,953,4,IL|HL|PEG|CH,0.5|0.1|0.015|0.385,liver,liver:0.5 + spleen:0.5,0.0,0.5,0.0,0.5,0.0,0.0,0.0,0.0,0.0
test,2635,4,IL|HL|PEG|CH,0.664901|0.0834545|0.0418059|0.209838,lung_epithelium,lung_epithelium:1,1.0,0.0,0.0,0.0,0.0,0.0,0.0,0.0,0.0
test,750,3,IL|HL|CH,0.406091|0.304569|0.28934,muscle,muscle:1,0.0,0.0,1.0,0.0,0.0,0.0,0.0,0.0,0.0
test,2705,4,IL|HL|PEG|CH,0.2575|0.278602|0.0465443|0.417353,lung_epithelium,lung_epithelium:1,1.0,0.0,0.0,0.0,0.0,0.0,0.0,0.0,0.0
test,234,4,IL|HL|PEG|CH,0.35|0.16|0.025|0.465,liver,liver:1,0.0,1.0,0.0,0.0,0.0,0.0,0.0,0.0,0.0
test,732,3,IL|HL|CH,0.406091|0.304569|0.28934,muscle,muscle:1,0.0,0.0,1.0,0.0,0.0,0.0,0.0,0.0,0.0
test,3303,4,IL|HL|PEG|CH,0.333333|0.133333|0.02|0.513333,ear,ear:1,0.0,0.0,0.0,0.0,0.0,0.0,0.0,0.0,1.0
test,1156,4,IL|HL|PEG|CH,0.199975|0.267928|0.0319144|0.500183,lung_epithelium,lung_epithelium:1,1.0,0.0,0.0,0.0,0.0,0.0,0.0,0.0,0.0
test,2840,4,IL|HL|PEG|CH,0.385622|0.264429|0.0236975|0.326252,lung_epithelium,lung_epithelium:1,1.0,0.0,0.0,0.0,0.0,0.0,0.0,0.0,0.0
test,2445,4,IL|HL|PEG|CH,0.342882|0.365737|0.00943625|0.281944,lung_epithelium,lung_epithelium:1,1.0,0.0,0.0,0.0,0.0,0.0,0.0,0.0,0.0
test,1209,4,IL|HL|PEG|CH,0.326279|0.165973|0.0258083|0.481939,lung_epithelium,lung_epithelium:1,1.0,0.0,0.0,0.0,0.0,0.0,0.0,0.0,0.0
test,1065,4,IL|HL|PEG|CH,0.35|0.16|0.025|0.465,muscle,muscle:1,0.0,0.0,1.0,0.0,0.0,0.0,0.0,0.0,0.0
test,2156,4,IL|HL|PEG|CH,0.448678|0.295706|0.00990185|0.245715,lung_epithelium,lung_epithelium:1,1.0,0.0,0.0,0.0,0.0,0.0,0.0,0.0,0.0
test,1062,4,IL|HL|PEG|CH,0.35|0.16|0.025|0.465,muscle,muscle:1,0.0,0.0,1.0,0.0,0.0,0.0,0.0,0.0,0.0
test,2616,4,IL|HL|PEG|CH,0.257342|0.278742|0.00919448|0.454722,lung_epithelium,lung_epithelium:1,1.0,0.0,0.0,0.0,0.0,0.0,0.0,0.0,0.0
test,1167,4,IL|HL|PEG|CH,0.473431|0.282429|0.00945728|0.234683,lung_epithelium,lung_epithelium:1,1.0,0.0,0.0,0.0,0.0,0.0,0.0,0.0,0.0
test,1492,4,IL|HL|PEG|CH,0.20362|0.298905|0.0098596|0.487615,lung_epithelium,lung_epithelium:1,1.0,0.0,0.0,0.0,0.0,0.0,0.0,0.0,0.0
test,2922,4,IL|HL|PEG|CH,0.35|0.16|0.025|0.465,liver,liver:0.2 + spleen:0.2 + heart:0.2 + lung:0.2 + kidney:0.2,0.0,0.20000000298023224,0.0,0.20000000298023224,0.0,0.20000000298023224,0.20000000298023224,0.20000000298023224,0.0
test,884,4,IL|HL|PEG|CH,0.5|0.1|0.015|0.385,liver,liver:0.5 + spleen:0.5,0.0,0.5,0.0,0.5,0.0,0.0,0.0,0.0,0.0
test,143,4,IL|HL|PEG|CH,0.3|0.39|0.01|0.3,lung_epithelium,lung_epithelium:1,1.0,0.0,0.0,0.0,0.0,0.0,0.0,0.0,0.0
test,3248,4,IL|HL|PEG|CH,0.5|0.1|0.015|0.385,bone_marrow,bone_marrow:1,0.0,0.0,0.0,0.0,1.0,0.0,0.0,0.0,0.0
test,850,4,IL|HL|PEG|CH,0.5|0.1|0.015|0.385,liver,liver:0.5 + spleen:0.5,0.0,0.5,0.0,0.5,0.0,0.0,0.0,0.0,0.0
test,717,3,IL|HL|CH,0.406091|0.304569|0.28934,muscle,muscle:1,0.0,0.0,1.0,0.0,0.0,0.0,0.0,0.0,0.0
test,3137,4,IL|HL|PEG|CH,0.5|0.1|0.015|0.385,muscle,muscle:1,0.0,0.0,1.0,0.0,0.0,0.0,0.0,0.0,0.0
test,2502,4,IL|HL|PEG|CH,0.706219|0.0731644|0.0366512|0.183965,lung_epithelium,lung_epithelium:1,1.0,0.0,0.0,0.0,0.0,0.0,0.0,0.0,0.0
test,264,4,IL|HL|PEG|CH,0.35|0.16|0.025|0.465,liver,liver:1,0.0,1.0,0.0,0.0,0.0,0.0,0.0,0.0,0.0
test,75,4,IL|HL|PEG|CH,0.5|0.1|0.015|0.385,liver,liver:1,0.0,1.0,0.0,0.0,0.0,0.0,0.0,0.0,0.0
test,2492,4,IL|HL|PEG|CH,0.510571|0.262509|0.00879023|0.21813,lung_epithelium,lung_epithelium:1,1.0,0.0,0.0,0.0,0.0,0.0,0.0,0.0,0.0
test,395,4,IL|HL|PEG|CH,0.35|0.16|0.025|0.465,liver,liver:1,0.0,1.0,0.0,0.0,0.0,0.0,0.0,0.0,0.0
test,3055,4,IL|HL|PEG|CH,0.5|0.1|0.015|0.385,muscle,muscle:1,0.0,0.0,1.0,0.0,0.0,0.0,0.0,0.0,0.0
test,2224,4,IL|HL|PEG|CH,0.352354|0.106343|0.0104712|0.530832,lung_epithelium,lung_epithelium:1,1.0,0.0,0.0,0.0,0.0,0.0,0.0,0.0,0.0
test,3307,4,IL|HL|PEG|CH,0.333333|0.133333|0.02|0.513333,ear,ear:1,0.0,0.0,0.0,0.0,0.0,0.0,0.0,0.0,1.0
test,396,4,IL|HL|PEG|CH,0.35|0.16|0.025|0.465,liver,liver:1,0.0,1.0,0.0,0.0,0.0,0.0,0.0,0.0,0.0
test,1365,4,IL|HL|PEG|CH,0.399975|0.321828|0.0107766|0.267421,lung_epithelium,lung_epithelium:1,1.0,0.0,0.0,0.0,0.0,0.0,0.0,0.0,0.0
test,2761,4,IL|HL|PEG|CH,0.402182|0.0921582|0.0459037|0.459756,lung_epithelium,lung_epithelium:1,1.0,0.0,0.0,0.0,0.0,0.0,0.0,0.0,0.0
test,1903,4,IL|HL|PEG|CH,0.271976|0.405202|0.0104545|0.312368,lung_epithelium,lung_epithelium:1,1.0,0.0,0.0,0.0,0.0,0.0,0.0,0.0,0.0
test,595,3,IL|HL|CH,0.406091|0.304569|0.28934,muscle,muscle:1,0.0,0.0,1.0,0.0,0.0,0.0,0.0,0.0,0.0
test,2109,4,IL|HL|PEG|CH,0.445688|0.29674|0.00981213|0.24776,lung_epithelium,lung_epithelium:1,1.0,0.0,0.0,0.0,0.0,0.0,0.0,0.0,0.0
test,1296,4,IL|HL|PEG|CH,0.343389|0.161942|0.0252364|0.469432,lung_epithelium,lung_epithelium:1,1.0,0.0,0.0,0.0,0.0,0.0,0.0,0.0,0.0
test,1821,4,IL|HL|PEG|CH,0.308139|0.106337|0.0530664|0.532458,lung_epithelium,lung_epithelium:1,1.0,0.0,0.0,0.0,0.0,0.0,0.0,0.0,0.0
test,872,4,IL|HL|PEG|CH,0.5|0.1|0.015|0.385,liver,liver:0.5 + spleen:0.5,0.0,0.5,0.0,0.5,0.0,0.0,0.0,0.0,0.0
test,3214,4,IL|HL|PEG|CH,0.5|0.1|0.015|0.385,bone_marrow,bone_marrow:1,0.0,0.0,0.0,0.0,1.0,0.0,0.0,0.0,0.0
test,2326,4,IL|HL|PEG|CH,0.502514|0.26683|0.00893494|0.221721,lung_epithelium,lung_epithelium:1,1.0,0.0,0.0,0.0,0.0,0.0,0.0,0.0,0.0
test,1548,4,IL|HL|PEG|CH,0.262241|0.203561|0.0303012|0.503898,lung_epithelium,lung_epithelium:1,1.0,0.0,0.0,0.0,0.0,0.0,0.0,0.0,0.0
test,36,4,IL|HL|PEG|CH,0.5|0.1|0.015|0.385,liver,liver:1,0.0,1.0,0.0,0.0,0.0,0.0,0.0,0.0,0.0
test,2710,4,IL|HL|PEG|CH,0.469329|0.086689|0.00875694|0.435225,lung_epithelium,lung_epithelium:1,1.0,0.0,0.0,0.0,0.0,0.0,0.0,0.0,0.0
test,2791,4,IL|HL|PEG|CH,0.461814|0.084017|0.00878568|0.445383,lung_epithelium,lung_epithelium:1,1.0,0.0,0.0,0.0,0.0,0.0,0.0,0.0,0.0
test,2143,4,IL|HL|PEG|CH,0.455239|0.291627|0.00964305|0.243491,lung_epithelium,lung_epithelium:1,1.0,0.0,0.0,0.0,0.0,0.0,0.0,0.0,0.0
test,2822,4,IL|HL|PEG|CH,0.278904|0.169912|0.0281196|0.523064,lung_epithelium,lung_epithelium:1,1.0,0.0,0.0,0.0,0.0,0.0,0.0,0.0,0.0
test,977,4,IL|HL|PEG|CH,0.5|0.1|0.015|0.385,liver,liver:0.5 + spleen:0.5,0.0,0.5,0.0,0.5,0.0,0.0,0.0,0.0,0.0
test,1571,4,IL|HL|PEG|CH,0.237115|0.210493|0.0313332|0.521059,lung_epithelium,lung_epithelium:1,1.0,0.0,0.0,0.0,0.0,0.0,0.0,0.0,0.0
test,1122,4,IL|HL|PEG|CH,0.35|0.16|0.025|0.465,lung_epithelium,lung_epithelium:1,1.0,0.0,0.0,0.0,0.0,0.0,0.0,0.0,0.0
test,2239,4,IL|HL|PEG|CH,0.319342|0.104929|0.0522646|0.523465,lung_epithelium,lung_epithelium:1,1.0,0.0,0.0,0.0,0.0,0.0,0.0,0.0,0.0
test,2504,4,IL|HL|PEG|CH,0.557268|0.237008|0.007837|0.197887,lung_epithelium,lung_epithelium:1,1.0,0.0,0.0,0.0,0.0,0.0,0.0,0.0,0.0
test,1892,4,IL|HL|PEG|CH,0.170897|0.311097|0.0519731|0.466032,lung_epithelium,lung_epithelium:1,1.0,0.0,0.0,0.0,0.0,0.0,0.0,0.0,0.0
test,675,3,IL|HL|CH,0.406091|0.304569|0.28934,muscle,muscle:1,0.0,0.0,1.0,0.0,0.0,0.0,0.0,0.0,0.0
test,728,3,IL|HL|CH,0.406091|0.304569|0.28934,muscle,muscle:1,0.0,0.0,1.0,0.0,0.0,0.0,0.0,0.0,0.0
test,412,4,IL|HL|PEG|CH,0.35|0.16|0.025|0.465,liver,liver:1,0.0,1.0,0.0,0.0,0.0,0.0,0.0,0.0,0.0
test,1516,4,IL|HL|PEG|CH,0.199608|0.300411|0.00990926|0.490071,lung_epithelium,lung_epithelium:1,1.0,0.0,0.0,0.0,0.0,0.0,0.0,0.0,0.0
test,1649,4,IL|HL|PEG|CH,0.363788|0.318197|0.0531009|0.264914,lung_epithelium,lung_epithelium:1,1.0,0.0,0.0,0.0,0.0,0.0,0.0,0.0,0.0
test,825,4,IL|HL|PEG|CH,0.238095|0.238095|0.047619|0.47619,liver,liver:1,0.0,1.0,0.0,0.0,0.0,0.0,0.0,0.0,0.0
test,616,3,IL|HL|CH,0.406091|0.304569|0.28934,muscle,muscle:1,0.0,0.0,1.0,0.0,0.0,0.0,0.0,0.0,0.0
test,114,4,IL|HL|PEG|CH,0.3|0.39|0.01|0.3,lung_epithelium,lung_epithelium:0.5 + muscle:0.5,0.5,0.0,0.5,0.0,0.0,0.0,0.0,0.0,0.0
test,417,4,IL|HL|PEG|CH,0.35|0.16|0.025|0.465,liver,liver:1,0.0,1.0,0.0,0.0,0.0,0.0,0.0,0.0,0.0
test,1625,4,IL|HL|PEG|CH,0.242194|0.421778|0.0108821|0.325146,lung_epithelium,lung_epithelium:1,1.0,0.0,0.0,0.0,0.0,0.0,0.0,0.0,0.0
test,2652,4,IL|HL|PEG|CH,0.238933|0.285651|0.0094224|0.465993,lung_epithelium,lung_epithelium:1,1.0,0.0,0.0,0.0,0.0,0.0,0.0,0.0,0.0
test,3244,4,IL|HL|PEG|CH,0.5|0.1|0.015|0.385,bone_marrow,bone_marrow:1,0.0,0.0,0.0,0.0,1.0,0.0,0.0,0.0,0.0
test,89,4,IL|HL|PEG|CH,0.5|0.1|0.015|0.385,liver,liver:1,0.0,1.0,0.0,0.0,0.0,0.0,0.0,0.0,0.0
test,2082,4,IL|HL|PEG|CH,0.602936|0.099412|0.0497521|0.2479,lung_epithelium,lung_epithelium:1,1.0,0.0,0.0,0.0,0.0,0.0,0.0,0.0,0.0
test,753,3,IL|HL|CH,0.406091|0.304569|0.28934,muscle,muscle:1,0.0,0.0,1.0,0.0,0.0,0.0,0.0,0.0,0.0
test,2546,4,IL|HL|PEG|CH,0.503516|0.265783|0.00878848|0.221912,lung_epithelium,lung_epithelium:1,1.0,0.0,0.0,0.0,0.0,0.0,0.0,0.0,0.0
test,1630,4,IL|HL|PEG|CH,0.562218|0.109606|0.0548541|0.273322,lung_epithelium,lung_epithelium:1,1.0,0.0,0.0,0.0,0.0,0.0,0.0,0.0,0.0
test,11,4,IL|HL|PEG|CH,0.5|0.1|0.015|0.385,liver,liver:1,0.0,1.0,0.0,0.0,0.0,0.0,0.0,0.0,0.0
test,2444,4,IL|HL|PEG|CH,0.428897|0.245803|0.0220283|0.303271,lung_epithelium,lung_epithelium:1,1.0,0.0,0.0,0.0,0.0,0.0,0.0,0.0,0.0
test,284,4,IL|HL|PEG|CH,0.35|0.16|0.025|0.465,liver,liver:1,0.0,1.0,0.0,0.0,0.0,0.0,0.0,0.0,0.0
test,1066,4,IL|HL|PEG|CH,0.35|0.16|0.025|0.465,muscle,muscle:1,0.0,0.0,1.0,0.0,0.0,0.0,0.0,0.0,0.0
test,1191,4,IL|HL|PEG|CH,0.411798|0.315487|0.0105642|0.262151,lung_epithelium,lung_epithelium:1,1.0,0.0,0.0,0.0,0.0,0.0,0.0,0.0,0.0
test,1440,4,IL|HL|PEG|CH,0.248855|0.418071|0.0107865|0.322288,lung_epithelium,lung_epithelium:1,1.0,0.0,0.0,0.0,0.0,0.0,0.0,0.0,0.0
test,3095,4,IL|HL|PEG|CH,0.5|0.1|0.015|0.385,muscle,muscle:1,0.0,0.0,1.0,0.0,0.0,0.0,0.0,0.0,0.0
test,3094,4,IL|HL|PEG|CH,0.5|0.1|0.015|0.385,muscle,muscle:1,0.0,0.0,1.0,0.0,0.0,0.0,0.0,0.0,0.0
test,2738,4,IL|HL|PEG|CH,0.245078|0.252823|0.0301151|0.471984,lung_epithelium,lung_epithelium:1,1.0,0.0,0.0,0.0,0.0,0.0,0.0,0.0,0.0
test,2991,4,IL|HL|PEG|CH,0.345117|0.217774|0.0180484|0.41906,liver,liver:1,0.0,1.0,0.0,0.0,0.0,0.0,0.0,0.0,0.0
test,1568,4,IL|HL|PEG|CH,0.342737|0.211873|0.053277|0.392113,lung_epithelium,lung_epithelium:1,1.0,0.0,0.0,0.0,0.0,0.0,0.0,0.0,0.0
test,2427,4,IL|HL|PEG|CH,0.480582|0.081087|0.00847929|0.429851,lung_epithelium,lung_epithelium:1,1.0,0.0,0.0,0.0,0.0,0.0,0.0,0.0,0.0
test,2737,4,IL|HL|PEG|CH,0.453181|0.0893268|0.00902339|0.448469,lung_epithelium,lung_epithelium:1,1.0,0.0,0.0,0.0,0.0,0.0,0.0,0.0,0.0
test,2844,4,IL|HL|PEG|CH,0.378927|0.26731|0.0239558|0.329807,lung_epithelium,lung_epithelium:1,1.0,0.0,0.0,0.0,0.0,0.0,0.0,0.0,0.0
test,1687,4,IL|HL|PEG|CH,0.362396|0.318893|0.0532171|0.265494,lung_epithelium,lung_epithelium:1,1.0,0.0,0.0,0.0,0.0,0.0,0.0,0.0,0.0
test,851,4,IL|HL|PEG|CH,0.5|0.1|0.015|0.385,liver,liver:0.5 + spleen:0.5,0.0,0.5,0.0,0.5,0.0,0.0,0.0,0.0,0.0
test,2207,4,IL|HL|PEG|CH,0.351897|0.105872|0.0106948|0.531536,lung_epithelium,lung_epithelium:1,1.0,0.0,0.0,0.0,0.0,0.0,0.0,0.0,0.0
test,895,4,IL|HL|PEG|CH,0.5|0.1|0.015|0.385,liver,liver:0.5 + spleen:0.5,0.0,0.5,0.0,0.5,0.0,0.0,0.0,0.0,0.0
test,496,4,IL|HL|PEG|CH,0.35|0.16|0.025|0.465,liver,liver:1,0.0,1.0,0.0,0.0,0.0,0.0,0.0,0.0,0.0
test,2305,4,IL|HL|PEG|CH,0.668811|0.0824807|0.0413181|0.20739,lung_epithelium,lung_epithelium:1,1.0,0.0,0.0,0.0,0.0,0.0,0.0,0.0,0.0
test,1782,4,IL|HL|PEG|CH,0.286346|0.175811|0.0273381|0.510505,lung_epithelium,lung_epithelium:1,1.0,0.0,0.0,0.0,0.0,0.0,0.0,0.0,0.0
test,335,4,IL|HL|PEG|CH,0.35|0.16|0.025|0.465,liver,liver:1,0.0,1.0,0.0,0.0,0.0,0.0,0.0,0.0,0.0
test,515,4,IL|HL|PEG|CH,0.35|0.16|0.025|0.465,liver,liver:1,0.0,1.0,0.0,0.0,0.0,0.0,0.0,0.0,0.0
test,1348,4,IL|HL|PEG|CH,0.592841|0.142266|0.0102497|0.254643,lung_epithelium,lung_epithelium:1,1.0,0.0,0.0,0.0,0.0,0.0,0.0,0.0,0.0
test,1015,4,IL|HL|PEG|CH,0.35|0.16|0.025|0.465,muscle,muscle:1,0.0,0.0,1.0,0.0,0.0,0.0,0.0,0.0,0.0
test,3102,4,IL|HL|PEG|CH,0.5|0.1|0.015|0.385,muscle,muscle:1,0.0,0.0,1.0,0.0,0.0,0.0,0.0,0.0,0.0
test,3097,4,IL|HL|PEG|CH,0.5|0.1|0.015|0.385,muscle,muscle:1,0.0,0.0,1.0,0.0,0.0,0.0,0.0,0.0,0.0
test,1781,4,IL|HL|PEG|CH,0.242053|0.421857|0.0108842|0.325206,lung_epithelium,lung_epithelium:1,1.0,0.0,0.0,0.0,0.0,0.0,0.0,0.0,0.0
test,2569,4,IL|HL|PEG|CH,0.425147|0.117053|0.034857|0.422944,lung_epithelium,lung_epithelium:1,1.0,0.0,0.0,0.0,0.0,0.0,0.0,0.0,0.0
test,1785,4,IL|HL|PEG|CH,0.175856|0.309326|0.0102033|0.504615,lung_epithelium,lung_epithelium:1,1.0,0.0,0.0,0.0,0.0,0.0,0.0,0.0,0.0
test,2070,4,IL|HL|PEG|CH,0.389635|0.100221|0.00986849|0.500275,lung_epithelium,lung_epithelium:1,1.0,0.0,0.0,0.0,0.0,0.0,0.0,0.0,0.0
test,356,4,IL|HL|PEG|CH,0.35|0.16|0.025|0.465,liver,liver:1,0.0,1.0,0.0,0.0,0.0,0.0,0.0,0.0,0.0
test,3147,4,IL|HL|PEG|CH,0.4|0.3|0.015|0.285,muscle,muscle:1,0.0,0.0,1.0,0.0,0.0,0.0,0.0,0.0,0.0
test,1312,4,IL|HL|PEG|CH,0.276765|0.402536|0.0103857|0.310313,lung_epithelium,lung_epithelium:1,1.0,0.0,0.0,0.0,0.0,0.0,0.0,0.0,0.0
test,1635,4,IL|HL|PEG|CH,0.363265|0.318458|0.0531445|0.265132,lung_epithelium,lung_epithelium:1,1.0,0.0,0.0,0.0,0.0,0.0,0.0,0.0,0.0
test,550,3,IL|HL|CH,0.406091|0.304569|0.28934,muscle,muscle:1,0.0,0.0,1.0,0.0,0.0,0.0,0.0,0.0,0.0
test,2388,4,IL|HL|PEG|CH,0.508539|0.263599|0.00882672|0.219035,lung_epithelium,lung_epithelium:1,1.0,0.0,0.0,0.0,0.0,0.0,0.0,0.0,0.0
test,2479,4,IL|HL|PEG|CH,0.417126|0.143756|0.0224024|0.416715,lung_epithelium,lung_epithelium:1,1.0,0.0,0.0,0.0,0.0,0.0,0.0,0.0,0.0
test,2521,4,IL|HL|PEG|CH,0.455883|0.263467|0.0466565|0.233994,lung_epithelium,lung_epithelium:1,1.0,0.0,0.0,0.0,0.0,0.0,0.0,0.0,0.0
test,2265,4,IL|HL|PEG|CH,0.360358|0.309721|0.0548475|0.275074,lung_epithelium,lung_epithelium:1,1.0,0.0,0.0,0.0,0.0,0.0,0.0,0.0,0.0
test,1227,4,IL|HL|PEG|CH,0.574124|0.106625|0.0533622|0.265888,lung_epithelium,lung_epithelium:1,1.0,0.0,0.0,0.0,0.0,0.0,0.0,0.0,0.0
test,2957,4,IL|HL|PEG|CH,0.333333|0.133333|0.02|0.513333,ear,ear:1,0.0,0.0,0.0,0.0,0.0,0.0,0.0,0.0,1.0
test,957,4,IL|HL|PEG|CH,0.5|0.1|0.015|0.385,liver,liver:0.5 + spleen:0.5,0.0,0.5,0.0,0.5,0.0,0.0,0.0,0.0,0.0
test,1773,4,IL|HL|PEG|CH,0.466751|0.108581|0.0323343|0.392334,lung_epithelium,lung_epithelium:1,1.0,0.0,0.0,0.0,0.0,0.0,0.0,0.0,0.0
test,2141,4,IL|HL|PEG|CH,0.614789|0.0959347|0.0480578|0.241218,lung_epithelium,lung_epithelium:1,1.0,0.0,0.0,0.0,0.0,0.0,0.0,0.0,0.0
test,1008,4,IL|HL|PEG|CH,0.35|0.16|0.025|0.465,muscle,muscle:1,0.0,0.0,1.0,0.0,0.0,0.0,0.0,0.0,0.0
test,1092,4,IL|HL|PEG|CH,0.35|0.16|0.025|0.465,muscle,muscle:1,0.0,0.0,1.0,0.0,0.0,0.0,0.0,0.0,0.0
test,2951,4,IL|HL|PEG|CH,0.333333|0.133333|0.02|0.513333,ear,ear:1,0.0,0.0,0.0,0.0,0.0,0.0,0.0,0.0,1.0
test,2744,4,IL|HL|PEG|CH,0.509835|0.2624|0.00867663|0.219088,lung_epithelium,lung_epithelium:1,1.0,0.0,0.0,0.0,0.0,0.0,0.0,0.0,0.0
test,996,4,IL|HL|PEG|CH,0.35|0.16|0.025|0.465,muscle,muscle:1,0.0,0.0,1.0,0.0,0.0,0.0,0.0,0.0,0.0
test,1679,4,IL|HL|PEG|CH,0.313834|0.105461|0.0526296|0.528075,lung_epithelium,lung_epithelium:1,1.0,0.0,0.0,0.0,0.0,0.0,0.0,0.0,0.0
test,153,4,IL|HL|PEG|CH,0.35|0.16|0.025|0.465,liver,liver:1,0.0,1.0,0.0,0.0,0.0,0.0,0.0,0.0,0.0
test,3075,4,IL|HL|PEG|CH,0.5|0.1|0.015|0.385,muscle,muscle:1,0.0,0.0,1.0,0.0,0.0,0.0,0.0,0.0,0.0
test,580,3,IL|HL|CH,0.406091|0.304569|0.28934,muscle,muscle:1,0.0,0.0,1.0,0.0,0.0,0.0,0.0,0.0,0.0
test,1470,4,IL|HL|PEG|CH,0.498737|0.102068|0.0303948|0.3688,lung_epithelium,lung_epithelium:1,1.0,0.0,0.0,0.0,0.0,0.0,0.0,0.0,0.0
test,703,3,IL|HL|CH,0.406091|0.304569|0.28934,muscle,muscle:1,0.0,0.0,1.0,0.0,0.0,0.0,0.0,0.0,0.0
test,1212,4,IL|HL|PEG|CH,0.204803|0.298461|0.00984495|0.486891,lung_epithelium,lung_epithelium:1,1.0,0.0,0.0,0.0,0.0,0.0,0.0,0.0,0.0
test,896,4,IL|HL|PEG|CH,0.5|0.1|0.015|0.385,liver,liver:0.5 + spleen:0.5,0.0,0.5,0.0,0.5,0.0,0.0,0.0,0.0,0.0
test,487,4,IL|HL|PEG|CH,0.35|0.16|0.025|0.465,liver,liver:1,0.0,1.0,0.0,0.0,0.0,0.0,0.0,0.0,0.0
test,559,3,IL|HL|CH,0.406091|0.304569|0.28934,muscle,muscle:1,0.0,0.0,1.0,0.0,0.0,0.0,0.0,0.0,0.0
test,1141,4,IL|HL|PEG|CH,0.200011|0.30026|0.00990427|0.489825,lung_epithelium,lung_epithelium:1,1.0,0.0,0.0,0.0,0.0,0.0,0.0,0.0,0.0
test,1119,4,IL|HL|PEG|CH,0.35|0.16|0.025|0.465,lung_epithelium,lung_epithelium:1,1.0,0.0,0.0,0.0,0.0,0.0,0.0,0.0,0.0
test,512,4,IL|HL|PEG|CH,0.35|0.16|0.025|0.465,liver,liver:1,0.0,1.0,0.0,0.0,0.0,0.0,0.0,0.0,0.0
test,633,3,IL|HL|CH,0.406091|0.304569|0.28934,muscle,muscle:1,0.0,0.0,1.0,0.0,0.0,0.0,0.0,0.0,0.0
test,2852,4,IL|HL|PEG|CH,0.360168|0.275384|0.0246793|0.339769,lung_epithelium,lung_epithelium:1,1.0,0.0,0.0,0.0,0.0,0.0,0.0,0.0,0.0
test,1664,4,IL|HL|PEG|CH,0.403594|0.319887|0.0107116|0.265807,lung_epithelium,lung_epithelium:1,1.0,0.0,0.0,0.0,0.0,0.0,0.0,0.0,0.0
test,1012,4,IL|HL|PEG|CH,0.35|0.16|0.025|0.465,muscle,muscle:1,0.0,0.0,1.0,0.0,0.0,0.0,0.0,0.0,0.0
test,1931,4,IL|HL|PEG|CH,0.310928|0.258629|0.00853107|0.421912,lung_epithelium,lung_epithelium:1,1.0,0.0,0.0,0.0,0.0,0.0,0.0,0.0,0.0
test,1150,4,IL|HL|PEG|CH,0.200143|0.300124|0.0501398|0.449593,lung_epithelium,lung_epithelium:1,1.0,0.0,0.0,0.0,0.0,0.0,0.0,0.0,0.0
test,2838,4,IL|HL|PEG|CH,0.392557|0.261444|0.02343|0.322569,lung_epithelium,lung_epithelium:1,1.0,0.0,0.0,0.0,0.0,0.0,0.0,0.0,0.0
test,3186,4,IL|HL|PEG|CH,0.5|0.1|0.015|0.385,bone_marrow,bone_marrow:1,0.0,0.0,0.0,0.0,1.0,0.0,0.0,0.0,0.0
test,116,4,IL|HL|PEG|CH,0.3|0.39|0.01|0.3,lung_epithelium,lung_epithelium:0.5 + muscle:0.5,0.5,0.0,0.5,0.0,0.0,0.0,0.0,0.0,0.0
test,740,3,IL|HL|CH,0.406091|0.304569|0.28934,muscle,muscle:1,0.0,0.0,1.0,0.0,0.0,0.0,0.0,0.0,0.0
test,3051,4,IL|HL|PEG|CH,0.5|0.1|0.015|0.385,muscle,muscle:1,0.0,0.0,1.0,0.0,0.0,0.0,0.0,0.0,0.0
test,1974,4,IL|HL|PEG|CH,0.565561|0.108769|0.0544352|0.271234,lung_epithelium,lung_epithelium:1,1.0,0.0,0.0,0.0,0.0,0.0,0.0,0.0,0.0
test,1081,4,IL|HL|PEG|CH,0.35|0.16|0.025|0.465,muscle,muscle:1,0.0,0.0,1.0,0.0,0.0,0.0,0.0,0.0,0.0
test,1810,4,IL|HL|PEG|CH,0.554196|0.111615|0.0558592|0.27833,lung_epithelium,lung_epithelium:1,1.0,0.0,0.0,0.0,0.0,0.0,0.0,0.0,0.0
test,830,4,IL|HL|PEG|CH,0.5|0.1|0.015|0.385,liver,liver:0.5 + spleen:0.5,0.0,0.5,0.0,0.5,0.0,0.0,0.0,0.0,0.0
test,119,4,IL|HL|PEG|CH,0.3|0.39|0.01|0.3,lung_epithelium,lung_epithelium:1,1.0,0.0,0.0,0.0,0.0,0.0,0.0,0.0,0.0
test,656,3,IL|HL|CH,0.406091|0.304569|0.28934,muscle,muscle:1,0.0,0.0,1.0,0.0,0.0,0.0,0.0,0.0,0.0
test,3016,4,IL|HL|PEG|CH,0.334606|0.221269|0.018338|0.425786,liver,liver:1,0.0,1.0,0.0,0.0,0.0,0.0,0.0,0.0,0.0
test,2970,4,IL|HL|PEG|CH,0.336854|0.220522|0.0182761|0.424348,liver,liver:1,0.0,1.0,0.0,0.0,0.0,0.0,0.0,0.0,0.0
test,3235,4,IL|HL|PEG|CH,0.5|0.1|0.015|0.385,bone_marrow,bone_marrow:1,0.0,0.0,0.0,0.0,1.0,0.0,0.0,0.0,0.0
test,635,3,IL|HL|CH,0.406091|0.304569|0.28934,muscle,muscle:1,0.0,0.0,1.0,0.0,0.0,0.0,0.0,0.0,0.0
test,369,4,IL|HL|PEG|CH,0.35|0.16|0.025|0.465,liver,liver:1,0.0,1.0,0.0,0.0,0.0,0.0,0.0,0.0,0.0
test,268,4,IL|HL|PEG|CH,0.35|0.16|0.025|0.465,liver,liver:1,0.0,1.0,0.0,0.0,0.0,0.0,0.0,0.0,0.0
test,2703,4,IL|HL|PEG|CH,0.435402|0.133036|0.0220169|0.409544,lung_epithelium,lung_epithelium:1,1.0,0.0,0.0,0.0,0.0,0.0,0.0,0.0,0.0
test,46,4,IL|HL|PEG|CH,0.5|0.1|0.015|0.385,liver,liver:1,0.0,1.0,0.0,0.0,0.0,0.0,0.0,0.0,0.0
test,991,4,IL|HL|PEG|CH,0.35|0.16|0.025|0.465,muscle,muscle:1,0.0,0.0,1.0,0.0,0.0,0.0,0.0,0.0,0.0
test,876,4,IL|HL|PEG|CH,0.5|0.1|0.015|0.385,liver,liver:0.5 + spleen:0.5,0.0,0.5,0.0,0.5,0.0,0.0,0.0,0.0,0.0
test,773,3,IL|HL|CH,0.406091|0.304569|0.28934,muscle,muscle:1,0.0,0.0,1.0,0.0,0.0,0.0,0.0,0.0,0.0
test,1219,4,IL|HL|PEG|CH,0.447338|0.296424|0.00992591|0.246312,lung_epithelium,lung_epithelium:1,1.0,0.0,0.0,0.0,0.0,0.0,0.0,0.0,0.0
test,1126,4,IL|HL|PEG|CH,0.35|0.16|0.025|0.465,lung_epithelium,lung_epithelium:1,1.0,0.0,0.0,0.0,0.0,0.0,0.0,0.0,0.0
test,4,4,IL|HL|PEG|CH,0.5|0.1|0.015|0.385,liver,liver:1,0.0,1.0,0.0,0.0,0.0,0.0,0.0,0.0,0.0
test,1595,4,IL|HL|PEG|CH,0.344357|0.161703|0.0251992|0.468741,lung_epithelium,lung_epithelium:1,1.0,0.0,0.0,0.0,0.0,0.0,0.0,0.0,0.0
test,2311,4,IL|HL|PEG|CH,0.423805|0.135769|0.0224691|0.417957,lung_epithelium,lung_epithelium:1,1.0,0.0,0.0,0.0,0.0,0.0,0.0,0.0,0.0
test,3168,4,IL|HL|PEG|CH,0.5|0.1|0.015|0.385,bone_marrow,bone_marrow:1,0.0,0.0,0.0,0.0,1.0,0.0,0.0,0.0,0.0
test,2491,4,IL|HL|PEG|CH,0.470003|0.265074|0.0442358|0.220687,lung_epithelium,lung_epithelium:1,1.0,0.0,0.0,0.0,0.0,0.0,0.0,0.0,0.0
test,1077,4,IL|HL|PEG|CH,0.35|0.16|0.025|0.465,muscle,muscle:1,0.0,0.0,1.0,0.0,0.0,0.0,0.0,0.0,0.0
test,837,4,IL|HL|PEG|CH,0.5|0.1|0.015|0.385,liver,liver:0.5 + spleen:0.5,0.0,0.5,0.0,0.5,0.0,0.0,0.0,0.0,0.0
test,681,3,IL|HL|CH,0.406091|0.304569|0.28934,muscle,muscle:1,0.0,0.0,1.0,0.0,0.0,0.0,0.0,0.0,0.0
test,1715,4,IL|HL|PEG|CH,0.242751|0.421468|0.0108741|0.324907,lung_epithelium,lung_epithelium:1,1.0,0.0,0.0,0.0,0.0,0.0,0.0,0.0,0.0
test,2352,4,IL|HL|PEG|CH,0.423841|0.247979|0.0222233|0.305956,lung_epithelium,lung_epithelium:1,1.0,0.0,0.0,0.0,0.0,0.0,0.0,0.0,0.0
test,2617,4,IL|HL|PEG|CH,0.675736|0.0811851|0.0406302|0.202448,lung_epithelium,lung_epithelium:1,1.0,0.0,0.0,0.0,0.0,0.0,0.0,0.0,0.0
test,2361,4,IL|HL|PEG|CH,0.672127|0.114563|0.00825374|0.205056,lung_epithelium,lung_epithelium:1,1.0,0.0,0.0,0.0,0.0,0.0,0.0,0.0,0.0
test,2197,4,IL|HL|PEG|CH,0.56082|0.153455|0.0110558|0.27467,lung_epithelium,lung_epithelium:1,1.0,0.0,0.0,0.0,0.0,0.0,0.0,0.0,0.0
test,1148,4,IL|HL|PEG|CH,0.440012|0.300354|0.0100575|0.249577,lung_epithelium,lung_epithelium:1,1.0,0.0,0.0,0.0,0.0,0.0,0.0,0.0,0.0
test,574,3,IL|HL|CH,0.406091|0.304569|0.28934,muscle,muscle:1,0.0,0.0,1.0,0.0,0.0,0.0,0.0,0.0,0.0
test,50,4,IL|HL|PEG|CH,0.5|0.1|0.015|0.385,liver,liver:1,0.0,1.0,0.0,0.0,0.0,0.0,0.0,0.0,0.0
test,853,4,IL|HL|PEG|CH,0.5|0.1|0.015|0.385,liver,liver:0.5 + spleen:0.5,0.0,0.5,0.0,0.5,0.0,0.0,0.0,0.0,0.0
test,1982,4,IL|HL|PEG|CH,0.178069|0.308406|0.0515236|0.462001,lung_epithelium,lung_epithelium:1,1.0,0.0,0.0,0.0,0.0,0.0,0.0,0.0,0.0
test,2774,4,IL|HL|PEG|CH,0.239705|0.254623|0.0303295|0.475343,lung_epithelium,lung_epithelium:1,1.0,0.0,0.0,0.0,0.0,0.0,0.0,0.0,0.0
test,1823,4,IL|HL|PEG|CH,0.171612|0.310919|0.0102559|0.507214,lung_epithelium,lung_epithelium:1,1.0,0.0,0.0,0.0,0.0,0.0,0.0,0.0,0.0
test,833,4,IL|HL|PEG|CH,0.5|0.1|0.015|0.385,liver,liver:0.5 + spleen:0.5,0.0,0.5,0.0,0.5,0.0,0.0,0.0,0.0,0.0
test,1115,4,IL|HL|PEG|CH,0.35|0.16|0.025|0.465,lung_epithelium,lung_epithelium:1,1.0,0.0,0.0,0.0,0.0,0.0,0.0,0.0,0.0
test,1166,4,IL|HL|PEG|CH,0.433201|0.28348|0.0473074|0.236011,lung_epithelium,lung_epithelium:1,1.0,0.0,0.0,0.0,0.0,0.0,0.0,0.0,0.0
test,2518,4,IL|HL|PEG|CH,0.233429|0.287717|0.00949055|0.469364,lung_epithelium,lung_epithelium:1,1.0,0.0,0.0,0.0,0.0,0.0,0.0,0.0,0.0
test,1906,4,IL|HL|PEG|CH,0.600056|0.100039|0.00998902|0.289916,lung_epithelium,lung_epithelium:1,1.0,0.0,0.0,0.0,0.0,0.0,0.0,0.0,0.0
test,971,4,IL|HL|PEG|CH,0.5|0.1|0.015|0.385,liver,liver:0.5 + spleen:0.5,0.0,0.5,0.0,0.5,0.0,0.0,0.0,0.0,0.0
test,2701,4,IL|HL|PEG|CH,0.473626|0.0859869|0.00868602|0.431701,lung_epithelium,lung_epithelium:1,1.0,0.0,0.0,0.0,0.0,0.0,0.0,0.0,0.0
test,399,4,IL|HL|PEG|CH,0.35|0.16|0.025|0.465,liver,liver:1,0.0,1.0,0.0,0.0,0.0,0.0,0.0,0.0,0.0
test,2559,4,IL|HL|PEG|CH,0.53734|0.248151|0.00830945|0.206199,lung_epithelium,lung_epithelium:1,1.0,0.0,0.0,0.0,0.0,0.0,0.0,0.0,0.0
test,2368,4,IL|HL|PEG|CH,0.423659|0.0888473|0.0442546|0.443239,lung_epithelium,lung_epithelium:1,1.0,0.0,0.0,0.0,0.0,0.0,0.0,0.0,0.0
test,19,4,IL|HL|PEG|CH,0.5|0.1|0.015|0.385,liver,liver:1,0.0,1.0,0.0,0.0,0.0,0.0,0.0,0.0,0.0
test,684,3,IL|HL|CH,0.406091|0.304569|0.28934,muscle,muscle:1,0.0,0.0,1.0,0.0,0.0,0.0,0.0,0.0,0.0
test,35,4,IL|HL|PEG|CH,0.5|0.1|0.015|0.385,liver,liver:1,0.0,1.0,0.0,0.0,0.0,0.0,0.0,0.0,0.0
test,3123,4,IL|HL|PEG|CH,0.5|0.1|0.015|0.385,muscle,muscle:1,0.0,0.0,1.0,0.0,0.0,0.0,0.0,0.0,0.0
test,2875,4,IL|HL|PEG|CH,0.418314|0.250358|0.0224365|0.308891,lung_epithelium,lung_epithelium:1,1.0,0.0,0.0,0.0,0.0,0.0,0.0,0.0,0.0
test,524,4,IL|HL|PEG|CH,0.35|0.16|0.025|0.465,liver,liver:1,0.0,1.0,0.0,0.0,0.0,0.0,0.0,0.0,0.0
test,2455,4,IL|HL|PEG|CH,0.482255|0.258946|0.0432131|0.215585,lung_epithelium,lung_epithelium:1,1.0,0.0,0.0,0.0,0.0,0.0,0.0,0.0,0.0
test,920,4,IL|HL|PEG|CH,0.5|0.1|0.015|0.385,liver,liver:0.5 + spleen:0.5,0.0,0.5,0.0,0.5,0.0,0.0,0.0,0.0,0.0
test,1841,4,IL|HL|PEG|CH,0.237724|0.424266|0.0109463|0.327064,lung_epithelium,lung_epithelium:1,1.0,0.0,0.0,0.0,0.0,0.0,0.0,0.0,0.0
test,1890,4,IL|HL|PEG|CH,0.392934|0.325605|0.010903|0.270559,lung_epithelium,lung_epithelium:1,1.0,0.0,0.0,0.0,0.0,0.0,0.0,0.0,0.0
test,537,4,IL|HL|PEG|CH,0.35|0.16|0.025|0.465,liver,liver:1,0.0,1.0,0.0,0.0,0.0,0.0,0.0,0.0,0.0
test,2806,4,IL|HL|PEG|CH,0.416978|0.137378|0.0227354|0.422909,lung_epithelium,lung_epithelium:1,1.0,0.0,0.0,0.0,0.0,0.0,0.0,0.0,0.0
test,1705,4,IL|HL|PEG|CH,0.560952|0.109343|0.0547743|0.274931,lung_epithelium,lung_epithelium:1,1.0,0.0,0.0,0.0,0.0,0.0,0.0,0.0,0.0
test,3234,4,IL|HL|PEG|CH,0.5|0.1|0.015|0.385,bone_marrow,bone_marrow:1,0.0,0.0,0.0,0.0,1.0,0.0,0.0,0.0,0.0
test,245,4,IL|HL|PEG|CH,0.35|0.16|0.025|0.465,liver,liver:1,0.0,1.0,0.0,0.0,0.0,0.0,0.0,0.0,0.0
test,784,3,IL|HL|CH,0.406091|0.304569|0.28934,muscle,muscle:1,0.0,0.0,1.0,0.0,0.0,0.0,0.0,0.0,0.0
test,1409,4,IL|HL|PEG|CH,0.386102|0.100801|0.00992561|0.503171,lung_epithelium,lung_epithelium:1,1.0,0.0,0.0,0.0,0.0,0.0,0.0,0.0,0.0
test,2537,4,IL|HL|PEG|CH,0.470154|0.256557|0.0454328|0.227857,lung_epithelium,lung_epithelium:1,1.0,0.0,0.0,0.0,0.0,0.0,0.0,0.0,0.0
test,154,4,IL|HL|PEG|CH,0.5|0.1|0.015|0.385,liver,liver:1,0.0,1.0,0.0,0.0,0.0,0.0,0.0,0.0,0.0
test,1686,4,IL|HL|PEG|CH,0.343423|0.211652|0.0532213|0.391704,lung_epithelium,lung_epithelium:1,1.0,0.0,0.0,0.0,0.0,0.0,0.0,0.0,0.0
test,2901,4,IL|HL|PEG|CH,0.35|0.16|0.025|0.465,liver,liver:0.2 + spleen:0.2 + heart:0.2 + lung:0.2 + kidney:0.2,0.0,0.20000000298023224,0.0,0.20000000298023224,0.0,0.20000000298023224,0.20000000298023224,0.20000000298023224,0.0
test,625,3,IL|HL|CH,0.406091|0.304569|0.28934,muscle,muscle:1,0.0,0.0,1.0,0.0,0.0,0.0,0.0,0.0,0.0
test,2733,4,IL|HL|PEG|CH,0.661036|0.0844172|0.0422882|0.212259,lung_epithelium,lung_epithelium:1,1.0,0.0,0.0,0.0,0.0,0.0,0.0,0.0,0.0
test,3172,4,IL|HL|PEG|CH,0.5|0.1|0.015|0.385,bone_marrow,bone_marrow:1,0.0,0.0,0.0,0.0,1.0,0.0,0.0,0.0,0.0
test,1346,4,IL|HL|PEG|CH,0.498746|0.102066|0.0303942|0.368793,lung_epithelium,lung_epithelium:1,1.0,0.0,0.0,0.0,0.0,0.0,0.0,0.0,0.0
test,569,3,IL|HL|CH,0.406091|0.304569|0.28934,muscle,muscle:1,0.0,0.0,1.0,0.0,0.0,0.0,0.0,0.0,0.0
test,3236,4,IL|HL|PEG|CH,0.5|0.1|0.015|0.385,bone_marrow,bone_marrow:1,0.0,0.0,0.0,0.0,1.0,0.0,0.0,0.0,0.0
test,1758,4,IL|HL|PEG|CH,0.317353|0.105235|0.0524174|0.524995,lung_epithelium,lung_epithelium:1,1.0,0.0,0.0,0.0,0.0,0.0,0.0,0.0,0.0
test,1816,4,IL|HL|PEG|CH,0.39381|0.325134|0.0108873|0.270168,lung_epithelium,lung_epithelium:1,1.0,0.0,0.0,0.0,0.0,0.0,0.0,0.0,0.0
test,2065,4,IL|HL|PEG|CH,0.267824|0.20202|0.0300719|0.500084,lung_epithelium,lung_epithelium:1,1.0,0.0,0.0,0.0,0.0,0.0,0.0,0.0,0.0
test,127,4,IL|HL|PEG|CH,0.35|0.16|0.025|0.465,lung_epithelium,lung_epithelium:1,1.0,0.0,0.0,0.0,0.0,0.0,0.0,0.0,0.0
test,3287,4,IL|HL|PEG|CH,0.5|0.1|0.015|0.385,ear,ear:1,0.0,0.0,0.0,0.0,0.0,0.0,0.0,0.0,1.0
test,2006,4,IL|HL|PEG|CH,0.318174|0.105109|0.0523544|0.524363,lung_epithelium,lung_epithelium:1,1.0,0.0,0.0,0.0,0.0,0.0,0.0,0.0,0.0
test,980,4,IL|HL|PEG|CH,0.5|0.1|0.015|0.385,liver,liver:0.5 + spleen:0.5,0.0,0.5,0.0,0.5,0.0,0.0,0.0,0.0,0.0
test,3284,4,IL|HL|PEG|CH,0.5|0.1|0.015|0.385,ear,ear:1,0.0,0.0,0.0,0.0,0.0,0.0,0.0,0.0,1.0
test,190,4,IL|HL|PEG|CH,0.35|0.16|0.025|0.465,liver,liver:1,0.0,1.0,0.0,0.0,0.0,0.0,0.0,0.0,0.0
test,1139,4,IL|HL|PEG|CH,0.349597|0.0999647|0.0498865|0.500552,lung_epithelium,lung_epithelium:1,1.0,0.0,0.0,0.0,0.0,0.0,0.0,0.0,0.0
test,992,4,IL|HL|PEG|CH,0.35|0.16|0.025|0.465,muscle,muscle:1,0.0,0.0,1.0,0.0,0.0,0.0,0.0,0.0,0.0
test,699,3,IL|HL|CH,0.406091|0.304569|0.28934,muscle,muscle:1,0.0,0.0,1.0,0.0,0.0,0.0,0.0,0.0,0.0
test,606,3,IL|HL|CH,0.406091|0.304569|0.28934,muscle,muscle:1,0.0,0.0,1.0,0.0,0.0,0.0,0.0,0.0,0.0
test,180,4,IL|HL|PEG|CH,0.35|0.16|0.025|0.465,liver,liver:1,0.0,1.0,0.0,0.0,0.0,0.0,0.0,0.0,0.0
test,301,4,IL|HL|PEG|CH,0.35|0.16|0.025|0.465,liver,liver:1,0.0,1.0,0.0,0.0,0.0,0.0,0.0,0.0,0.0
test,2544,4,IL|HL|PEG|CH,0.659503|0.084799|0.0424795|0.213219,lung_epithelium,lung_epithelium:1,1.0,0.0,0.0,0.0,0.0,0.0,0.0,0.0,0.0
test,3068,4,IL|HL|PEG|CH,0.5|0.1|0.015|0.385,muscle,muscle:1,0.0,0.0,1.0,0.0,0.0,0.0,0.0,0.0,0.0
test,1060,4,IL|HL|PEG|CH,0.35|0.16|0.025|0.465,muscle,muscle:1,0.0,0.0,1.0,0.0,0.0,0.0,0.0,0.0,0.0
test,3113,4,IL|HL|PEG|CH,0.5|0.1|0.015|0.385,muscle,muscle:1,0.0,0.0,1.0,0.0,0.0,0.0,0.0,0.0,0.0
test,3312,4,IL|HL|PEG|CH,0.333333|0.133333|0.02|0.513333,ear,ear:1,0.0,0.0,0.0,0.0,0.0,0.0,0.0,0.0,1.0
test,2565,4,IL|HL|PEG|CH,0.447017|0.1303|0.021564|0.40112,lung_epithelium,lung_epithelium:1,1.0,0.0,0.0,0.0,0.0,0.0,0.0,0.0,0.0
test,1069,4,IL|HL|PEG|CH,0.35|0.16|0.025|0.465,muscle,muscle:1,0.0,0.0,1.0,0.0,0.0,0.0,0.0,0.0,0.0
test,2524,4,IL|HL|PEG|CH,0.448591|0.275783|0.0460228|0.229603,lung_epithelium,lung_epithelium:1,1.0,0.0,0.0,0.0,0.0,0.0,0.0,0.0,0.0
test,2205,4,IL|HL|PEG|CH,0.400835|0.320751|0.0106061|0.267808,lung_epithelium,lung_epithelium:1,1.0,0.0,0.0,0.0,0.0,0.0,0.0,0.0,0.0
test,1243,4,IL|HL|PEG|CH,0.403573|0.288796|0.0511419|0.256489,lung_epithelium,lung_epithelium:1,1.0,0.0,0.0,0.0,0.0,0.0,0.0,0.0,0.0
test,16,4,IL|HL|PEG|CH,0.5|0.1|0.015|0.385,liver,liver:1,0.0,1.0,0.0,0.0,0.0,0.0,0.0,0.0,0.0
test,3290,4,IL|HL|PEG|CH,0.5|0.1|0.015|0.385,ear,ear:1,0.0,0.0,0.0,0.0,0.0,0.0,0.0,0.0,1.0
test,546,3,IL|HL|CH,0.406091|0.304569|0.28934,muscle,muscle:1,0.0,0.0,1.0,0.0,0.0,0.0,0.0,0.0,0.0
test,658,3,IL|HL|CH,0.406091|0.304569|0.28934,muscle,muscle:1,0.0,0.0,1.0,0.0,0.0,0.0,0.0,0.0,0.0
test,2984,4,IL|HL|PEG|CH,0.353743|0.214906|0.0178107|0.413541,liver,liver:1,0.0,1.0,0.0,0.0,0.0,0.0,0.0,0.0,0.0
test,3019,4,IL|HL|PEG|CH,0.312384|0.228659|0.0189505|0.440006,liver,liver:1,0.0,1.0,0.0,0.0,0.0,0.0,0.0,0.0,0.0
test,1504,4,IL|HL|PEG|CH,0.445688|0.29674|0.00981213|0.24776,lung_epithelium,lung_epithelium:1,1.0,0.0,0.0,0.0,0.0,0.0,0.0,0.0,0.0
test,959,4,IL|HL|PEG|CH,0.5|0.1|0.015|0.385,liver,liver:0.5 + spleen:0.5,0.0,0.5,0.0,0.5,0.0,0.0,0.0,0.0,0.0
test,2926,4,IL|HL|PEG|CH,0.35|0.16|0.025|0.465,liver,liver:0.2 + spleen:0.2 + heart:0.2 + lung:0.2 + kidney:0.2,0.0,0.20000000298023224,0.0,0.20000000298023224,0.0,0.20000000298023224,0.20000000298023224,0.20000000298023224,0.0
test,2331,4,IL|HL|PEG|CH,0.502665|0.266239|0.00880355|0.222293,lung_epithelium,lung_epithelium:1,1.0,0.0,0.0,0.0,0.0,0.0,0.0,0.0,0.0
test,797,3,IL|HL|CH,0.406091|0.304569|0.28934,muscle,muscle:1,0.0,0.0,1.0,0.0,0.0,0.0,0.0,0.0,0.0
test,225,4,IL|HL|PEG|CH,0.35|0.16|0.025|0.465,liver,liver:1,0.0,1.0,0.0,0.0,0.0,0.0,0.0,0.0,0.0
test,2074,4,IL|HL|PEG|CH,0.391927|0.0949271|0.00992655|0.503219,lung_epithelium,lung_epithelium:1,1.0,0.0,0.0,0.0,0.0,0.0,0.0,0.0,0.0
test,1799,4,IL|HL|PEG|CH,0.352586|0.10576|0.0106834|0.530971,lung_epithelium,lung_epithelium:1,1.0,0.0,0.0,0.0,0.0,0.0,0.0,0.0,0.0
test,2485,4,IL|HL|PEG|CH,0.249212|0.281793|0.00929514|0.4597,lung_epithelium,lung_epithelium:1,1.0,0.0,0.0,0.0,0.0,0.0,0.0,0.0,0.0
test,3270,4,IL|HL|PEG|CH,0.5|0.1|0.015|0.385,bone_marrow,bone_marrow:1,0.0,0.0,0.0,0.0,1.0,0.0,0.0,0.0,0.0
test,2277,4,IL|HL|PEG|CH,0.345855|0.10212|0.0106787|0.541347,lung_epithelium,lung_epithelium:1,1.0,0.0,0.0,0.0,0.0,0.0,0.0,0.0,0.0
test,2085,4,IL|HL|PEG|CH,0.602485|0.138897|0.0100069|0.248612,lung_epithelium,lung_epithelium:1,1.0,0.0,0.0,0.0,0.0,0.0,0.0,0.0,0.0
test,1693,4,IL|HL|PEG|CH,0.313827|0.105462|0.0526301|0.52808,lung_epithelium,lung_epithelium:1,1.0,0.0,0.0,0.0,0.0,0.0,0.0,0.0,0.0
test,2797,4,IL|HL|PEG|CH,0.314538|0.107008|0.0111899|0.567264,lung_epithelium,lung_epithelium:1,1.0,0.0,0.0,0.0,0.0,0.0,0.0,0.0,0.0
test,1045,4,IL|HL|PEG|CH,0.35|0.16|0.025|0.465,muscle,muscle:1,0.0,0.0,1.0,0.0,0.0,0.0,0.0,0.0,0.0
test,469,4,IL|HL|PEG|CH,0.35|0.16|0.025|0.465,liver,liver:1,0.0,1.0,0.0,0.0,0.0,0.0,0.0,0.0,0.0
test,954,4,IL|HL|PEG|CH,0.5|0.1|0.015|0.385,liver,liver:0.5 + spleen:0.5,0.0,0.5,0.0,0.5,0.0,0.0,0.0,0.0,0.0
test,3286,4,IL|HL|PEG|CH,0.5|0.1|0.015|0.385,ear,ear:1,0.0,0.0,0.0,0.0,0.0,0.0,0.0,0.0,1.0
test,2735,4,IL|HL|PEG|CH,0.505225|0.264868|0.00875823|0.221149,lung_epithelium,lung_epithelium:1,1.0,0.0,0.0,0.0,0.0,0.0,0.0,0.0,0.0
test,639,3,IL|HL|CH,0.406091|0.304569|0.28934,muscle,muscle:1,0.0,0.0,1.0,0.0,0.0,0.0,0.0,0.0,0.0
test,3071,4,IL|HL|PEG|CH,0.5|0.1|0.015|0.385,muscle,muscle:1,0.0,0.0,1.0,0.0,0.0,0.0,0.0,0.0,0.0
test,1218,4,IL|HL|PEG|CH,0.407609|0.29628|0.0494434|0.246668,lung_epithelium,lung_epithelium:1,1.0,0.0,0.0,0.0,0.0,0.0,0.0,0.0,0.0
test,1158,4,IL|HL|PEG|CH,0.392313|0.0948669|0.00992026|0.5029,lung_epithelium,lung_epithelium:1,1.0,0.0,0.0,0.0,0.0,0.0,0.0,0.0,0.0
test,1415,4,IL|HL|PEG|CH,0.316192|0.294311|0.0263755|0.363121,lung_epithelium,lung_epithelium:1,1.0,0.0,0.0,0.0,0.0,0.0,0.0,0.0,0.0
test,2995,4,IL|HL|PEG|CH,0.336878|0.220514|0.0182754|0.424332,liver,liver:1,0.0,1.0,0.0,0.0,0.0,0.0,0.0,0.0,0.0
test,1527,4,IL|HL|PEG|CH,0.349294|0.100311|0.0499648|0.50043,lung_epithelium,lung_epithelium:1,1.0,0.0,0.0,0.0,0.0,0.0,0.0,0.0,0.0
test,3224,4,IL|HL|PEG|CH,0.5|0.1|0.015|0.385,bone_marrow,bone_marrow:1,0.0,0.0,0.0,0.0,1.0,0.0,0.0,0.0,0.0
test,1300,4,IL|HL|PEG|CH,0.342752|0.101017|0.0504115|0.50582,lung_epithelium,lung_epithelium:1,1.0,0.0,0.0,0.0,0.0,0.0,0.0,0.0,0.0
test,3162,4,IL|HL|PEG|CH,0.5|0.1|0.015|0.385,bone_marrow,bone_marrow:1,0.0,0.0,0.0,0.0,1.0,0.0,0.0,0.0,0.0
test,2848,4,IL|HL|PEG|CH,0.37246|0.270094|0.0242052|0.333241,lung_epithelium,lung_epithelium:1,1.0,0.0,0.0,0.0,0.0,0.0,0.0,0.0,0.0
test,1603,4,IL|HL|PEG|CH,0.499818|0.101848|0.0303292|0.368004,lung_epithelium,lung_epithelium:1,1.0,0.0,0.0,0.0,0.0,0.0,0.0,0.0,0.0
test,160,4,IL|HL|PEG|CH,0.35|0.16|0.025|0.465,liver,liver:1,0.0,1.0,0.0,0.0,0.0,0.0,0.0,0.0,0.0
test,1704,4,IL|HL|PEG|CH,0.175538|0.309356|0.0516822|0.463424,lung_epithelium,lung_epithelium:1,1.0,0.0,0.0,0.0,0.0,0.0,0.0,0.0,0.0
test,956,4,IL|HL|PEG|CH,0.5|0.1|0.015|0.385,liver,liver:0.5 + spleen:0.5,0.0,0.5,0.0,0.5,0.0,0.0,0.0,0.0,0.0
test,2869,4,IL|HL|PEG|CH,0.410199|0.253851|0.0227495|0.313201,lung_epithelium,lung_epithelium:1,1.0,0.0,0.0,0.0,0.0,0.0,0.0,0.0,0.0
test,3218,4,IL|HL|PEG|CH,0.5|0.1|0.015|0.385,bone_marrow,bone_marrow:1,0.0,0.0,0.0,0.0,1.0,0.0,0.0,0.0,0.0
test,877,4,IL|HL|PEG|CH,0.5|0.1|0.015|0.385,liver,liver:0.5 + spleen:0.5,0.0,0.5,0.0,0.5,0.0,0.0,0.0,0.0,0.0
test,1919,4,IL|HL|PEG|CH,0.439762|0.299913|0.00991702|0.250408,lung_epithelium,lung_epithelium:1,1.0,0.0,0.0,0.0,0.0,0.0,0.0,0.0,0.0
test,2961,4,IL|HL|PEG|CH,0.416369|0.19408|0.0160847|0.373466,liver,liver:1,0.0,1.0,0.0,0.0,0.0,0.0,0.0,0.0,0.0
test,1884,4,IL|HL|PEG|CH,0.553288|0.111842|0.0559729|0.278897,lung_epithelium,lung_epithelium:1,1.0,0.0,0.0,0.0,0.0,0.0,0.0,0.0,0.0
test,2200,4,IL|HL|PEG|CH,0.40069|0.321444|0.0107637|0.267102,lung_epithelium,lung_epithelium:1,1.0,0.0,0.0,0.0,0.0,0.0,0.0,0.0,0.0
test,98,3,IL|HL|CH,0.510204|0.387755|0.102041,liver,liver:1,0.0,1.0,0.0,0.0,0.0,0.0,0.0,0.0,0.0
test,3121,4,IL|HL|PEG|CH,0.5|0.1|0.015|0.385,muscle,muscle:1,0.0,0.0,1.0,0.0,0.0,0.0,0.0,0.0,0.0
test,2557,4,IL|HL|PEG|CH,0.476049|0.168899|0.0424709|0.312581,lung_epithelium,lung_epithelium:1,1.0,0.0,0.0,0.0,0.0,0.0,0.0,0.0,0.0
test,253,4,IL|HL|PEG|CH,0.35|0.16|0.025|0.465,liver,liver:1,0.0,1.0,0.0,0.0,0.0,0.0,0.0,0.0,0.0
test,103,3,IL|HL|CH,0.510204|0.387755|0.102041,liver,liver:1,0.0,1.0,0.0,0.0,0.0,0.0,0.0,0.0,0.0
test,1445,4,IL|HL|PEG|CH,0.571048|0.107396|0.0537477|0.267809,lung_epithelium,lung_epithelium:1,1.0,0.0,0.0,0.0,0.0,0.0,0.0,0.0,0.0
test,1443,4,IL|HL|PEG|CH,0.570917|0.107328|0.0107168|0.311038,lung_epithelium,lung_epithelium:1,1.0,0.0,0.0,0.0,0.0,0.0,0.0,0.0,0.0
test,1648,4,IL|HL|PEG|CH,0.344782|0.211214|0.0531112|0.390893,lung_epithelium,lung_epithelium:1,1.0,0.0,0.0,0.0,0.0,0.0,0.0,0.0,0.0
test,586,3,IL|HL|CH,0.406091|0.304569|0.28934,muscle,muscle:1,0.0,0.0,1.0,0.0,0.0,0.0,0.0,0.0,0.0
test,627,3,IL|HL|CH,0.406091|0.304569|0.28934,muscle,muscle:1,0.0,0.0,1.0,0.0,0.0,0.0,0.0,0.0,0.0
test,1696,4,IL|HL|PEG|CH,0.561284|0.10984|0.0549711|0.273905,lung_epithelium,lung_epithelium:1,1.0,0.0,0.0,0.0,0.0,0.0,0.0,0.0,0.0
test,2101,4,IL|HL|PEG|CH,0.605484|0.137849|0.0099314|0.246736,lung_epithelium,lung_epithelium:1,1.0,0.0,0.0,0.0,0.0,0.0,0.0,0.0,0.0
test,2199,4,IL|HL|PEG|CH,0.362388|0.318897|0.0532177|0.265497,lung_epithelium,lung_epithelium:1,1.0,0.0,0.0,0.0,0.0,0.0,0.0,0.0,0.0
test,403,4,IL|HL|PEG|CH,0.35|0.16|0.025|0.465,liver,liver:1,0.0,1.0,0.0,0.0,0.0,0.0,0.0,0.0,0.0
test,1154,4,IL|HL|PEG|CH,0.390019|0.100158|0.00986227|0.49996,lung_epithelium,lung_epithelium:1,1.0,0.0,0.0,0.0,0.0,0.0,0.0,0.0,0.0
test,2255,4,IL|HL|PEG|CH,0.305289|0.107095|0.0533437|0.534272,lung_epithelium,lung_epithelium:1,1.0,0.0,0.0,0.0,0.0,0.0,0.0,0.0,0.0
test,2863,4,IL|HL|PEG|CH,0.459536|0.232616|0.0208465|0.287001,lung_epithelium,lung_epithelium:1,1.0,0.0,0.0,0.0,0.0,0.0,0.0,0.0,0.0
test,1682,4,IL|HL|PEG|CH,0.561292|0.109838|0.0549701|0.2739,lung_epithelium,lung_epithelium:1,1.0,0.0,0.0,0.0,0.0,0.0,0.0,0.0,0.0
test,2056,4,IL|HL|PEG|CH,0.600056|0.100039|0.00998902|0.289916,lung_epithelium,lung_epithelium:1,1.0,0.0,0.0,0.0,0.0,0.0,0.0,0.0,0.0
test,3139,4,IL|HL|PEG|CH,0.5|0.1|0.015|0.385,muscle,muscle:1,0.0,0.0,1.0,0.0,0.0,0.0,0.0,0.0,0.0
test,452,4,IL|HL|PEG|CH,0.35|0.16|0.025|0.465,liver,liver:1,0.0,1.0,0.0,0.0,0.0,0.0,0.0,0.0,0.0
test,2301,4,IL|HL|PEG|CH,0.480562|0.251517|0.0445403|0.223381,lung_epithelium,lung_epithelium:1,1.0,0.0,0.0,0.0,0.0,0.0,0.0,0.0,0.0
test,1327,4,IL|HL|PEG|CH,0.319249|0.167705|0.0260776|0.486968,lung_epithelium,lung_epithelium:1,1.0,0.0,0.0,0.0,0.0,0.0,0.0,0.0,0.0
test,2944,4,IL|HL|PEG|CH,0.5|0.1|0.015|0.385,ear,ear:1,0.0,0.0,0.0,0.0,0.0,0.0,0.0,0.0,1.0
test,2049,4,IL|HL|PEG|CH,0.352773|0.152506|0.0252391|0.469481,lung_epithelium,lung_epithelium:1,1.0,0.0,0.0,0.0,0.0,0.0,0.0,0.0,0.0
test,880,4,IL|HL|PEG|CH,0.5|0.1|0.015|0.385,liver,liver:0.5 + spleen:0.5,0.0,0.5,0.0,0.5,0.0,0.0,0.0,0.0,0.0
test,3221,4,IL|HL|PEG|CH,0.5|0.1|0.015|0.385,bone_marrow,bone_marrow:1,0.0,0.0,0.0,0.0,1.0,0.0,0.0,0.0,0.0
test,623,3,IL|HL|CH,0.406091|0.304569|0.28934,muscle,muscle:1,0.0,0.0,1.0,0.0,0.0,0.0,0.0,0.0,0.0
test,2393,4,IL|HL|PEG|CH,0.318943|0.379061|0.00978002|0.292216,lung_epithelium,lung_epithelium:1,1.0,0.0,0.0,0.0,0.0,0.0,0.0,0.0,0.0
test,3062,4,IL|HL|PEG|CH,0.5|0.1|0.015|0.385,muscle,muscle:1,0.0,0.0,1.0,0.0,0.0,0.0,0.0,0.0,0.0
test,1787,4,IL|HL|PEG|CH,0.466742|0.108583|0.0323348|0.39234,lung_epithelium,lung_epithelium:1,1.0,0.0,0.0,0.0,0.0,0.0,0.0,0.0,0.0
test,262,4,IL|HL|PEG|CH,0.35|0.16|0.025|0.465,liver,liver:1,0.0,1.0,0.0,0.0,0.0,0.0,0.0,0.0,0.0
test,1634,4,IL|HL|PEG|CH,0.344272|0.211378|0.0531525|0.391197,lung_epithelium,lung_epithelium:1,1.0,0.0,0.0,0.0,0.0,0.0,0.0,0.0,0.0
test,1438,4,IL|HL|PEG|CH,0.323068|0.166954|0.0260175|0.483961,lung_epithelium,lung_epithelium:1,1.0,0.0,0.0,0.0,0.0,0.0,0.0,0.0,0.0
test,2198,4,IL|HL|PEG|CH,0.343416|0.211654|0.0532219|0.391708,lung_epithelium,lung_epithelium:1,1.0,0.0,0.0,0.0,0.0,0.0,0.0,0.0,0.0
test,1969,4,IL|HL|PEG|CH,0.244698|0.420384|0.0108462|0.324071,lung_epithelium,lung_epithelium:1,1.0,0.0,0.0,0.0,0.0,0.0,0.0,0.0,0.0
test,2520,4,IL|HL|PEG|CH,0.555372|0.0905361|0.0269606|0.327131,lung_epithelium,lung_epithelium:1,1.0,0.0,0.0,0.0,0.0,0.0,0.0,0.0,0.0
test,1802,4,IL|HL|PEG|CH,0.355247|0.100653|0.0105253|0.533575,lung_epithelium,lung_epithelium:1,1.0,0.0,0.0,0.0,0.0,0.0,0.0,0.0,0.0
test,640,3,IL|HL|CH,0.406091|0.304569|0.28934,muscle,muscle:1,0.0,0.0,1.0,0.0,0.0,0.0,0.0,0.0,0.0
test,3298,4,IL|HL|PEG|CH,0.333333|0.133333|0.02|0.513333,ear,ear:1,0.0,0.0,0.0,0.0,0.0,0.0,0.0,0.0,1.0
test,2385,4,IL|HL|PEG|CH,0.664015|0.117397|0.00845795|0.21013,lung_epithelium,lung_epithelium:1,1.0,0.0,0.0,0.0,0.0,0.0,0.0,0.0,0.0
test,2598,4,IL|HL|PEG|CH,0.460709|0.26113|0.0462427|0.231918,lung_epithelium,lung_epithelium:1,1.0,0.0,0.0,0.0,0.0,0.0,0.0,0.0,0.0
test,3124,4,IL|HL|PEG|CH,0.5|0.1|0.015|0.385,muscle,muscle:1,0.0,0.0,1.0,0.0,0.0,0.0,0.0,0.0,0.0
test,1959,4,IL|HL|PEG|CH,0.303287|0.261497|0.00862567|0.42659,lung_epithelium,lung_epithelium:1,1.0,0.0,0.0,0.0,0.0,0.0,0.0,0.0,0.0
test,2976,4,IL|HL|PEG|CH,0.321504|0.225626|0.0186991|0.43417,liver,liver:1,0.0,1.0,0.0,0.0,0.0,0.0,0.0,0.0,0.0
test,488,4,IL|HL|PEG|CH,0.35|0.16|0.025|0.465,liver,liver:1,0.0,1.0,0.0,0.0,0.0,0.0,0.0,0.0,0.0
test,1843,4,IL|HL|PEG|CH,0.309384|0.106145|0.0529709|0.5315,lung_epithelium,lung_epithelium:1,1.0,0.0,0.0,0.0,0.0,0.0,0.0,0.0,0.0
test,1734,4,IL|HL|PEG|CH,0.563522|0.10928|0.0546907|0.272508,lung_epithelium,lung_epithelium:1,1.0,0.0,0.0,0.0,0.0,0.0,0.0,0.0,0.0
test,2911,4,IL|HL|PEG|CH,0.35|0.16|0.025|0.465,liver,liver:0.2 + spleen:0.2 + heart:0.2 + lung:0.2 + kidney:0.2,0.0,0.20000000298023224,0.0,0.20000000298023224,0.0,0.20000000298023224,0.20000000298023224,0.20000000298023224,0.0
test,146,4,IL|HL|PEG|CH,0.3|0.39|0.01|0.3,lung_epithelium,lung_epithelium:1,1.0,0.0,0.0,0.0,0.0,0.0,0.0,0.0,0.0
test,1534,4,IL|HL|PEG|CH,0.343381|0.161944|0.0252368|0.469438,lung_epithelium,lung_epithelium:1,1.0,0.0,0.0,0.0,0.0,0.0,0.0,0.0,0.0
test,1986,4,IL|HL|PEG|CH,0.356333|0.105689|0.0104069|0.527571,lung_epithelium,lung_epithelium:1,1.0,0.0,0.0,0.0,0.0,0.0,0.0,0.0,0.0
test,1369,4,IL|HL|PEG|CH,0.322329|0.166946|0.0259596|0.484765,lung_epithelium,lung_epithelium:1,1.0,0.0,0.0,0.0,0.0,0.0,0.0,0.0,0.0
test,2450,4,IL|HL|PEG|CH,0.677079|0.080849|0.040462|0.20161,lung_epithelium,lung_epithelium:1,1.0,0.0,0.0,0.0,0.0,0.0,0.0,0.0,0.0
test,3240,4,IL|HL|PEG|CH,0.5|0.1|0.015|0.385,bone_marrow,bone_marrow:1,0.0,0.0,0.0,0.0,1.0,0.0,0.0,0.0,0.0
test,3002,4,IL|HL|PEG|CH,0.345117|0.217774|0.0180484|0.41906,liver,liver:1,0.0,1.0,0.0,0.0,0.0,0.0,0.0,0.0,0.0
test,2811,4,IL|HL|PEG|CH,0.318781|0.106346|0.0111206|0.563753,lung_epithelium,lung_epithelium:1,1.0,0.0,0.0,0.0,0.0,0.0,0.0,0.0,0.0
test,659,3,IL|HL|CH,0.406091|0.304569|0.28934,muscle,muscle:1,0.0,0.0,1.0,0.0,0.0,0.0,0.0,0.0,0.0
test,1794,4,IL|HL|PEG|CH,0.175976|0.309192|0.0516548|0.463178,lung_epithelium,lung_epithelium:1,1.0,0.0,0.0,0.0,0.0,0.0,0.0,0.0,0.0
test,2511,4,IL|HL|PEG|CH,0.706825|0.0734015|0.0367348|0.183039,lung_epithelium,lung_epithelium:1,1.0,0.0,0.0,0.0,0.0,0.0,0.0,0.0,0.0
test,186,4,IL|HL|PEG|CH,0.35|0.16|0.025|0.465,liver,liver:1,0.0,1.0,0.0,0.0,0.0,0.0,0.0,0.0,0.0
test,1147,4,IL|HL|PEG|CH,0.400462|0.299854|0.0500399|0.249643,lung_epithelium,lung_epithelium:1,1.0,0.0,0.0,0.0,0.0,0.0,0.0,0.0,0.0
test,608,3,IL|HL|CH,0.406091|0.304569|0.28934,muscle,muscle:1,0.0,0.0,1.0,0.0,0.0,0.0,0.0,0.0,0.0
test,2191,4,IL|HL|PEG|CH,0.359101|0.151015|0.0249923|0.464892,lung_epithelium,lung_epithelium:1,1.0,0.0,0.0,0.0,0.0,0.0,0.0,0.0,0.0
test,2799,4,IL|HL|PEG|CH,0.46533|0.083468|0.00872828|0.442473,lung_epithelium,lung_epithelium:1,1.0,0.0,0.0,0.0,0.0,0.0,0.0,0.0,0.0
test,1930,4,IL|HL|PEG|CH,0.730617|0.0673815|0.00672813|0.195273,lung_epithelium,lung_epithelium:1,1.0,0.0,0.0,0.0,0.0,0.0,0.0,0.0,0.0
test,3029,4,IL|HL|PEG|CH,0.336301|0.220706|0.0182913|0.424702,liver,liver:1,0.0,1.0,0.0,0.0,0.0,0.0,0.0,0.0,0.0
test,197,4,IL|HL|PEG|CH,0.35|0.16|0.025|0.465,liver,liver:1,0.0,1.0,0.0,0.0,0.0,0.0,0.0,0.0,0.0
test,2931,4,IL|HL|PEG|CH,0.35|0.16|0.025|0.465,liver,liver:0.2 + spleen:0.2 + heart:0.2 + lung:0.2 + kidney:0.2,0.0,0.20000000298023224,0.0,0.20000000298023224,0.0,0.20000000298023224,0.20000000298023224,0.20000000298023224,0.0
test,2327,4,IL|HL|PEG|CH,0.320189|0.187572|0.0279211|0.464319,lung_epithelium,lung_epithelium:1,1.0,0.0,0.0,0.0,0.0,0.0,0.0,0.0,0.0
test,293,4,IL|HL|PEG|CH,0.35|0.16|0.025|0.465,liver,liver:1,0.0,1.0,0.0,0.0,0.0,0.0,0.0,0.0,0.0
test,766,3,IL|HL|CH,0.406091|0.304569|0.28934,muscle,muscle:1,0.0,0.0,1.0,0.0,0.0,0.0,0.0,0.0,0.0
test,400,4,IL|HL|PEG|CH,0.35|0.16|0.025|0.465,liver,liver:1,0.0,1.0,0.0,0.0,0.0,0.0,0.0,0.0,0.0
test,122,4,IL|HL|PEG|CH,0.3|0.39|0.01|0.3,lung_epithelium,lung_epithelium:1,1.0,0.0,0.0,0.0,0.0,0.0,0.0,0.0,0.0
test,202,4,IL|HL|PEG|CH,0.35|0.16|0.025|0.465,liver,liver:1,0.0,1.0,0.0,0.0,0.0,0.0,0.0,0.0,0.0
test,835,4,IL|HL|PEG|CH,0.5|0.1|0.015|0.385,liver,liver:0.5 + spleen:0.5,0.0,0.5,0.0,0.5,0.0,0.0,0.0,0.0,0.0
test,2294,4,IL|HL|PEG|CH,0.334769|0.370253|0.00955276|0.285425,lung_epithelium,lung_epithelium:1,1.0,0.0,0.0,0.0,0.0,0.0,0.0,0.0,0.0
test,1439,4,IL|HL|PEG|CH,0.322872|0.291436|0.0261179|0.359574,lung_epithelium,lung_epithelium:1,1.0,0.0,0.0,0.0,0.0,0.0,0.0,0.0,0.0
test,1733,4,IL|HL|PEG|CH,0.176738|0.308995|0.0101924|0.504075,lung_epithelium,lung_epithelium:1,1.0,0.0,0.0,0.0,0.0,0.0,0.0,0.0,0.0
test,1695,4,IL|HL|PEG|CH,0.175419|0.30949|0.0102087|0.504883,lung_epithelium,lung_epithelium:1,1.0,0.0,0.0,0.0,0.0,0.0,0.0,0.0,0.0
test,3231,4,IL|HL|PEG|CH,0.5|0.1|0.015|0.385,bone_marrow,bone_marrow:1,0.0,0.0,0.0,0.0,1.0,0.0,0.0,0.0,0.0
test,1707,4,IL|HL|PEG|CH,0.400835|0.320751|0.0106061|0.267808,lung_epithelium,lung_epithelium:1,1.0,0.0,0.0,0.0,0.0,0.0,0.0,0.0,0.0
test,3216,4,IL|HL|PEG|CH,0.5|0.1|0.015|0.385,bone_marrow,bone_marrow:1,0.0,0.0,0.0,0.0,1.0,0.0,0.0,0.0,0.0
test,1153,4,IL|HL|PEG|CH,0.44016|0.299699|0.00990997|0.25023,lung_epithelium,lung_epithelium:1,1.0,0.0,0.0,0.0,0.0,0.0,0.0,0.0,0.0
test,1661,4,IL|HL|PEG|CH,0.563793|0.152416|0.0109809|0.27281,lung_epithelium,lung_epithelium:1,1.0,0.0,0.0,0.0,0.0,0.0,0.0,0.0,0.0
test,2432,4,IL|HL|PEG|CH,0.238529|0.285803|0.0094274|0.466241,lung_epithelium,lung_epithelium:1,1.0,0.0,0.0,0.0,0.0,0.0,0.0,0.0,0.0
test,1759,4,IL|HL|PEG|CH,0.404476|0.318802|0.0105416|0.26618,lung_epithelium,lung_epithelium:1,1.0,0.0,0.0,0.0,0.0,0.0,0.0,0.0,0.0
test,854,4,IL|HL|PEG|CH,0.5|0.1|0.015|0.385,liver,liver:0.5 + spleen:0.5,0.0,0.5,0.0,0.5,0.0,0.0,0.0,0.0,0.0
test,1589,4,IL|HL|PEG|CH,0.506789|0.100429|0.0299065|0.362876,lung_epithelium,lung_epithelium:1,1.0,0.0,0.0,0.0,0.0,0.0,0.0,0.0,0.0
test,2267,4,IL|HL|PEG|CH,0.334847|0.214416|0.0539165|0.39682,lung_epithelium,lung_epithelium:1,1.0,0.0,0.0,0.0,0.0,0.0,0.0,0.0,0.0
test,641,3,IL|HL|CH,0.406091|0.304569|0.28934,muscle,muscle:1,0.0,0.0,1.0,0.0,0.0,0.0,0.0,0.0,0.0
test,1,4,IL|HL|PEG|CH,0.5|0.1|0.015|0.385,liver,liver:1,0.0,1.0,0.0,0.0,0.0,0.0,0.0,0.0,0.0
test,2160,4,IL|HL|PEG|CH,0.357891|0.0989859|0.0493046|0.493818,lung_epithelium,lung_epithelium:1,1.0,0.0,0.0,0.0,0.0,0.0,0.0,0.0,0.0
test,698,3,IL|HL|CH,0.406091|0.304569|0.28934,muscle,muscle:1,0.0,0.0,1.0,0.0,0.0,0.0,0.0,0.0,0.0
test,2999,4,IL|HL|PEG|CH,0.344512|0.217975|0.0180651|0.419448,liver,liver:1,0.0,1.0,0.0,0.0,0.0,0.0,0.0,0.0,0.0
test,1636,4,IL|HL|PEG|CH,0.401602|0.320955|0.0107473|0.266696,lung_epithelium,lung_epithelium:1,1.0,0.0,0.0,0.0,0.0,0.0,0.0,0.0,0.0
test,1291,4,IL|HL|PEG|CH,0.37853|0.300922|0.0532892|0.267259,lung_epithelium,lung_epithelium:1,1.0,0.0,0.0,0.0,0.0,0.0,0.0,0.0,0.0
test,3151,4,IL|HL|PEG|CH,0.5|0.1|0.015|0.385,bone_marrow,bone_marrow:1,0.0,0.0,0.0,0.0,1.0,0.0,0.0,0.0,0.0
test,2489,4,IL|HL|PEG|CH,0.665827|0.116764|0.00841235|0.208997,lung_epithelium,lung_epithelium:1,1.0,0.0,0.0,0.0,0.0,0.0,0.0,0.0,0.0
test,1520,4,IL|HL|PEG|CH,0.599515|0.139934|0.0100816|0.250469,lung_epithelium,lung_epithelium:1,1.0,0.0,0.0,0.0,0.0,0.0,0.0,0.0,0.0
test,1853,4,IL|HL|PEG|CH,0.233927|0.211373|0.0314641|0.523236,lung_epithelium,lung_epithelium:1,1.0,0.0,0.0,0.0,0.0,0.0,0.0,0.0,0.0
test,1136,4,IL|HL|PEG|CH,0.35|0.16|0.025|0.465,muscle,muscle:1,0.0,0.0,1.0,0.0,0.0,0.0,0.0,0.0,0.0
test,3200,4,IL|HL|PEG|CH,0.5|0.1|0.015|0.385,bone_marrow,bone_marrow:1,0.0,0.0,0.0,0.0,1.0,0.0,0.0,0.0,0.0
test,1631,4,IL|HL|PEG|CH,0.466935|0.108544|0.0323232|0.392198,lung_epithelium,lung_epithelium:1,1.0,0.0,0.0,0.0,0.0,0.0,0.0,0.0,0.0
test,1998,4,IL|HL|PEG|CH,0.565938|0.108675|0.0543879|0.270999,lung_epithelium,lung_epithelium:1,1.0,0.0,0.0,0.0,0.0,0.0,0.0,0.0,0.0
test,663,3,IL|HL|CH,0.406091|0.304569|0.28934,muscle,muscle:1,0.0,0.0,1.0,0.0,0.0,0.0,0.0,0.0,0.0
test,683,3,IL|HL|CH,0.406091|0.304569|0.28934,muscle,muscle:1,0.0,0.0,1.0,0.0,0.0,0.0,0.0,0.0,0.0
test,1257,4,IL|HL|PEG|CH,0.388387|0.0954797|0.00998435|0.506149,lung_epithelium,lung_epithelium:1,1.0,0.0,0.0,0.0,0.0,0.0,0.0,0.0,0.0
test,317,4,IL|HL|PEG|CH,0.35|0.16|0.025|0.465,liver,liver:1,0.0,1.0,0.0,0.0,0.0,0.0,0.0,0.0,0.0
test,648,3,IL|HL|CH,0.406091|0.304569|0.28934,muscle,muscle:1,0.0,0.0,1.0,0.0,0.0,0.0,0.0,0.0,0.0
test,1434,4,IL|HL|PEG|CH,0.353959|0.105535|0.0106607|0.529845,lung_epithelium,lung_epithelium:1,1.0,0.0,0.0,0.0,0.0,0.0,0.0,0.0,0.0
test,1479,4,IL|HL|PEG|CH,0.343011|0.10128|0.0504472|0.505262,lung_epithelium,lung_epithelium:1,1.0,0.0,0.0,0.0,0.0,0.0,0.0,0.0,0.0
test,709,3,IL|HL|CH,0.406091|0.304569|0.28934,muscle,muscle:1,0.0,0.0,1.0,0.0,0.0,0.0,0.0,0.0,0.0
test,1282,4,IL|HL|PEG|CH,0.323075|0.166952|0.0260172|0.483955,lung_epithelium,lung_epithelium:1,1.0,0.0,0.0,0.0,0.0,0.0,0.0,0.0,0.0
test,1768,4,IL|HL|PEG|CH,0.286352|0.175809|0.0273378|0.5105,lung_epithelium,lung_epithelium:1,1.0,0.0,0.0,0.0,0.0,0.0,0.0,0.0,0.0
test,972,4,IL|HL|PEG|CH,0.5|0.1|0.015|0.385,liver,liver:0.5 + spleen:0.5,0.0,0.5,0.0,0.5,0.0,0.0,0.0,0.0,0.0
test,2675,4,IL|HL|PEG|CH,0.248506|0.251675|0.0299784|0.46984,lung_epithelium,lung_epithelium:1,1.0,0.0,0.0,0.0,0.0,0.0,0.0,0.0,0.0
test,2680,4,IL|HL|PEG|CH,0.411938|0.0906542|0.0451546|0.452253,lung_epithelium,lung_epithelium:1,1.0,0.0,0.0,0.0,0.0,0.0,0.0,0.0,0.0
test,1306,4,IL|HL|PEG|CH,0.592841|0.142266|0.0102497|0.254643,lung_epithelium,lung_epithelium:1,1.0,0.0,0.0,0.0,0.0,0.0,0.0,0.0,0.0
test,1400,4,IL|HL|PEG|CH,0.596155|0.141108|0.0101662|0.25257,lung_epithelium,lung_epithelium:1,1.0,0.0,0.0,0.0,0.0,0.0,0.0,0.0,0.0
test,1408,4,IL|HL|PEG|CH,0.4361|0.301873|0.00998185|0.252045,lung_epithelium,lung_epithelium:1,1.0,0.0,0.0,0.0,0.0,0.0,0.0,0.0,0.0
test,2237,4,IL|HL|PEG|CH,0.179084|0.308026|0.05146|0.461431,lung_epithelium,lung_epithelium:1,1.0,0.0,0.0,0.0,0.0,0.0,0.0,0.0,0.0
test,1496,4,IL|HL|PEG|CH,0.605484|0.137849|0.0099314|0.246736,lung_epithelium,lung_epithelium:1,1.0,0.0,0.0,0.0,0.0,0.0,0.0,0.0,0.0
test,2038,4,IL|HL|PEG|CH,0.379889|0.199897|0.0502654|0.369949,lung_epithelium,lung_epithelium:1,1.0,0.0,0.0,0.0,0.0,0.0,0.0,0.0,0.0
test,1529,4,IL|HL|PEG|CH,0.38942|0.100256|0.00987196|0.500451,lung_epithelium,lung_epithelium:1,1.0,0.0,0.0,0.0,0.0,0.0,0.0,0.0,0.0
test,1663,4,IL|HL|PEG|CH,0.365184|0.317499|0.0529844|0.264333,lung_epithelium,lung_epithelium:1,1.0,0.0,0.0,0.0,0.0,0.0,0.0,0.0,0.0
test,1354,4,IL|HL|PEG|CH,0.240953|0.422469|0.0109|0.325678,lung_epithelium,lung_epithelium:1,1.0,0.0,0.0,0.0,0.0,0.0,0.0,0.0,0.0
test,3227,4,IL|HL|PEG|CH,0.5|0.1|0.015|0.385,bone_marrow,bone_marrow:1,0.0,0.0,0.0,0.0,1.0,0.0,0.0,0.0,0.0
test,3250,4,IL|HL|PEG|CH,0.5|0.1|0.015|0.385,bone_marrow,bone_marrow:1,0.0,0.0,0.0,0.0,1.0,0.0,0.0,0.0,0.0
test,1643,4,IL|HL|PEG|CH,0.176296|0.309161|0.0101979|0.504345,lung_epithelium,lung_epithelium:1,1.0,0.0,0.0,0.0,0.0,0.0,0.0,0.0,0.0
test,1051,4,IL|HL|PEG|CH,0.35|0.16|0.025|0.465,muscle,muscle:1,0.0,0.0,1.0,0.0,0.0,0.0,0.0,0.0,0.0
test,795,3,IL|HL|CH,0.406091|0.304569|0.28934,muscle,muscle:1,0.0,0.0,1.0,0.0,0.0,0.0,0.0,0.0,0.0
test,2693,4,IL|HL|PEG|CH,0.246142|0.252467|0.0300727|0.471318,lung_epithelium,lung_epithelium:1,1.0,0.0,0.0,0.0,0.0,0.0,0.0,0.0,0.0
test,3060,4,IL|HL|PEG|CH,0.5|0.1|0.015|0.385,muscle,muscle:1,0.0,0.0,1.0,0.0,0.0,0.0,0.0,0.0,0.0
test,1597,4,IL|HL|PEG|CH,0.267184|0.407869|0.0105233|0.314424,lung_epithelium,lung_epithelium:1,1.0,0.0,0.0,0.0,0.0,0.0,0.0,0.0,0.0
test,2604,4,IL|HL|PEG|CH,0.237075|0.286266|0.0478247|0.428834,lung_epithelium,lung_epithelium:1,1.0,0.0,0.0,0.0,0.0,0.0,0.0,0.0,0.0
test,2729,4,IL|HL|PEG|CH,0.233758|0.256614|0.0305667|0.479061,lung_epithelium,lung_epithelium:1,1.0,0.0,0.0,0.0,0.0,0.0,0.0,0.0,0.0
test,2625,4,IL|HL|PEG|CH,0.257299|0.24873|0.0296276|0.464343,lung_epithelium,lung_epithelium:1,1.0,0.0,0.0,0.0,0.0,0.0,0.0,0.0,0.0
test,1819,4,IL|HL|PEG|CH,0.236669|0.424853|0.0109615|0.327516,lung_epithelium,lung_epithelium:1,1.0,0.0,0.0,0.0,0.0,0.0,0.0,0.0,0.0
test,1722,4,IL|HL|PEG|CH,0.370808|0.304661|0.0539514|0.270579,lung_epithelium,lung_epithelium:1,1.0,0.0,0.0,0.0,0.0,0.0,0.0,0.0,0.0
test,1183,4,IL|HL|PEG|CH,0.572459|0.106942|0.0106783|0.30992,lung_epithelium,lung_epithelium:1,1.0,0.0,0.0,0.0,0.0,0.0,0.0,0.0,0.0
test,2572,4,IL|HL|PEG|CH,0.307136|0.223349|0.0561627|0.413352,lung_epithelium,lung_epithelium:1,1.0,0.0,0.0,0.0,0.0,0.0,0.0,0.0,0.0
test,1059,4,IL|HL|PEG|CH,0.35|0.16|0.025|0.465,muscle,muscle:1,0.0,0.0,1.0,0.0,0.0,0.0,0.0,0.0,0.0
test,540,3,IL|HL|CH,0.406091|0.304569|0.28934,muscle,muscle:1,0.0,0.0,1.0,0.0,0.0,0.0,0.0,0.0,0.0
test,1678,4,IL|HL|PEG|CH,0.285735|0.175961|0.0273614|0.510942,lung_epithelium,lung_epithelium:1,1.0,0.0,0.0,0.0,0.0,0.0,0.0,0.0,0.0
test,2796,4,IL|HL|PEG|CH,0.279917|0.169674|0.0280802|0.522329,lung_epithelium,lung_epithelium:1,1.0,0.0,0.0,0.0,0.0,0.0,0.0,0.0,0.0
test,3189,4,IL|HL|PEG|CH,0.5|0.1|0.015|0.385,bone_marrow,bone_marrow:1,0.0,0.0,0.0,0.0,1.0,0.0,0.0,0.0,0.0
test,2532,4,IL|HL|PEG|CH,0.536163|0.231985|0.0387137|0.193139,lung_epithelium,lung_epithelium:1,1.0,0.0,0.0,0.0,0.0,0.0,0.0,0.0,0.0
test,1757,4,IL|HL|PEG|CH,0.564677|0.108415|0.0543097|0.272599,lung_epithelium,lung_epithelium:1,1.0,0.0,0.0,0.0,0.0,0.0,0.0,0.0,0.0
test,1923,4,IL|HL|PEG|CH,0.353177|0.152411|0.0252233|0.469188,lung_epithelium,lung_epithelium:1,1.0,0.0,0.0,0.0,0.0,0.0,0.0,0.0,0.0
test,95,3,IL|HL|CH,0.510204|0.387755|0.102041,liver,liver:1,0.0,1.0,0.0,0.0,0.0,0.0,0.0,0.0,0.0
test,1020,4,IL|HL|PEG|CH,0.35|0.16|0.025|0.465,muscle,muscle:1,0.0,0.0,1.0,0.0,0.0,0.0,0.0,0.0,0.0
test,563,3,IL|HL|CH,0.406091|0.304569|0.28934,muscle,muscle:1,0.0,0.0,1.0,0.0,0.0,0.0,0.0,0.0,0.0
test,2790,4,IL|HL|PEG|CH,0.420937|0.136445|0.022581|0.420037,lung_epithelium,lung_epithelium:1,1.0,0.0,0.0,0.0,0.0,0.0,0.0,0.0,0.0
test,863,4,IL|HL|PEG|CH,0.5|0.1|0.015|0.385,liver,liver:0.5 + spleen:0.5,0.0,0.5,0.0,0.5,0.0,0.0,0.0,0.0,0.0
test,1484,4,IL|HL|PEG|CH,0.346657|0.153948|0.0254776|0.473918,lung_epithelium,lung_epithelium:1,1.0,0.0,0.0,0.0,0.0,0.0,0.0,0.0,0.0
test,2939,4,IL|HL|PEG|CH,0.35|0.16|0.025|0.465,liver,liver:0.25 + spleen:0.25 + heart:0.25 + lung:0.25,0.0,0.25,0.0,0.25,0.0,0.25,0.25,0.0,0.0
test,1881,4,IL|HL|PEG|CH,0.306891|0.106528|0.0531621|0.533418,lung_epithelium,lung_epithelium:1,1.0,0.0,0.0,0.0,0.0,0.0,0.0,0.0,0.0
test,1038,4,IL|HL|PEG|CH,0.35|0.16|0.025|0.465,muscle,muscle:1,0.0,0.0,1.0,0.0,0.0,0.0,0.0,0.0,0.0
test,206,4,IL|HL|PEG|CH,0.35|0.16|0.025|0.465,liver,liver:1,0.0,1.0,0.0,0.0,0.0,0.0,0.0,0.0,0.0
test,392,4,IL|HL|PEG|CH,0.35|0.16|0.025|0.465,liver,liver:1,0.0,1.0,0.0,0.0,0.0,0.0,0.0,0.0,0.0
test,2842,4,IL|HL|PEG|CH,0.378927|0.26731|0.0239558|0.329807,lung_epithelium,lung_epithelium:1,1.0,0.0,0.0,0.0,0.0,0.0,0.0,0.0,0.0
test,870,4,IL|HL|PEG|CH,0.5|0.1|0.015|0.385,liver,liver:0.5 + spleen:0.5,0.0,0.5,0.0,0.5,0.0,0.0,0.0,0.0,0.0
test,397,4,IL|HL|PEG|CH,0.35|0.16|0.025|0.465,liver,liver:1,0.0,1.0,0.0,0.0,0.0,0.0,0.0,0.0,0.0
test,2814,4,IL|HL|PEG|CH,0.407679|0.139569|0.023098|0.429654,lung_epithelium,lung_epithelium:1,1.0,0.0,0.0,0.0,0.0,0.0,0.0,0.0,0.0
test,3178,4,IL|HL|PEG|CH,0.5|0.1|0.015|0.385,bone_marrow,bone_marrow:1,0.0,0.0,0.0,0.0,1.0,0.0,0.0,0.0,0.0
test,1028,4,IL|HL|PEG|CH,0.35|0.16|0.025|0.465,muscle,muscle:1,0.0,0.0,1.0,0.0,0.0,0.0,0.0,0.0,0.0
test,2690,4,IL|HL|PEG|CH,0.506661|0.264099|0.00873281|0.220507,lung_epithelium,lung_epithelium:1,1.0,0.0,0.0,0.0,0.0,0.0,0.0,0.0,0.0
test,1485,4,IL|HL|PEG|CH,0.385118|0.0959901|0.0100377|0.508854,lung_epithelium,lung_epithelium:1,1.0,0.0,0.0,0.0,0.0,0.0,0.0,0.0,0.0
test,2660,4,IL|HL|PEG|CH,0.326213|0.185909|0.0276737|0.460204,lung_epithelium,lung_epithelium:1,1.0,0.0,0.0,0.0,0.0,0.0,0.0,0.0,0.0
test,960,4,IL|HL|PEG|CH,0.5|0.1|0.015|0.385,liver,liver:0.5 + spleen:0.5,0.0,0.5,0.0,0.5,0.0,0.0,0.0,0.0,0.0
test,1570,4,IL|HL|PEG|CH,0.399967|0.321832|0.0107767|0.267424,lung_epithelium,lung_epithelium:1,1.0,0.0,0.0,0.0,0.0,0.0,0.0,0.0,0.0
test,2773,4,IL|HL|PEG|CH,0.445941|0.0905096|0.00914288|0.454407,lung_epithelium,lung_epithelium:1,1.0,0.0,0.0,0.0,0.0,0.0,0.0,0.0,0.0
test,1895,4,IL|HL|PEG|CH,0.393077|0.324904|0.0107434|0.271275,lung_epithelium,lung_epithelium:1,1.0,0.0,0.0,0.0,0.0,0.0,0.0,0.0,0.0
test,2731,4,IL|HL|PEG|CH,0.440691|0.0873146|0.00913051|0.462864,lung_epithelium,lung_epithelium:1,1.0,0.0,0.0,0.0,0.0,0.0,0.0,0.0,0.0
test,2146,4,IL|HL|PEG|CH,0.209911|0.264601|0.031518|0.493971,lung_epithelium,lung_epithelium:1,1.0,0.0,0.0,0.0,0.0,0.0,0.0,0.0,0.0
test,804,4,IL|HL|PEG|CH,0.238095|0.238095|0.047619|0.47619,liver,liver:1,0.0,1.0,0.0,0.0,0.0,0.0,0.0,0.0,0.0
test,1751,4,IL|HL|PEG|CH,0.564545|0.152153|0.010962|0.27234,lung_epithelium,lung_epithelium:1,1.0,0.0,0.0,0.0,0.0,0.0,0.0,0.0,0.0
test,2454,4,IL|HL|PEG|CH,0.46155|0.173573|0.0436461|0.321231,lung_epithelium,lung_epithelium:1,1.0,0.0,0.0,0.0,0.0,0.0,0.0,0.0,0.0
test,502,4,IL|HL|PEG|CH,0.35|0.16|0.025|0.465,liver,liver:1,0.0,1.0,0.0,0.0,0.0,0.0,0.0,0.0,0.0
test,3119,4,IL|HL|PEG|CH,0.5|0.1|0.015|0.385,muscle,muscle:1,0.0,0.0,1.0,0.0,0.0,0.0,0.0,0.0,0.0
test,3104,4,IL|HL|PEG|CH,0.5|0.1|0.015|0.385,muscle,muscle:1,0.0,0.0,1.0,0.0,0.0,0.0,0.0,0.0,0.0
test,2977,4,IL|HL|PEG|CH,0.456759|0.180649|0.0149716|0.347621,liver,liver:1,0.0,1.0,0.0,0.0,0.0,0.0,0.0,0.0,0.0
test,779,3,IL|HL|CH,0.406091|0.304569|0.28934,muscle,muscle:1,0.0,0.0,1.0,0.0,0.0,0.0,0.0,0.0,0.0
test,1863,4,IL|HL|PEG|CH,0.307499|0.170794|0.0266158|0.495091,lung_epithelium,lung_epithelium:1,1.0,0.0,0.0,0.0,0.0,0.0,0.0,0.0,0.0
test,200,4,IL|HL|PEG|CH,0.35|0.16|0.025|0.465,liver,liver:1,0.0,1.0,0.0,0.0,0.0,0.0,0.0,0.0,0.0
test,2182,4,IL|HL|PEG|CH,0.445987|0.297149|0.00995017|0.246914,lung_epithelium,lung_epithelium:1,1.0,0.0,0.0,0.0,0.0,0.0,0.0,0.0,0.0
test,3099,4,IL|HL|PEG|CH,0.5|0.1|0.015|0.385,muscle,muscle:1,0.0,0.0,1.0,0.0,0.0,0.0,0.0,0.0,0.0
test,2088,4,IL|HL|PEG|CH,0.442444|0.299049|0.0100138|0.248493,lung_epithelium,lung_epithelium:1,1.0,0.0,0.0,0.0,0.0,0.0,0.0,0.0,0.0
test,3065,4,IL|HL|PEG|CH,0.5|0.1|0.015|0.385,muscle,muscle:1,0.0,0.0,1.0,0.0,0.0,0.0,0.0,0.0,0.0
test,2278,4,IL|HL|PEG|CH,0.300356|0.164857|0.0272831|0.507503,lung_epithelium,lung_epithelium:1,1.0,0.0,0.0,0.0,0.0,0.0,0.0,0.0,0.0
test,1796,4,IL|HL|PEG|CH,0.314734|0.105639|0.0526185|0.527009,lung_epithelium,lung_epithelium:1,1.0,0.0,0.0,0.0,0.0,0.0,0.0,0.0,0.0
test,378,4,IL|HL|PEG|CH,0.35|0.16|0.025|0.465,liver,liver:1,0.0,1.0,0.0,0.0,0.0,0.0,0.0,0.0,0.0
test,2336,4,IL|HL|PEG|CH,0.453527|0.0853107|0.00892096|0.452241,lung_epithelium,lung_epithelium:1,1.0,0.0,0.0,0.0,0.0,0.0,0.0,0.0,0.0
test,418,4,IL|HL|PEG|CH,0.35|0.16|0.025|0.465,liver,liver:1,0.0,1.0,0.0,0.0,0.0,0.0,0.0,0.0,0.0
test,1698,4,IL|HL|PEG|CH,0.369217|0.305432|0.0540878|0.271264,lung_epithelium,lung_epithelium:1,1.0,0.0,0.0,0.0,0.0,0.0,0.0,0.0,0.0
test,391,4,IL|HL|PEG|CH,0.35|0.16|0.025|0.465,liver,liver:1,0.0,1.0,0.0,0.0,0.0,0.0,0.0,0.0,0.0
test,2640,4,IL|HL|PEG|CH,0.248293|0.251746|0.0299869|0.469974,lung_epithelium,lung_epithelium:1,1.0,0.0,0.0,0.0,0.0,0.0,0.0,0.0,0.0
test,1522,4,IL|HL|PEG|CH,0.399858|0.300157|0.0500903|0.249895,lung_epithelium,lung_epithelium:1,1.0,0.0,0.0,0.0,0.0,0.0,0.0,0.0,0.0
test,1162,4,IL|HL|PEG|CH,0.539906|0.0936855|0.0278985|0.338511,lung_epithelium,lung_epithelium:1,1.0,0.0,0.0,0.0,0.0,0.0,0.0,0.0,0.0
test,3134,4,IL|HL|PEG|CH,0.5|0.1|0.015|0.385,muscle,muscle:1,0.0,0.0,1.0,0.0,0.0,0.0,0.0,0.0,0.0
test,1495,4,IL|HL|PEG|CH,0.41297|0.284246|0.0503361|0.252448,lung_epithelium,lung_epithelium:1,1.0,0.0,0.0,0.0,0.0,0.0,0.0,0.0,0.0
test,2695,4,IL|HL|PEG|CH,0.457492|0.0846917|0.00885624|0.44896,lung_epithelium,lung_epithelium:1,1.0,0.0,0.0,0.0,0.0,0.0,0.0,0.0,0.0
test,2027,4,IL|HL|PEG|CH,0.34947|0.160442|0.0250027|0.465085,lung_epithelium,lung_epithelium:1,1.0,0.0,0.0,0.0,0.0,0.0,0.0,0.0,0.0
test,1152,4,IL|HL|PEG|CH,0.349866|0.100223|0.0499208|0.49999,lung_epithelium,lung_epithelium:1,1.0,0.0,0.0,0.0,0.0,0.0,0.0,0.0,0.0
test,1367,4,IL|HL|PEG|CH,0.352692|0.278602|0.0249677|0.343738,lung_epithelium,lung_epithelium:1,1.0,0.0,0.0,0.0,0.0,0.0,0.0,0.0,0.0
test,2568,4,IL|HL|PEG|CH,0.520224|0.12012|0.0601158|0.29954,lung_epithelium,lung_epithelium:1,1.0,0.0,0.0,0.0,0.0,0.0,0.0,0.0,0.0
test,64,4,IL|HL|PEG|CH,0.5|0.1|0.015|0.385,liver,liver:1,0.0,1.0,0.0,0.0,0.0,0.0,0.0,0.0,0.0
test,2062,4,IL|HL|PEG|CH,0.380306|0.199762|0.0502316|0.3697,lung_epithelium,lung_epithelium:1,1.0,0.0,0.0,0.0,0.0,0.0,0.0,0.0,0.0
test,1180,4,IL|HL|PEG|CH,0.250034|0.417414|0.0107696|0.321782,lung_epithelium,lung_epithelium:1,1.0,0.0,0.0,0.0,0.0,0.0,0.0,0.0,0.0
test,3112,4,IL|HL|PEG|CH,0.5|0.1|0.015|0.385,muscle,muscle:1,0.0,0.0,1.0,0.0,0.0,0.0,0.0,0.0,0.0
test,492,4,IL|HL|PEG|CH,0.35|0.16|0.025|0.465,liver,liver:1,0.0,1.0,0.0,0.0,0.0,0.0,0.0,0.0,0.0
test,379,4,IL|HL|PEG|CH,0.35|0.16|0.025|0.465,liver,liver:1,0.0,1.0,0.0,0.0,0.0,0.0,0.0,0.0,0.0
test,2235,4,IL|HL|PEG|CH,0.368023|0.316079|0.0527474|0.263151,lung_epithelium,lung_epithelium:1,1.0,0.0,0.0,0.0,0.0,0.0,0.0,0.0,0.0
test,763,3,IL|HL|CH,0.406091|0.304569|0.28934,muscle,muscle:1,0.0,0.0,1.0,0.0,0.0,0.0,0.0,0.0,0.0
test,2264,4,IL|HL|PEG|CH,0.45649|0.110671|0.0329565|0.399883,lung_epithelium,lung_epithelium:1,1.0,0.0,0.0,0.0,0.0,0.0,0.0,0.0,0.0
test,791,3,IL|HL|CH,0.406091|0.304569|0.28934,muscle,muscle:1,0.0,0.0,1.0,0.0,0.0,0.0,0.0,0.0,0.0
test,1076,4,IL|HL|PEG|CH,0.35|0.16|0.025|0.465,muscle,muscle:1,0.0,0.0,1.0,0.0,0.0,0.0,0.0,0.0,0.0
test,878,4,IL|HL|PEG|CH,0.5|0.1|0.015|0.385,liver,liver:0.5 + spleen:0.5,0.0,0.5,0.0,0.5,0.0,0.0,0.0,0.0,0.0
test,337,4,IL|HL|PEG|CH,0.35|0.16|0.025|0.465,liver,liver:1,0.0,1.0,0.0,0.0,0.0,0.0,0.0,0.0,0.0
test,2767,4,IL|HL|PEG|CH,0.446615|0.0863897|0.0090338|0.457961,lung_epithelium,lung_epithelium:1,1.0,0.0,0.0,0.0,0.0,0.0,0.0,0.0,0.0
test,2343,4,IL|HL|PEG|CH,0.246827|0.282689|0.00932467|0.46116,lung_epithelium,lung_epithelium:1,1.0,0.0,0.0,0.0,0.0,0.0,0.0,0.0,0.0
test,1016,4,IL|HL|PEG|CH,0.35|0.16|0.025|0.465,muscle,muscle:1,0.0,0.0,1.0,0.0,0.0,0.0,0.0,0.0,0.0
test,1275,4,IL|HL|PEG|CH,0.358314|0.0989208|0.0492722|0.493493,lung_epithelium,lung_epithelium:1,1.0,0.0,0.0,0.0,0.0,0.0,0.0,0.0,0.0
test,455,4,IL|HL|PEG|CH,0.35|0.16|0.025|0.465,liver,liver:1,0.0,1.0,0.0,0.0,0.0,0.0,0.0,0.0,0.0
test,815,4,IL|HL|PEG|CH,0.238095|0.238095|0.047619|0.47619,liver,liver:1,0.0,1.0,0.0,0.0,0.0,0.0,0.0,0.0,0.0
test,2317,4,IL|HL|PEG|CH,0.408628|0.0908918|0.0453588|0.455122,lung_epithelium,lung_epithelium:1,1.0,0.0,0.0,0.0,0.0,0.0,0.0,0.0,0.0
test,995,4,IL|HL|PEG|CH,0.35|0.16|0.025|0.465,muscle,muscle:1,0.0,0.0,1.0,0.0,0.0,0.0,0.0,0.0,0.0
test,1981,4,IL|HL|PEG|CH,0.240825|0.20947|0.0311808|0.518525,lung_epithelium,lung_epithelium:1,1.0,0.0,0.0,0.0,0.0,0.0,0.0,0.0,0.0
test,201,4,IL|HL|PEG|CH,0.35|0.16|0.025|0.465,liver,liver:1,0.0,1.0,0.0,0.0,0.0,0.0,0.0,0.0,0.0
test,161,4,IL|HL|PEG|CH,0.35|0.16|0.025|0.465,liver,liver:1,0.0,1.0,0.0,0.0,0.0,0.0,0.0,0.0,0.0
test,1579,4,IL|HL|PEG|CH,0.316917|0.160955|0.0266373|0.49549,lung_epithelium,lung_epithelium:1,1.0,0.0,0.0,0.0,0.0,0.0,0.0,0.0,0.0
test,2777,4,IL|HL|PEG|CH,0.241109|0.284753|0.0475719|0.426567,lung_epithelium,lung_epithelium:1,1.0,0.0,0.0,0.0,0.0,0.0,0.0,0.0,0.0
test,2449,4,IL|HL|PEG|CH,0.258516|0.278301|0.00917995|0.454003,lung_epithelium,lung_epithelium:1,1.0,0.0,0.0,0.0,0.0,0.0,0.0,0.0,0.0
test,702,3,IL|HL|CH,0.406091|0.304569|0.28934,muscle,muscle:1,0.0,0.0,1.0,0.0,0.0,0.0,0.0,0.0,0.0
test,1500,4,IL|HL|PEG|CH,0.27256|0.200713|0.0298774|0.49685,lung_epithelium,lung_epithelium:1,1.0,0.0,0.0,0.0,0.0,0.0,0.0,0.0,0.0
test,1129,4,IL|HL|PEG|CH,0.35|0.16|0.025|0.465,muscle,muscle:1,0.0,0.0,1.0,0.0,0.0,0.0,0.0,0.0,0.0
test,2613,4,IL|HL|PEG|CH,0.452275|0.176563|0.0443979|0.326764,lung_epithelium,lung_epithelium:1,1.0,0.0,0.0,0.0,0.0,0.0,0.0,0.0,0.0
test,1021,4,IL|HL|PEG|CH,0.35|0.16|0.025|0.465,muscle,muscle:1,0.0,0.0,1.0,0.0,0.0,0.0,0.0,0.0,0.0
test,3073,4,IL|HL|PEG|CH,0.5|0.1|0.015|0.385,muscle,muscle:1,0.0,0.0,1.0,0.0,0.0,0.0,0.0,0.0,0.0
test,1585,4,IL|HL|PEG|CH,0.350036|0.0998972|0.0498528|0.500214,lung_epithelium,lung_epithelium:1,1.0,0.0,0.0,0.0,0.0,0.0,0.0,0.0,0.0
test,1955,4,IL|HL|PEG|CH,0.39449|0.337013|0.00869516|0.259801,lung_epithelium,lung_epithelium:1,1.0,0.0,0.0,0.0,0.0,0.0,0.0,0.0,0.0
test,3152,4,IL|HL|PEG|CH,0.5|0.1|0.015|0.385,bone_marrow,bone_marrow:1,0.0,0.0,0.0,0.0,1.0,0.0,0.0,0.0,0.0
test,2253,4,IL|HL|PEG|CH,0.390854|0.32672|0.0109404|0.271485,lung_epithelium,lung_epithelium:1,1.0,0.0,0.0,0.0,0.0,0.0,0.0,0.0,0.0
test,34,4,IL|HL|PEG|CH,0.5|0.1|0.015|0.385,liver,liver:1,0.0,1.0,0.0,0.0,0.0,0.0,0.0,0.0,0.0
test,775,3,IL|HL|CH,0.406091|0.304569|0.28934,muscle,muscle:1,0.0,0.0,1.0,0.0,0.0,0.0,0.0,0.0,0.0
test,2556,4,IL|HL|PEG|CH,0.689272|0.108572|0.00782214|0.194334,lung_epithelium,lung_epithelium:1,1.0,0.0,0.0,0.0,0.0,0.0,0.0,0.0,0.0
test,1478,4,IL|HL|PEG|CH,0.592962|0.101371|0.0507809|0.254887,lung_epithelium,lung_epithelium:1,1.0,0.0,0.0,0.0,0.0,0.0,0.0,0.0,0.0
test,3003,4,IL|HL|PEG|CH,0.34939|0.216353|0.0179306|0.416326,liver,liver:1,0.0,1.0,0.0,0.0,0.0,0.0,0.0,0.0,0.0
test,1390,4,IL|HL|PEG|CH,0.346495|0.161176|0.0251171|0.467212,lung_epithelium,lung_epithelium:1,1.0,0.0,0.0,0.0,0.0,0.0,0.0,0.0,0.0
test,2139,4,IL|HL|PEG|CH,0.41519|0.292489|0.0488107|0.243511,lung_epithelium,lung_epithelium:1,1.0,0.0,0.0,0.0,0.0,0.0,0.0,0.0,0.0
test,1363,4,IL|HL|PEG|CH,0.342744|0.211871|0.0532764|0.392109,lung_epithelium,lung_epithelium:1,1.0,0.0,0.0,0.0,0.0,0.0,0.0,0.0,0.0
test,2945,4,IL|HL|PEG|CH,0.333333|0.133333|0.02|0.513333,ear,ear:1,0.0,0.0,0.0,0.0,0.0,0.0,0.0,0.0,1.0
test,2612,4,IL|HL|PEG|CH,0.668435|0.115853|0.00834669|0.207366,lung_epithelium,lung_epithelium:1,1.0,0.0,0.0,0.0,0.0,0.0,0.0,0.0,0.0
test,2824,4,IL|HL|PEG|CH,0.411719|0.138617|0.0229404|0.426724,lung_epithelium,lung_epithelium:1,1.0,0.0,0.0,0.0,0.0,0.0,0.0,0.0,0.0
test,2041,4,IL|HL|PEG|CH,0.267477|0.202116|0.0300861|0.500321,lung_epithelium,lung_epithelium:1,1.0,0.0,0.0,0.0,0.0,0.0,0.0,0.0,0.0
test,241,4,IL|HL|PEG|CH,0.35|0.16|0.025|0.465,liver,liver:1,0.0,1.0,0.0,0.0,0.0,0.0,0.0,0.0,0.0
test,2061,4,IL|HL|PEG|CH,0.599732|0.139858|0.0100762|0.250333,lung_epithelium,lung_epithelium:1,1.0,0.0,0.0,0.0,0.0,0.0,0.0,0.0,0.0
test,2363,4,IL|HL|PEG|CH,0.477095|0.261527|0.0436438|0.217734,lung_epithelium,lung_epithelium:1,1.0,0.0,0.0,0.0,0.0,0.0,0.0,0.0,0.0
test,600,3,IL|HL|CH,0.406091|0.304569|0.28934,muscle,muscle:1,0.0,0.0,1.0,0.0,0.0,0.0,0.0,0.0,0.0
test,2435,4,IL|HL|PEG|CH,0.462908|0.260065|0.046054|0.230972,lung_epithelium,lung_epithelium:1,1.0,0.0,0.0,0.0,0.0,0.0,0.0,0.0,0.0
test,1297,4,IL|HL|PEG|CH,0.343187|0.282693|0.0253343|0.348786,lung_epithelium,lung_epithelium:1,1.0,0.0,0.0,0.0,0.0,0.0,0.0,0.0,0.0
test,2214,4,IL|HL|PEG|CH,0.369217|0.305432|0.0540878|0.271264,lung_epithelium,lung_epithelium:1,1.0,0.0,0.0,0.0,0.0,0.0,0.0,0.0,0.0
test,2888,4,IL|HL|PEG|CH,0.35|0.16|0.025|0.465,liver,liver:0.2 + spleen:0.2 + heart:0.2 + lung:0.2 + kidney:0.2,0.0,0.20000000298023224,0.0,0.20000000298023224,0.0,0.20000000298023224,0.20000000298023224,0.20000000298023224,0.0
test,2068,4,IL|HL|PEG|CH,0.349499|0.10028|0.049949|0.500272,lung_epithelium,lung_epithelium:1,1.0,0.0,0.0,0.0,0.0,0.0,0.0,0.0,0.0
test,646,3,IL|HL|CH,0.406091|0.304569|0.28934,muscle,muscle:1,0.0,0.0,1.0,0.0,0.0,0.0,0.0,0.0,0.0
test,3202,4,IL|HL|PEG|CH,0.5|0.1|0.015|0.385,bone_marrow,bone_marrow:1,0.0,0.0,0.0,0.0,1.0,0.0,0.0,0.0,0.0
test,1528,4,IL|HL|PEG|CH,0.43954|0.300032|0.00992095|0.250508,lung_epithelium,lung_epithelium:1,1.0,0.0,0.0,0.0,0.0,0.0,0.0,0.0,0.0
test,2879,4,IL|HL|PEG|CH,0.396603|0.259703|0.023274|0.320421,lung_epithelium,lung_epithelium:1,1.0,0.0,0.0,0.0,0.0,0.0,0.0,0.0,0.0
test,1267,4,IL|HL|PEG|CH,0.416498|0.282537|0.0500336|0.250931,lung_epithelium,lung_epithelium:1,1.0,0.0,0.0,0.0,0.0,0.0,0.0,0.0,0.0
test,1899,4,IL|HL|PEG|CH,0.310589|0.162446|0.0268841|0.500081,lung_epithelium,lung_epithelium:1,1.0,0.0,0.0,0.0,0.0,0.0,0.0,0.0,0.0
test,562,3,IL|HL|CH,0.406091|0.304569|0.28934,muscle,muscle:1,0.0,0.0,1.0,0.0,0.0,0.0,0.0,0.0,0.0
test,3273,4,IL|HL|PEG|CH,0.5|0.1|0.015|0.385,bone_marrow,bone_marrow:1,0.0,0.0,0.0,0.0,1.0,0.0,0.0,0.0,0.0
test,2734,4,IL|HL|PEG|CH,0.411392|0.0907384|0.0451966|0.452673,lung_epithelium,lung_epithelium:1,1.0,0.0,0.0,0.0,0.0,0.0,0.0,0.0,0.0
test,3005,4,IL|HL|PEG|CH,0.340948|0.219161|0.0181633|0.421728,liver,liver:1,0.0,1.0,0.0,0.0,0.0,0.0,0.0,0.0,0.0
test,189,4,IL|HL|PEG|CH,0.35|0.16|0.025|0.465,liver,liver:1,0.0,1.0,0.0,0.0,0.0,0.0,0.0,0.0,0.0
test,1806,4,IL|HL|PEG|CH,0.2799|0.177399|0.027585|0.515116,lung_epithelium,lung_epithelium:1,1.0,0.0,0.0,0.0,0.0,0.0,0.0,0.0,0.0
test,975,4,IL|HL|PEG|CH,0.5|0.1|0.015|0.385,liver,liver:0.5 + spleen:0.5,0.0,0.5,0.0,0.5,0.0,0.0,0.0,0.0,0.0
test,2747,4,IL|HL|PEG|CH,0.248506|0.251675|0.0299784|0.46984,lung_epithelium,lung_epithelium:1,1.0,0.0,0.0,0.0,0.0,0.0,0.0,0.0,0.0
test,2047,4,IL|HL|PEG|CH,0.388738|0.0998541|0.0100868|0.501321,lung_epithelium,lung_epithelium:1,1.0,0.0,0.0,0.0,0.0,0.0,0.0,0.0,0.0
test,2558,4,IL|HL|PEG|CH,0.496804|0.25167|0.0419988|0.209527,lung_epithelium,lung_epithelium:1,1.0,0.0,0.0,0.0,0.0,0.0,0.0,0.0,0.0
test,1082,4,IL|HL|PEG|CH,0.35|0.16|0.025|0.465,muscle,muscle:1,0.0,0.0,1.0,0.0,0.0,0.0,0.0,0.0,0.0
test,474,4,IL|HL|PEG|CH,0.35|0.16|0.025|0.465,liver,liver:1,0.0,1.0,0.0,0.0,0.0,0.0,0.0,0.0,0.0
test,2904,4,IL|HL|PEG|CH,0.35|0.16|0.025|0.465,liver,liver:0.2 + spleen:0.2 + heart:0.2 + lung:0.2 + kidney:0.2,0.0,0.20000000298023224,0.0,0.20000000298023224,0.0,0.20000000298023224,0.20000000298023224,0.20000000298023224,0.0
test,747,3,IL|HL|CH,0.406091|0.304569|0.28934,muscle,muscle:1,0.0,0.0,1.0,0.0,0.0,0.0,0.0,0.0,0.0
test,2300,4,IL|HL|PEG|CH,0.579699|0.0855826|0.0254855|0.309233,lung_epithelium,lung_epithelium:1,1.0,0.0,0.0,0.0,0.0,0.0,0.0,0.0,0.0
test,21,4,IL|HL|PEG|CH,0.5|0.1|0.015|0.385,liver,liver:1,0.0,1.0,0.0,0.0,0.0,0.0,0.0,0.0,0.0
test,459,4,IL|HL|PEG|CH,0.35|0.16|0.025|0.465,liver,liver:1,0.0,1.0,0.0,0.0,0.0,0.0,0.0,0.0,0.0
test,1184,4,IL|HL|PEG|CH,0.18218|0.306952|0.010125|0.500743,lung_epithelium,lung_epithelium:1,1.0,0.0,0.0,0.0,0.0,0.0,0.0,0.0,0.0
test,2324,4,IL|HL|PEG|CH,0.441405|0.180067|0.045279|0.333249,lung_epithelium,lung_epithelium:1,1.0,0.0,0.0,0.0,0.0,0.0,0.0,0.0,0.0
test,955,4,IL|HL|PEG|CH,0.5|0.1|0.015|0.385,liver,liver:0.5 + spleen:0.5,0.0,0.5,0.0,0.5,0.0,0.0,0.0,0.0,0.0
test,1215,4,IL|HL|PEG|CH,0.414736|0.283391|0.0501847|0.251689,lung_epithelium,lung_epithelium:1,1.0,0.0,0.0,0.0,0.0,0.0,0.0,0.0,0.0
test,2433,4,IL|HL|PEG|CH,0.65324|0.0868174|0.0434489|0.216493,lung_epithelium,lung_epithelium:1,1.0,0.0,0.0,0.0,0.0,0.0,0.0,0.0,0.0
test,2853,4,IL|HL|PEG|CH,0.363164|0.274095|0.0245637|0.338177,lung_epithelium,lung_epithelium:1,1.0,0.0,0.0,0.0,0.0,0.0,0.0,0.0,0.0
test,1515,4,IL|HL|PEG|CH,0.59984|0.100093|0.00999443|0.290073,lung_epithelium,lung_epithelium:1,1.0,0.0,0.0,0.0,0.0,0.0,0.0,0.0,0.0
test,2391,4,IL|HL|PEG|CH,0.402848|0.147278|0.0229512|0.426923,lung_epithelium,lung_epithelium:1,1.0,0.0,0.0,0.0,0.0,0.0,0.0,0.0,0.0
test,769,3,IL|HL|CH,0.406091|0.304569|0.28934,muscle,muscle:1,0.0,0.0,1.0,0.0,0.0,0.0,0.0,0.0,0.0
test,1685,4,IL|HL|PEG|CH,0.560828|0.153452|0.0110555|0.274665,lung_epithelium,lung_epithelium:1,1.0,0.0,0.0,0.0,0.0,0.0,0.0,0.0,0.0
test,130,4,IL|HL|PEG|CH,0.35|0.16|0.025|0.465,lung_epithelium,lung_epithelium:1,1.0,0.0,0.0,0.0,0.0,0.0,0.0,0.0,0.0
test,2919,4,IL|HL|PEG|CH,0.35|0.16|0.025|0.465,liver,liver:0.2 + spleen:0.2 + heart:0.2 + lung:0.2 + kidney:0.2,0.0,0.20000000298023224,0.0,0.20000000298023224,0.0,0.20000000298023224,0.20000000298023224,0.20000000298023224,0.0
test,3171,4,IL|HL|PEG|CH,0.5|0.1|0.015|0.385,bone_marrow,bone_marrow:1,0.0,0.0,0.0,0.0,1.0,0.0,0.0,0.0,0.0
test,2135,4,IL|HL|PEG|CH,0.52154|0.0974251|0.0290121|0.352023,lung_epithelium,lung_epithelium:1,1.0,0.0,0.0,0.0,0.0,0.0,0.0,0.0,0.0
test,1482,4,IL|HL|PEG|CH,0.382366|0.100895|0.010192|0.506547,lung_epithelium,lung_epithelium:1,1.0,0.0,0.0,0.0,0.0,0.0,0.0,0.0,0.0
test,330,4,IL|HL|PEG|CH,0.35|0.16|0.025|0.465,liver,liver:1,0.0,1.0,0.0,0.0,0.0,0.0,0.0,0.0,0.0
test,1238,4,IL|HL|PEG|CH,0.345856|0.10054|0.0501735|0.503431,lung_epithelium,lung_epithelium:1,1.0,0.0,0.0,0.0,0.0,0.0,0.0,0.0,0.0
test,466,4,IL|HL|PEG|CH,0.35|0.16|0.025|0.465,liver,liver:1,0.0,1.0,0.0,0.0,0.0,0.0,0.0,0.0,0.0
test,2169,4,IL|HL|PEG|CH,0.502619|0.101278|0.0301594|0.365944,lung_epithelium,lung_epithelium:1,1.0,0.0,0.0,0.0,0.0,0.0,0.0,0.0,0.0
test,1638,4,IL|HL|PEG|CH,0.315549|0.294588|0.0264003|0.363463,lung_epithelium,lung_epithelium:1,1.0,0.0,0.0,0.0,0.0,0.0,0.0,0.0,0.0
test,3092,4,IL|HL|PEG|CH,0.5|0.1|0.015|0.385,muscle,muscle:1,0.0,0.0,1.0,0.0,0.0,0.0,0.0,0.0,0.0
test,1095,4,IL|HL|PEG|CH,0.35|0.16|0.025|0.465,muscle,muscle:1,0.0,0.0,1.0,0.0,0.0,0.0,0.0,0.0,0.0
test,1130,4,IL|HL|PEG|CH,0.35|0.16|0.025|0.465,muscle,muscle:1,0.0,0.0,1.0,0.0,0.0,0.0,0.0,0.0,0.0
test,1294,4,IL|HL|PEG|CH,0.371631|0.314274|0.0524463|0.261649,lung_epithelium,lung_epithelium:1,1.0,0.0,0.0,0.0,0.0,0.0,0.0,0.0,0.0
test,860,4,IL|HL|PEG|CH,0.5|0.1|0.015|0.385,liver,liver:0.5 + spleen:0.5,0.0,0.5,0.0,0.5,0.0,0.0,0.0,0.0,0.0
test,3174,4,IL|HL|PEG|CH,0.5|0.1|0.015|0.385,bone_marrow,bone_marrow:1,0.0,0.0,0.0,0.0,1.0,0.0,0.0,0.0,0.0
