lnp_id,true_organ,pred_organ,correct,target_lung_epithelium,target_liver,target_muscle,target_spleen,target_bone_marrow,target_heart,target_lung,target_kidney,target_ear,prob_lung_epithelium,prob_liver,prob_muscle,prob_spleen,prob_bone_marrow,prob_heart,prob_lung,prob_kidney,prob_ear
2063,lung_epithelium,lung_epithelium,1,1.0,0.0,0.0,0.0,0.0,0.0,0.0,0.0,0.0,0.9996875524520874,6.587766984011978e-05,0.00011489236931083724,2.166068043152336e-05,1.5596871890011244e-05,1.1438011824793648e-05,1.8790107787935995e-05,1.9536257241270505e-05,4.467464896151796e-05
1507,lung_epithelium,lung_epithelium,1,1.0,0.0,0.0,0.0,0.0,0.0,0.0,0.0,0.0,0.9994944334030151,7.804094639141113e-05,0.00022414838895201683,2.289627809659578e-05,2.892658085329458e-05,2.486356061126571e-05,3.0815248464932665e-05,2.8633699912461452e-05,6.715114432154223e-05
2637,lung_epithelium,lung_epithelium,1,1.0,0.0,0.0,0.0,0.0,0.0,0.0,0.0,0.0,0.9990717172622681,7.519971404690295e-05,0.0006587920943275094,2.8816350095439702e-05,3.699813532875851e-05,2.288432551722508e-05,2.8772987207048573e-05,3.519934762152843e-05,4.156501017860137e-05
2954,ear,ear,1,0.0,0.0,0.0,0.0,0.0,0.0,0.0,0.0,1.0,0.003021928248926997,0.0010058267507702112,3.439284409978427e-05,8.833011088427156e-05,6.609407864743844e-05,0.00011422079842304811,0.00010631938494043425,0.00013945835235062987,0.9954234957695007
2907,liver,muscle,0,0.0,0.20000000298023224,0.0,0.20000000298023224,0.0,0.20000000298023224,0.20000000298023224,0.20000000298023224,0.0,0.007207455113530159,0.09899584949016571,0.7697188854217529,0.02365054190158844,0.00040676514618098736,0.03419222682714462,0.03339743986725807,0.03230755403637886,0.00012331971083767712
1808,lung_epithelium,lung_epithelium,1,1.0,0.0,0.0,0.0,0.0,0.0,0.0,0.0,0.0,0.9996582269668579,5.654584674630314e-05,2.5823524993029423e-05,1.277334649785189e-05,0.00011846070265164599,1.7304817447438836e-05,2.7951886295340955e-05,3.1159637728706e-05,5.17997941642534e-05
1454,lung_epithelium,lung_epithelium,1,1.0,0.0,0.0,0.0,0.0,0.0,0.0,0.0,0.0,0.9997047781944275,4.7395278670592234e-05,6.014951941324398e-05,3.940671376767568e-05,2.5966459361370653e-05,1.595176763657946e-05,3.212094816262834e-05,3.413721060496755e-05,4.0032773540588096e-05
1914,lung_epithelium,lung_epithelium,1,1.0,0.0,0.0,0.0,0.0,0.0,0.0,0.0,0.0,0.9994822144508362,0.00012302881805226207,0.0002774888416752219,3.120407200185582e-05,1.4412436030397657e-05,1.0534282409935258e-05,1.613396125321742e-05,1.811154834285844e-05,2.6909316147794016e-05
756,muscle,muscle,1,0.0,0.0,1.0,0.0,0.0,0.0,0.0,0.0,0.0,5.9606321883620694e-05,9.565617074258626e-05,0.9996795654296875,1.5355763025581837e-05,5.2856496040476486e-05,1.910711216623895e-05,1.767504909366835e-05,2.424851118121296e-05,3.6002809792989865e-05
2542,lung_epithelium,lung_epithelium,1,1.0,0.0,0.0,0.0,0.0,0.0,0.0,0.0,0.0,0.999626874923706,7.510500290663913e-05,4.353585609351285e-05,1.0602199836284854e-05,2.492286148481071e-05,1.4541326891048811e-05,2.176507405238226e-05,2.1729358195443638e-05,0.00016084742674138397
300,liver,liver,1,0.0,1.0,0.0,0.0,0.0,0.0,0.0,0.0,0.0,0.06408734619617462,0.9338497519493103,0.0006197505281306803,0.0011520517291501164,3.422191002755426e-05,4.068632915732451e-05,6.92807006998919e-05,8.579363930039108e-05,6.121182377682999e-05
141,lung_epithelium,lung_epithelium,1,1.0,0.0,0.0,0.0,0.0,0.0,0.0,0.0,0.0,0.9785172343254089,0.0008977592806331813,0.020046528428792953,8.85523550095968e-05,9.284907719120383e-05,7.372855907306075e-05,0.00010449960973346606,0.00015539227752014995,2.3422542653861456e-05
163,liver,liver,1,0.0,1.0,0.0,0.0,0.0,0.0,0.0,0.0,0.0,0.034908510744571686,0.9630439877510071,0.00045498108374886215,0.001332770218141377,2.8364218451315537e-05,4.249633275321685e-05,7.699039997532964e-05,7.834435382392257e-05,3.352372004883364e-05
311,liver,liver,1,0.0,1.0,0.0,0.0,0.0,0.0,0.0,0.0,0.0,0.016482267528772354,0.9820725321769714,0.0004716265248134732,0.0007845980580896139,3.0049650376895443e-05,2.664293788257055e-05,4.439191616256721e-05,5.176332706469111e-05,3.6132765671936795e-05
737,muscle,muscle,1,0.0,0.0,1.0,0.0,0.0,0.0,0.0,0.0,0.0,5.597628842224367e-05,6.755719368811697e-05,0.9997065663337708,1.257147505384637e-05,4.488942431635223e-05,2.084649349853862e-05,1.9719998817890882e-05,2.740870877460111e-05,4.447035462362692e-05
2497,lung_epithelium,lung_epithelium,1,1.0,0.0,0.0,0.0,0.0,0.0,0.0,0.0,0.0,0.9991104006767273,8.065842121141031e-05,0.0005736053572036326,3.746724178199656e-05,2.9728684239671566e-05,2.1273035599733703e-05,2.9209364583948627e-05,3.4652824979275465e-05,8.30363787827082e-05
969,liver,liver,1,0.0,0.5,0.0,0.5,0.0,0.0,0.0,0.0,0.0,0.00028832495445385575,0.7038195133209229,0.0029093779157847166,0.2889760136604309,0.003026847029104829,0.00022561647347174585,0.00037626977427862585,0.00019397212599869817,0.00018404186994303018
1190,lung_epithelium,lung_epithelium,1,1.0,0.0,0.0,0.0,0.0,0.0,0.0,0.0,0.0,0.9997273087501526,5.679317473550327e-05,7.435055158566684e-05,1.8748864022199996e-05,1.752514799591154e-05,1.2631270692509133e-05,2.108946500811726e-05,2.0563811631291173e-05,5.096129098092206e-05
505,liver,liver,1,0.0,1.0,0.0,0.0,0.0,0.0,0.0,0.0,0.0,0.025707252323627472,0.9737145304679871,9.972541738534346e-05,0.0002729938132688403,5.243125633569434e-05,2.894209319492802e-05,3.981417103204876e-05,5.160288492334075e-05,3.277399082435295e-05
685,muscle,muscle,1,0.0,0.0,1.0,0.0,0.0,0.0,0.0,0.0,0.0,4.7848741814959794e-05,0.00011142090806970373,0.999650239944458,1.562563375046011e-05,6.504748307634145e-05,2.0017861970700324e-05,1.7040571037796326e-05,2.2479080143966712e-05,5.02556431456469e-05
2706,lung_epithelium,lung_epithelium,1,1.0,0.0,0.0,0.0,0.0,0.0,0.0,0.0,0.0,0.9994856119155884,5.574084570980631e-05,0.00013999742805026472,3.030895095434971e-05,0.00011459179950179532,1.723010245768819e-05,2.61619334196439e-05,3.690877201734111e-05,9.330438479082659e-05
232,liver,liver,1,0.0,1.0,0.0,0.0,0.0,0.0,0.0,0.0,0.0,0.014282356947660446,0.9845996499061584,0.00014883678522892296,0.0006767818704247475,1.6182824765564874e-05,4.509777500061318e-05,6.89635708113201e-05,8.69935829541646e-05,7.518492930103093e-05
651,muscle,muscle,1,0.0,0.0,1.0,0.0,0.0,0.0,0.0,0.0,0.0,0.00019430104293860495,0.00013246202433947474,0.9994858503341675,1.6814512491691858e-05,6.797024252591655e-05,2.0266046703909524e-05,1.897863876365591e-05,2.702826532186009e-05,3.629074853961356e-05
3063,muscle,muscle,1,0.0,0.0,1.0,0.0,0.0,0.0,0.0,0.0,0.0,0.00037080165930092335,0.0015432729851454496,0.9977846741676331,5.669432721333578e-05,2.718175164773129e-05,2.3596934624947608e-05,2.5562132577761076e-05,2.9061262466711923e-05,0.0001391191326547414
1673,lung_epithelium,lung_epithelium,1,1.0,0.0,0.0,0.0,0.0,0.0,0.0,0.0,0.0,0.9997146725654602,9.193085134029388e-05,2.7449212211649865e-05,5.152276935405098e-05,3.315386493341066e-05,1.283100209548138e-05,1.9477161913528107e-05,2.0734341887873597e-05,2.8214008125360124e-05
9,liver,liver,1,0.0,1.0,0.0,0.0,0.0,0.0,0.0,0.0,0.0,0.006026788614690304,0.9379768967628479,8.720704499864951e-05,0.05510391294956207,0.0005120686255395412,6.65844781906344e-05,9.555394353810698e-05,8.246870856964961e-05,4.8589437938062474e-05
493,liver,liver,1,0.0,1.0,0.0,0.0,0.0,0.0,0.0,0.0,0.0,0.21163691580295563,0.7868136763572693,0.001012772205285728,0.00016979653446469456,7.624313730048016e-05,4.912384247290902e-05,8.662894106237218e-05,0.00010417574958410114,5.062156560597941e-05
2531,lung_epithelium,lung_epithelium,1,1.0,0.0,0.0,0.0,0.0,0.0,0.0,0.0,0.0,0.9991917014122009,0.00014324816584121436,0.00042494141962379217,2.512476385163609e-05,2.1898937120568007e-05,2.237702938145958e-05,2.9422300940495916e-05,3.358165122335777e-05,0.00010772508539957926
534,liver,liver,1,0.0,1.0,0.0,0.0,0.0,0.0,0.0,0.0,0.0,0.14526331424713135,0.852336585521698,0.0009493528050370514,0.0010737042175605893,0.00012531880929600447,4.2910847696475685e-05,7.367366197286174e-05,9.210850112140179e-05,4.3106738303322345e-05
2057,lung_epithelium,lung_epithelium,1,1.0,0.0,0.0,0.0,0.0,0.0,0.0,0.0,0.0,0.9996522665023804,9.8369040642865e-05,7.298728451132774e-05,1.878498551377561e-05,1.645524025661871e-05,1.323503784078639e-05,2.3011500161373988e-05,1.9913881260436028e-05,8.492072083754465e-05
313,liver,liver,1,0.0,1.0,0.0,0.0,0.0,0.0,0.0,0.0,0.0,0.03344101458787918,0.9644877314567566,0.0006312925252132118,0.0011822988744825125,4.611423355527222e-05,3.3751413866411895e-05,5.583506208495237e-05,6.875851249787956e-05,5.3169260354479775e-05
1512,lung_epithelium,lung_epithelium,1,1.0,0.0,0.0,0.0,0.0,0.0,0.0,0.0,0.0,0.9991639852523804,7.900306809460744e-05,0.0005798037745989859,2.6204219466308132e-05,3.647395351435989e-05,2.3262458853423595e-05,3.0716666515218094e-05,3.261444726376794e-05,2.798991226882208e-05
1087,muscle,muscle,1,0.0,0.0,1.0,0.0,0.0,0.0,0.0,0.0,0.0,0.0001950994919752702,0.00023380477796308696,0.9993324875831604,1.9375713236513548e-05,0.00011287476809229702,1.6637728549540043e-05,1.652750142966397e-05,1.909561615320854e-05,5.406650961958803e-05
993,muscle,muscle,1,0.0,0.0,1.0,0.0,0.0,0.0,0.0,0.0,0.0,0.0004251822829246521,0.0010844878852367401,0.998257577419281,5.454523125081323e-05,8.263360359705985e-05,1.7049660527845845e-05,2.121759098372422e-05,2.1216803361312486e-05,3.61272286681924e-05
2788,lung_epithelium,lung_epithelium,1,1.0,0.0,0.0,0.0,0.0,0.0,0.0,0.0,0.0,0.9917002320289612,0.006429778877645731,0.00010067860421258956,0.0015852757496759295,8.479032112518325e-05,1.9300174244563095e-05,3.196300531271845e-05,3.69646841136273e-05,1.0945774192805402e-05
1580,lung_epithelium,lung_epithelium,1,1.0,0.0,0.0,0.0,0.0,0.0,0.0,0.0,0.0,0.9997079968452454,0.00010560732334852219,2.1715875845984556e-05,5.044669160270132e-05,3.324413046357222e-05,1.2279830116312951e-05,1.9575541955418885e-05,1.9371500457054935e-05,2.982267687912099e-05
592,muscle,muscle,1,0.0,0.0,1.0,0.0,0.0,0.0,0.0,0.0,0.0,0.00012107525981264189,0.00012728550063911825,0.9995805621147156,1.61448770086281e-05,5.6645400036359206e-05,2.0480552848312072e-05,1.8855067537515424e-05,2.5640054445830174e-05,3.333681161166169e-05
2045,lung_epithelium,lung_epithelium,1,1.0,0.0,0.0,0.0,0.0,0.0,0.0,0.0,0.0,0.9993370175361633,7.165421266108751e-05,0.00038687390042468905,2.8287850000197068e-05,2.4748349460423924e-05,2.9570108381449245e-05,3.9161848690127954e-05,4.106103733647615e-05,4.159147647442296e-05
1957,lung_epithelium,lung_epithelium,1,1.0,0.0,0.0,0.0,0.0,0.0,0.0,0.0,0.0,0.9991981387138367,9.775747457752004e-05,6.713002221658826e-05,2.897086596931331e-05,3.3367974538123235e-05,1.9541093934094533e-05,2.7220465199206956e-05,3.395530438865535e-05,0.0004939908976666629
2576,lung_epithelium,lung_epithelium,1,1.0,0.0,0.0,0.0,0.0,0.0,0.0,0.0,0.0,0.9989532232284546,5.65048903808929e-05,0.0007789710653014481,3.997563908342272e-05,5.666586002917029e-05,1.7200982256326824e-05,2.5002162146847695e-05,3.072946856264025e-05,4.167847509961575e-05
3179,bone_marrow,bone_marrow,1,0.0,0.0,0.0,0.0,1.0,0.0,0.0,0.0,0.0,0.14366579055786133,0.27716952562332153,0.0006584969232790172,0.190922811627388,0.35489726066589355,0.00019430923566687852,0.0001986319402931258,0.00026122789131477475,0.032031912356615067
344,liver,liver,1,0.0,1.0,0.0,0.0,0.0,0.0,0.0,0.0,0.0,0.052683401852846146,0.945586621761322,0.0006715285126119852,0.0008127929177135229,3.367093813722022e-05,3.65088417311199e-05,6.603473593713716e-05,7.390139944618568e-05,3.5534136259229854e-05
334,liver,liver,1,0.0,1.0,0.0,0.0,0.0,0.0,0.0,0.0,0.0,0.045228879898786545,0.9528411030769348,0.0005099548143334687,0.0011574539821594954,3.685358024085872e-05,3.672947423183359e-05,6.361069245031103e-05,7.66209268476814e-05,4.875917511526495e-05
2854,lung_epithelium,lung_epithelium,1,1.0,0.0,0.0,0.0,0.0,0.0,0.0,0.0,0.0,0.9992672801017761,8.216957212425768e-05,0.00046906969510018826,2.7100399165647104e-05,2.7547152058104984e-05,2.4090861188597046e-05,3.151800046907738e-05,3.3247000828851014e-05,3.805202504736371e-05
320,liver,liver,1,0.0,1.0,0.0,0.0,0.0,0.0,0.0,0.0,0.0,0.1353277862071991,0.8631113171577454,0.0005249339737929404,0.0007363231270574033,6.861754081910476e-05,3.695342820719816e-05,6.668080459348857e-05,7.987934077391401e-05,4.746900958707556e-05
104,liver,liver,1,0.0,1.0,0.0,0.0,0.0,0.0,0.0,0.0,0.0,0.0029785626102238894,0.9920194745063782,0.0014093397185206413,0.003136945888400078,0.0002588023489806801,4.583908594213426e-05,7.649928011232987e-05,5.525923188542947e-05,1.91599247045815e-05
1747,lung_epithelium,lung_epithelium,1,1.0,0.0,0.0,0.0,0.0,0.0,0.0,0.0,0.0,0.999743640422821,6.736733485013247e-05,5.9999743825756013e-05,1.6674694052198902e-05,2.1410753106465563e-05,1.0767049388960004e-05,1.9666940715978853e-05,1.7174859749502502e-05,4.325119516579434e-05
2287,lung_epithelium,lung_epithelium,1,1.0,0.0,0.0,0.0,0.0,0.0,0.0,0.0,0.0,0.9994364380836487,0.000260365370195359,3.554869908839464e-05,0.00016095441242214292,2.459738971083425e-05,1.348896785202669e-05,2.535721978347283e-05,2.3424569008057006e-05,1.9874240024364553e-05
3148,muscle,muscle,1,0.0,0.0,1.0,0.0,0.0,0.0,0.0,0.0,0.0,0.04144720360636711,0.0021305230911821127,0.9551580548286438,0.0001702863519312814,0.0008235315326601267,4.928684211336076e-05,7.818361336831003e-05,8.255204738816246e-05,6.0292903071967885e-05
965,liver,liver,1,0.0,0.5,0.0,0.5,0.0,0.0,0.0,0.0,0.0,0.00032583772554062307,0.5470511317253113,0.003845308907330036,0.4430091679096222,0.004104983061552048,0.0003504405322019011,0.0005297305760905147,0.0002711475535761565,0.0005122777656652033
1340,lung_epithelium,lung_epithelium,1,1.0,0.0,0.0,0.0,0.0,0.0,0.0,0.0,0.0,0.999293327331543,6.805319571867585e-05,0.0004640840634237975,2.0509829482762143e-05,3.4967601095559075e-05,2.2708632968715392e-05,2.995224713231437e-05,3.220057988073677e-05,3.419013592065312e-05
2621,lung_epithelium,lung_epithelium,1,1.0,0.0,0.0,0.0,0.0,0.0,0.0,0.0,0.0,0.9993867874145508,7.490593998227268e-05,0.00022228171292226762,3.355369335622527e-05,2.401560777798295e-05,2.0775789380422793e-05,2.5415369236725383e-05,2.8439417292247526e-05,0.00018381096015218645
258,liver,liver,1,0.0,1.0,0.0,0.0,0.0,0.0,0.0,0.0,0.0,0.019699033349752426,0.9798194766044617,7.86715536378324e-05,0.00021618003665935248,3.784975706366822e-05,2.860441236407496e-05,3.8002101064193994e-05,5.081452400190756e-05,3.127318632323295e-05
471,liver,liver,1,0.0,1.0,0.0,0.0,0.0,0.0,0.0,0.0,0.0,0.011401256546378136,0.9876747131347656,0.00026050416636280715,0.000509121164213866,3.125091461697593e-05,2.1801553884870373e-05,3.4719047107500955e-05,4.120418452657759e-05,2.548230258980766e-05
2064,lung_epithelium,lung_epithelium,1,1.0,0.0,0.0,0.0,0.0,0.0,0.0,0.0,0.0,0.9996649026870728,6.120790203567594e-05,0.00014561053831130266,2.442575350869447e-05,1.6195850548683666e-05,1.1798743798863143e-05,1.8877244656323455e-05,2.0397797925397754e-05,3.654670945252292e-05
2837,lung_epithelium,lung_epithelium,1,1.0,0.0,0.0,0.0,0.0,0.0,0.0,0.0,0.0,0.9993553757667542,7.378136069746688e-05,0.00038565907743759453,2.4253642550320365e-05,2.756818685156759e-05,2.3852997401263565e-05,3.0269615308498032e-05,3.2201533031184226e-05,4.715863542514853e-05
139,lung_epithelium,lung_epithelium,1,1.0,0.0,0.0,0.0,0.0,0.0,0.0,0.0,0.0,0.992392897605896,0.0007738948916085064,0.006438324227929115,7.146997086238116e-05,5.9110374422743917e-05,4.577821891871281e-05,7.21981778042391e-05,0.0001129698648583144,3.3250089472858235e-05
585,muscle,muscle,1,0.0,0.0,1.0,0.0,0.0,0.0,0.0,0.0,0.0,0.00013926331303082407,0.00013223417045082897,0.9995600581169128,1.7068226952687837e-05,5.477559534483589e-05,2.035066245298367e-05,1.8882770746131428e-05,2.5998057026299648e-05,3.140159969916567e-05
2641,lung_epithelium,lung_epithelium,1,1.0,0.0,0.0,0.0,0.0,0.0,0.0,0.0,0.0,0.9987633228302002,0.0006303438567556441,2.6141604394069873e-05,0.0003121389599982649,8.270590478787199e-05,1.345931741525419e-05,1.773753683664836e-05,2.2394544430426322e-05,0.00013170567399356514
1552,lung_epithelium,lung_epithelium,1,1.0,0.0,0.0,0.0,0.0,0.0,0.0,0.0,0.0,0.9991459846496582,6.201879295986146e-05,0.0006050982046872377,2.9820523195667192e-05,3.2361538615077734e-05,2.533856240916066e-05,3.439110150793567e-05,3.785006265388802e-05,2.70328873739345e-05
296,liver,liver,1,0.0,1.0,0.0,0.0,0.0,0.0,0.0,0.0,0.0,0.024322329089045525,0.9742776155471802,0.0004941194783896208,0.0006959943566471338,4.547078424366191e-05,2.7257410692982376e-05,4.8193680413533e-05,5.38098938704934e-05,3.5207536711823195e-05
3242,bone_marrow,bone_marrow,1,0.0,0.0,0.0,0.0,1.0,0.0,0.0,0.0,0.0,0.004352526273578405,0.0005347004043869674,9.111386316362768e-05,6.891023076605052e-05,0.9860641956329346,0.00011516521772136912,9.79743417701684e-05,0.0001315769914072007,0.00854377169162035
464,liver,liver,1,0.0,1.0,0.0,0.0,0.0,0.0,0.0,0.0,0.0,0.18813180923461914,0.809252142906189,0.0017961328849196434,0.00044745963532477617,0.00011294491559965536,3.97627372876741e-05,7.81706694397144e-05,8.73553435667418e-05,5.4218802688410506e-05
3,liver,liver,1,0.0,1.0,0.0,0.0,0.0,0.0,0.0,0.0,0.0,0.02225939743220806,0.7401362657546997,0.00022653263295069337,0.23616231977939606,0.0001696926192380488,0.0002069927577394992,0.00023386001703329384,0.0002466351434122771,0.00035833375295624137
2605,lung_epithelium,lung_epithelium,1,1.0,0.0,0.0,0.0,0.0,0.0,0.0,0.0,0.0,0.9997122883796692,5.303196667227894e-05,5.6889301049523056e-05,2.2773923774366267e-05,3.162277425872162e-05,1.0093769560626242e-05,1.7008165741572157e-05,1.8527343854657374e-05,7.785699563100934e-05
940,liver,liver,1,0.0,0.5,0.0,0.5,0.0,0.0,0.0,0.0,0.0,0.00021236341854091734,0.5870891809463501,0.0015564669156447053,0.40776440501213074,0.002588423900306225,0.00015057298878673464,0.00019212406186852604,0.00014609198842663318,0.00030037571559660137
2010,lung_epithelium,lung_epithelium,1,1.0,0.0,0.0,0.0,0.0,0.0,0.0,0.0,0.0,0.9995073080062866,6.581405614269897e-05,0.00024981473688967526,2.1005085727665573e-05,2.802408198476769e-05,2.2186235582921654e-05,2.9216151233413257e-05,2.7246966055827215e-05,4.926956171402708e-05
1952,lung_epithelium,lung_epithelium,1,1.0,0.0,0.0,0.0,0.0,0.0,0.0,0.0,0.0,0.9980738162994385,0.0006741770193912089,4.917075784760527e-05,5.022742334404029e-05,2.2868727683089674e-05,2.8364345780573785e-05,3.55561678588856e-05,3.9299895433941856e-05,0.0010265517048537731
2066,lung_epithelium,lung_epithelium,1,1.0,0.0,0.0,0.0,0.0,0.0,0.0,0.0,0.0,0.9995068311691284,7.451251440215856e-05,0.0002299390616826713,2.121725628967397e-05,2.846054849214852e-05,2.3786848032614216e-05,3.114404535153881e-05,2.870922071451787e-05,5.5404318118235096e-05
1453,lung_epithelium,lung_epithelium,1,1.0,0.0,0.0,0.0,0.0,0.0,0.0,0.0,0.0,0.9995744824409485,6.702854443574324e-05,0.00017032009782269597,1.9283024812466465e-05,3.10468312818557e-05,2.4115532141877338e-05,3.219201244064607e-05,2.7773541660280898e-05,5.361491639632732e-05
312,liver,liver,1,0.0,1.0,0.0,0.0,0.0,0.0,0.0,0.0,0.0,0.02877112664282322,0.9707603454589844,4.7517904022242874e-05,0.00010664389992598444,8.848951256368309e-05,4.580830500344746e-05,6.79129661875777e-05,7.035125599941239e-05,4.183011333225295e-05
2816,lung_epithelium,lung_epithelium,1,1.0,0.0,0.0,0.0,0.0,0.0,0.0,0.0,0.0,0.9993869066238403,0.00034666433930397034,4.71043458674103e-05,6.5787804487627e-05,9.927278733812273e-05,1.1466502655821387e-05,1.77346337295603e-05,1.592222906765528e-05,9.211581527779344e-06
514,liver,liver,1,0.0,1.0,0.0,0.0,0.0,0.0,0.0,0.0,0.0,0.015320508740842342,0.9840765595436096,0.00011712080595316365,0.00029839243507012725,4.2052815842907876e-05,2.672657501534559e-05,3.6570807424141094e-05,4.776678542839363e-05,3.421397559577599e-05
930,liver,liver,1,0.0,0.5,0.0,0.5,0.0,0.0,0.0,0.0,0.0,0.0008267644443549216,0.536449670791626,0.0006899349391460419,0.46059030294418335,0.0008574468665756285,0.0001321782765444368,0.0001738446590024978,0.00014876005297992378,0.0001310431252932176
1326,lung_epithelium,lung_epithelium,1,1.0,0.0,0.0,0.0,0.0,0.0,0.0,0.0,0.0,0.9992852807044983,8.110536873573437e-05,0.00044412186252884567,2.7097137717646547e-05,2.7944790417677723e-05,2.608337854326237e-05,3.594984445953742e-05,3.585455851862207e-05,3.651593942777254e-05
76,liver,liver,1,0.0,1.0,0.0,0.0,0.0,0.0,0.0,0.0,0.0,0.0023588724434375763,0.9805830121040344,5.33185520907864e-05,0.01632675528526306,0.00034130350104533136,7.542433741036803e-05,0.00014596352411899716,8.399504440603778e-05,3.1428829970536754e-05
2318,lung_epithelium,lung_epithelium,1,1.0,0.0,0.0,0.0,0.0,0.0,0.0,0.0,0.0,0.9995567202568054,6.968965317355469e-05,0.00013066174869891256,6.248792487895116e-05,4.93335937790107e-05,1.620584043848794e-05,2.8287648092373274e-05,3.5278790164738894e-05,5.132612932357006e-05
249,liver,liver,1,0.0,1.0,0.0,0.0,0.0,0.0,0.0,0.0,0.0,0.10453981161117554,0.8940139412879944,0.00023975459043867886,0.0005694003193639219,3.463868779363111e-05,6.216795736690983e-05,9.47828812059015e-05,0.0001297499256907031,0.0003157760656904429
1798,lung_epithelium,lung_epithelium,1,1.0,0.0,0.0,0.0,0.0,0.0,0.0,0.0,0.0,0.9996784925460815,0.0001221605925820768,6.415507232304662e-05,1.1587610060814768e-05,2.4596094590378925e-05,1.5546967915724963e-05,3.271936293458566e-05,2.695297371246852e-05,2.3824442905606702e-05
3164,bone_marrow,bone_marrow,1,0.0,0.0,0.0,0.0,1.0,0.0,0.0,0.0,0.0,0.03794461488723755,0.24770784378051758,0.00015984541096258909,0.07941243797540665,0.6337665915489197,0.00015784372226335108,0.00023060454986989498,0.0001960694935405627,0.0004241830902174115
2399,lung_epithelium,lung_epithelium,1,1.0,0.0,0.0,0.0,0.0,0.0,0.0,0.0,0.0,0.9994726777076721,4.6104534703772515e-05,0.000269142328761518,2.7227242753724568e-05,2.9645052563864738e-05,1.8609945982461795e-05,2.3213371605379507e-05,2.824955117830541e-05,8.502968557877466e-05
2350,lung_epithelium,lung_epithelium,1,1.0,0.0,0.0,0.0,0.0,0.0,0.0,0.0,0.0,0.9988409876823425,0.0003682785318233073,0.0005835582269355655,5.188930299482308e-05,2.7526995836524293e-05,7.932183507364243e-06,1.0527062840992585e-05,1.3792675417789724e-05,9.5598996267654e-05
2958,ear,ear,1,0.0,0.0,0.0,0.0,0.0,0.0,0.0,0.0,1.0,0.0017353079747408628,0.005047379061579704,3.176830432494171e-05,0.00013915024464949965,7.437698513967916e-05,0.00021977483993396163,0.0002010142634389922,0.00021512480452656746,0.992336094379425
2849,lung_epithelium,lung_epithelium,1,1.0,0.0,0.0,0.0,0.0,0.0,0.0,0.0,0.0,0.9994439482688904,7.007303793216124e-05,0.0002980705176014453,2.269118522235658e-05,2.5925837690010667e-05,2.492108069418464e-05,3.169764022459276e-05,3.163156725349836e-05,5.098305700812489e-05
115,lung_epithelium,lung_epithelium,1,0.5,0.0,0.5,0.0,0.0,0.0,0.0,0.0,0.0,0.9884583353996277,0.0018938061548396945,0.009077525697648525,8.143313607433811e-05,5.8803907450055704e-05,7.560486847069114e-05,9.248789865523577e-05,0.00013253017095848918,0.00012952731049153954
1840,lung_epithelium,lung_epithelium,1,1.0,0.0,0.0,0.0,0.0,0.0,0.0,0.0,0.0,0.9996039271354675,6.392937939381227e-05,0.00017413028399460018,1.8719803847488947e-05,3.4645217965589836e-05,1.9811255697277375e-05,2.7251731808064505e-05,2.3261187379830517e-05,3.437770646996796e-05
2403,lung_epithelium,lung_epithelium,1,1.0,0.0,0.0,0.0,0.0,0.0,0.0,0.0,0.0,0.9995666146278381,0.00018580156029202044,9.932596003636718e-05,2.313194636371918e-05,1.9414161215536296e-05,8.374592653126456e-06,1.0980315892084036e-05,1.3224001122580376e-05,7.304014434339479e-05
764,muscle,muscle,1,0.0,0.0,1.0,0.0,0.0,0.0,0.0,0.0,0.0,5.1034148782491684e-05,8.097535464912653e-05,0.9997149109840393,1.5024386812001467e-05,3.514999843901023e-05,2.1191579435253516e-05,2.0208346541039646e-05,2.7543699616217054e-05,3.3912529033841565e-05
1220,lung_epithelium,lung_epithelium,1,1.0,0.0,0.0,0.0,0.0,0.0,0.0,0.0,0.0,0.9997716546058655,3.8776346627855673e-05,5.774414603365585e-05,2.193075488321483e-05,2.1701151126762852e-05,1.1249510862398893e-05,2.109124579874333e-05,1.970699304365553e-05,3.618557457230054e-05
2092,lung_epithelium,lung_epithelium,1,1.0,0.0,0.0,0.0,0.0,0.0,0.0,0.0,0.0,0.999652624130249,9.517651051282883e-05,2.3894886908237822e-05,1.7902044419315644e-05,1.990988130273763e-05,1.5692514352849685e-05,2.774217318801675e-05,2.0827365005970933e-05,0.00012626274838112295
2830,lung_epithelium,lung_epithelium,1,1.0,0.0,0.0,0.0,0.0,0.0,0.0,0.0,0.0,0.9991177916526794,0.0002036888326983899,0.0003038221038877964,3.230040965718217e-05,2.2249492758419365e-05,3.131624180241488e-05,3.6884670407744125e-05,4.129012086195871e-05,0.00021051829389762133
370,liver,liver,1,0.0,1.0,0.0,0.0,0.0,0.0,0.0,0.0,0.0,0.04104170948266983,0.9573256373405457,0.0006751202745363116,0.0007233194774016738,4.41808151663281e-05,3.4010725357802585e-05,5.6469551054760814e-05,6.640471110586077e-05,3.321073018014431e-05
1867,lung_epithelium,lung_epithelium,1,1.0,0.0,0.0,0.0,0.0,0.0,0.0,0.0,0.0,0.9997462630271912,3.884542820742354e-05,4.846139927394688e-05,1.653022991376929e-05,2.095563650073018e-05,1.2739579688059166e-05,2.3112661438062787e-05,2.1021451175329275e-05,7.199995161499828e-05
2880,lung_epithelium,lung_epithelium,1,1.0,0.0,0.0,0.0,0.0,0.0,0.0,0.0,0.0,0.9984147548675537,0.00023890542797744274,0.001105797360651195,5.503834836417809e-05,2.8639507945626974e-05,2.5571103833499365e-05,3.4748056350508705e-05,3.999228647444397e-05,5.6426193623337895e-05
772,muscle,muscle,1,0.0,0.0,1.0,0.0,0.0,0.0,0.0,0.0,0.0,7.045140228001401e-05,9.01466264622286e-05,0.9996649026870728,1.3500378372555133e-05,6.0364105593180284e-05,1.8814607756212354e-05,1.708172567305155e-05,2.3555925508844666e-05,4.121278470847756e-05
2723,lung_epithelium,lung_epithelium,1,1.0,0.0,0.0,0.0,0.0,0.0,0.0,0.0,0.0,0.9986159801483154,0.00026402497314848006,0.0008664834895171225,4.5058044634060934e-05,3.341392584843561e-05,2.8532513169921003e-05,3.321180702187121e-05,3.812694194493815e-05,7.511195872211829e-05
2150,lung_epithelium,lung_epithelium,1,1.0,0.0,0.0,0.0,0.0,0.0,0.0,0.0,0.0,0.9993591904640198,3.8720816519344226e-05,0.00040618659113533795,3.304994243080728e-05,2.8159976864117198e-05,2.170573134208098e-05,3.114077844657004e-05,3.649409336503595e-05,4.5351280277827755e-05
1871,lung_epithelium,lung_epithelium,1,1.0,0.0,0.0,0.0,0.0,0.0,0.0,0.0,0.0,0.9994621872901917,2.764875716820825e-05,0.0003175738675054163,2.48683772952063e-05,3.134353391942568e-05,2.2632337277173065e-05,2.993443195009604e-05,3.3789878216339275e-05,5.0017089961329475e-05
408,liver,liver,1,0.0,1.0,0.0,0.0,0.0,0.0,0.0,0.0,0.0,0.046645887196063995,0.9515783786773682,0.00041544545092619956,0.0010751441586762667,3.545670188032091e-05,4.029781848657876e-05,6.666263652732596e-05,8.200888260034844e-05,6.0655365814454854e-05
743,muscle,muscle,1,0.0,0.0,1.0,0.0,0.0,0.0,0.0,0.0,0.0,6.795459194108844e-05,7.671129424124956e-05,0.9996885061264038,1.4202264537743758e-05,4.698573684436269e-05,2.019858220592141e-05,1.9459534087218344e-05,2.6846653781831264e-05,3.916874993592501e-05
77,liver,liver,1,0.0,1.0,0.0,0.0,0.0,0.0,0.0,0.0,0.0,0.005331210792064667,0.6241745948791504,0.00012395471276249737,0.3691490888595581,0.0006059577572159469,0.000124924277770333,0.00015799498942214996,0.0001625105069251731,0.00016976533515844494
2499,lung_epithelium,lung_epithelium,1,1.0,0.0,0.0,0.0,0.0,0.0,0.0,0.0,0.0,0.9974417686462402,0.0016562652308493853,0.0002995567047037184,6.458997813751921e-05,2.752589716692455e-05,1.3172753824619576e-05,1.6691923519829288e-05,1.878435432445258e-05,0.00046171844587661326
3127,muscle,muscle,1,0.0,0.0,1.0,0.0,0.0,0.0,0.0,0.0,0.0,0.0003455477999523282,0.0013944135280326009,0.997929573059082,0.0001029290069709532,3.6182889743940905e-05,1.9623223124654032e-05,2.0886300262645818e-05,2.321020292583853e-05,0.00012750012683682144
2855,lung_epithelium,lung_epithelium,1,1.0,0.0,0.0,0.0,0.0,0.0,0.0,0.0,0.0,0.9992744326591492,9.116980072576553e-05,0.0004358997684903443,3.2281604944728315e-05,2.4997825676109642e-05,2.705965562199708e-05,3.440041109570302e-05,3.584739533835091e-05,4.3963016651105136e-05
2401,lung_epithelium,lung_epithelium,1,1.0,0.0,0.0,0.0,0.0,0.0,0.0,0.0,0.0,0.9993231296539307,5.015628266846761e-05,0.0004344727494753897,3.1624120310880244e-05,3.3529355278005823e-05,2.021405271079857e-05,2.7034870072384365e-05,3.3380394597770646e-05,4.6605320676462725e-05
1303,lung_epithelium,lung_epithelium,1,1.0,0.0,0.0,0.0,0.0,0.0,0.0,0.0,0.0,0.9993471503257751,3.40872720698826e-05,0.0004205793375149369,2.9694298063986935e-05,3.358994945301674e-05,2.5281960915890522e-05,3.585879676393233e-05,4.160597745794803e-05,3.211986768292263e-05
2908,liver,kidney,0,0.0,0.20000000298023224,0.0,0.20000000298023224,0.0,0.20000000298023224,0.20000000298023224,0.20000000298023224,0.0,0.011110054329037666,0.09850327670574188,0.020391305908560753,0.22296561300754547,0.0005348442937247455,0.21378129720687866,0.20542365312576294,0.22629258036613464,0.0009973219130188227
2250,lung_epithelium,lung_epithelium,1,1.0,0.0,0.0,0.0,0.0,0.0,0.0,0.0,0.0,0.9989727735519409,5.763102672062814e-05,0.0007515847100876272,3.033743087144103e-05,4.2481726268306375e-05,3.0668732506455854e-05,4.515545879257843e-05,4.927205736748874e-05,2.0147563191130757e-05
2087,lung_epithelium,lung_epithelium,1,1.0,0.0,0.0,0.0,0.0,0.0,0.0,0.0,0.0,0.9997290968894958,8.40524589875713e-05,4.763814649777487e-05,1.737493948894553e-05,1.777310171746649e-05,1.1831898518721573e-05,2.1692694645025767e-05,1.796918331820052e-05,5.252935443422757e-05
558,muscle,muscle,1,0.0,0.0,1.0,0.0,0.0,0.0,0.0,0.0,0.0,9.743545524543151e-05,0.00022525270469486713,0.9995033740997314,2.3647233319934458e-05,3.218975325580686e-05,2.380543992330786e-05,2.3232953026308678e-05,2.9993992939125746e-05,4.115958290640265e-05
3188,bone_marrow,bone_marrow,1,0.0,0.0,0.0,0.0,1.0,0.0,0.0,0.0,0.0,0.0009551206021569669,0.022815559059381485,7.77667373768054e-05,0.008851999416947365,0.9664632081985474,6.895212572999299e-05,7.823097257642075e-05,6.25943866907619e-05,0.0006264977855607867
1288,lung_epithelium,lung_epithelium,1,1.0,0.0,0.0,0.0,0.0,0.0,0.0,0.0,0.0,0.9997193217277527,0.00012191966379759833,4.0484323108103126e-05,1.3316717740963213e-05,3.0293322197394446e-05,1.0275309250573628e-05,1.7698894225759432e-05,1.3528295312426053e-05,3.329743049107492e-05
2332,lung_epithelium,lung_epithelium,1,1.0,0.0,0.0,0.0,0.0,0.0,0.0,0.0,0.0,0.9996623992919922,6.6413136664778e-05,5.730578413931653e-05,3.0133443942759186e-05,2.2725578673998825e-05,1.2856014109274838e-05,1.9438512026681565e-05,2.3129112378228456e-05,0.00010559575457591563
2506,lung_epithelium,lung_epithelium,1,1.0,0.0,0.0,0.0,0.0,0.0,0.0,0.0,0.0,0.9990555644035339,0.00013063460937701166,0.00030810426687821746,3.557170202839188e-05,2.8091722924727947e-05,2.2863318008603528e-05,2.7448726541479118e-05,3.085013304371387e-05,0.00036085868487134576
352,liver,liver,1,0.0,1.0,0.0,0.0,0.0,0.0,0.0,0.0,0.0,0.020068246871232986,0.9794989228248596,0.0001041363284457475,0.00013452384155243635,6.493830005638301e-05,2.473747190379072e-05,3.416646723053418e-05,4.2120729631278664e-05,2.8152264349046163e-05
1913,lung_epithelium,lung_epithelium,1,1.0,0.0,0.0,0.0,0.0,0.0,0.0,0.0,0.0,0.9995253086090088,0.0001418421306880191,0.00021438980184029788,2.703023528738413e-05,1.3050488632870838e-05,1.0137072422367055e-05,1.56846217578277e-05,1.7288099115830846e-05,3.530117101036012e-05
2254,lung_epithelium,lung_epithelium,1,1.0,0.0,0.0,0.0,0.0,0.0,0.0,0.0,0.0,0.9989839196205139,0.00043768537580035627,0.00029256337438710034,2.9367072784225456e-05,8.829952275846153e-05,2.541292633395642e-05,6.13256634096615e-05,5.579932621913031e-05,2.561974361015018e-05
3267,bone_marrow,liver,0,0.0,0.0,0.0,0.0,1.0,0.0,0.0,0.0,0.0,0.0017227070638909936,0.8730179667472839,6.993827264523134e-05,0.00647106533870101,0.11783517152070999,9.607209358364344e-05,0.00016644661081954837,9.288982982980087e-05,0.0005277617019601166
1591,lung_epithelium,lung_epithelium,1,1.0,0.0,0.0,0.0,0.0,0.0,0.0,0.0,0.0,0.9992313385009766,3.488722359179519e-05,0.000537106127012521,3.0631239496869966e-05,3.8125737773953006e-05,2.3164910089690238e-05,3.165669841109775e-05,3.778901736950502e-05,3.5308396036271006e-05
387,liver,liver,1,0.0,1.0,0.0,0.0,0.0,0.0,0.0,0.0,0.0,0.1446821689605713,0.8513708710670471,0.003019826952368021,0.0005373095627874136,8.81526357261464e-05,5.023432458983734e-05,9.303220576839522e-05,0.00010469313565408811,5.3670297347707674e-05
2746,lung_epithelium,lung_epithelium,1,1.0,0.0,0.0,0.0,0.0,0.0,0.0,0.0,0.0,0.9993985891342163,6.877967825857922e-05,0.0002762099902611226,3.120191104244441e-05,2.974707240355201e-05,1.7028694855980575e-05,2.044283610302955e-05,2.3693104594713077e-05,0.00013430265244096518
3301,ear,ear,1,0.0,0.0,0.0,0.0,0.0,0.0,0.0,0.0,1.0,0.0012762292753905058,0.0001771422103047371,2.546099858591333e-05,1.1888506378454622e-05,9.230376599589363e-05,0.00011237047147005796,0.00010053803271148354,0.00011755331070162356,0.9980865716934204
738,muscle,muscle,1,0.0,0.0,1.0,0.0,0.0,0.0,0.0,0.0,0.0,6.638556078542024e-05,0.00013463752111420035,0.9996341466903687,1.7248086805921048e-05,5.561828220379539e-05,1.8666745745576918e-05,1.671583959250711e-05,2.2720365450368263e-05,3.389342600712553e-05
2490,lung_epithelium,lung_epithelium,1,1.0,0.0,0.0,0.0,0.0,0.0,0.0,0.0,0.0,0.9992632269859314,8.9221604866907e-05,0.0004478237242437899,3.14343924401328e-05,2.5800301955314353e-05,2.1872849174542353e-05,2.7668573238770477e-05,3.2945757993729785e-05,5.9953985328320414e-05
2677,lung_epithelium,lung_epithelium,1,1.0,0.0,0.0,0.0,0.0,0.0,0.0,0.0,0.0,0.9962917566299438,0.0021696677431464195,2.208680598414503e-05,0.0011765225790441036,8.944099681684747e-05,2.0438452338567004e-05,2.7976817364105955e-05,3.420450593694113e-05,0.00016799286822788417
246,liver,liver,1,0.0,1.0,0.0,0.0,0.0,0.0,0.0,0.0,0.0,0.012274025939404964,0.986116349697113,0.00013330159708857536,0.0005426076822914183,2.1708672647946514e-05,0.00015994357818271965,0.000183144147740677,0.0001856502058217302,0.00038319872692227364
1905,lung_epithelium,lung_epithelium,1,1.0,0.0,0.0,0.0,0.0,0.0,0.0,0.0,0.0,0.9996501207351685,8.409038855461404e-05,7.117355562513694e-05,2.7065156245953403e-05,1.2374894140521064e-05,1.2240207979630213e-05,2.0894536646665074e-05,2.228600533271674e-05,9.972703992389143e-05
583,muscle,muscle,1,0.0,0.0,1.0,0.0,0.0,0.0,0.0,0.0,0.0,0.00011913669732166454,0.00014065232244320214,0.9995606541633606,1.757620157150086e-05,6.25818720436655e-05,1.818976306822151e-05,1.8143105990020558e-05,2.4604834834462963e-05,3.8498070352943614e-05
101,liver,liver,1,0.0,1.0,0.0,0.0,0.0,0.0,0.0,0.0,0.0,0.004479579161852598,0.9893331527709961,0.002255069324746728,0.0034429540392011404,0.0002662097103893757,5.256272925180383e-05,8.253024134319276e-05,6.853046215837821e-05,1.936243279487826e-05
1252,lung_epithelium,lung_epithelium,1,1.0,0.0,0.0,0.0,0.0,0.0,0.0,0.0,0.0,0.999225378036499,7.234991790028289e-05,0.0005323700024746358,1.9269527911092155e-05,4.446374441613443e-05,2.3267706637852825e-05,2.8032318368786946e-05,3.2588250178378075e-05,2.2251144400797784e-05
3001,liver,liver,1,0.0,1.0,0.0,0.0,0.0,0.0,0.0,0.0,0.0,0.004658503457903862,0.9907887578010559,8.809223072603345e-05,0.000573007098864764,2.1506493794731796e-05,0.00020678223518189043,0.00019590691954363137,0.00020462065003812313,0.0032627468463033438
2843,lung_epithelium,lung_epithelium,1,1.0,0.0,0.0,0.0,0.0,0.0,0.0,0.0,0.0,0.9991546869277954,9.034911636263132e-05,0.0005790024297311902,3.155965532641858e-05,2.8757682230207138e-05,2.1463623852469027e-05,2.821873022185173e-05,3.078391819144599e-05,3.52112328982912e-05
697,muscle,muscle,1,0.0,0.0,1.0,0.0,0.0,0.0,0.0,0.0,0.0,6.54461546218954e-05,8.506686572218314e-05,0.9996808767318726,1.178069578600116e-05,4.0262300899485126e-05,2.0695215425803326e-05,1.8942431779578328e-05,2.6318957679904997e-05,5.065908408141695e-05
2166,lung_epithelium,lung_epithelium,1,1.0,0.0,0.0,0.0,0.0,0.0,0.0,0.0,0.0,0.9984855055809021,0.0007309513748623431,2.6636929760570638e-05,0.0006105269421823323,3.464614928816445e-05,1.423305002390407e-05,2.4199922336265445e-05,2.6376585083198734e-05,4.7010762500576675e-05
124,lung_epithelium,lung_epithelium,1,1.0,0.0,0.0,0.0,0.0,0.0,0.0,0.0,0.0,0.5904805660247803,0.390987753868103,0.01752033829689026,0.00019650161266326904,0.00017884017142932862,0.0001197496967506595,0.0002029615279752761,0.00021763383119832724,9.56546064116992e-05
3086,muscle,muscle,1,0.0,0.0,1.0,0.0,0.0,0.0,0.0,0.0,0.0,0.00013927865074947476,0.0005234536365605891,0.9990420937538147,3.906480924342759e-05,7.258134428411722e-05,2.9405273380689323e-05,2.6977875677403063e-05,3.151243436150253e-05,9.55378491198644e-05
2086,lung_epithelium,lung_epithelium,1,1.0,0.0,0.0,0.0,0.0,0.0,0.0,0.0,0.0,0.999599039554596,6.0116890381323174e-05,0.0001340414019068703,1.599582174094394e-05,2.9830487619619817e-05,2.4212198695749976e-05,3.096908039879054e-05,2.6192490622634068e-05,7.96047315816395e-05
1966,lung_epithelium,lung_epithelium,1,1.0,0.0,0.0,0.0,0.0,0.0,0.0,0.0,0.0,0.9995450377464294,8.595408871769905e-05,9.664934623287991e-05,2.7685855457093567e-05,3.113733328063972e-05,1.4087341696722433e-05,1.8813052520272322e-05,2.3910573872854002e-05,0.00015674800670240074
126,lung_epithelium,lung_epithelium,1,1.0,0.0,0.0,0.0,0.0,0.0,0.0,0.0,0.0,0.9250141382217407,0.062116589397192,0.011839124374091625,0.00012655940372496843,7.562491373391822e-05,0.00019847913063131273,0.00030359154334291816,0.0002767978294286877,4.9017893616110086e-05
1777,lung_epithelium,lung_epithelium,1,1.0,0.0,0.0,0.0,0.0,0.0,0.0,0.0,0.0,0.9997377991676331,7.343746983679011e-05,8.338579209521413e-05,1.9418392184888944e-05,2.1150755856069736e-05,9.449664503335953e-06,1.929230165842455e-05,1.6136271369759925e-05,1.986469214898534e-05
1017,muscle,muscle,1,0.0,0.0,1.0,0.0,0.0,0.0,0.0,0.0,0.0,0.0001311894884565845,0.0009180394117720425,0.9987720847129822,6.50650035822764e-05,1.9993849491584115e-05,2.1476163965417072e-05,2.4877172108972445e-05,2.5820032533374615e-05,2.1447038307087496e-05
1026,muscle,muscle,1,0.0,0.0,1.0,0.0,0.0,0.0,0.0,0.0,0.0,0.0001900869101518765,0.00029808797989971936,0.9993271827697754,3.00145402434282e-05,5.816650445922278e-05,1.648572833801154e-05,1.8537188225309364e-05,1.982546382350847e-05,4.162546247243881e-05
1902,lung_epithelium,lung_epithelium,1,1.0,0.0,0.0,0.0,0.0,0.0,0.0,0.0,0.0,0.9990378618240356,9.235888865077868e-05,0.0006764690042473376,3.498020669212565e-05,2.8798143830499612e-05,2.5516126697766595e-05,3.414285311009735e-05,3.707659925566986e-05,3.271926470915787e-05
2974,liver,liver,1,0.0,1.0,0.0,0.0,0.0,0.0,0.0,0.0,0.0,0.0007278312114067376,0.9970613121986389,0.0004761521704494953,0.0002706997038330883,1.194130254589254e-05,9.257339115720242e-05,9.529842645861208e-05,8.690362301422283e-05,0.001177239348180592
3238,bone_marrow,bone_marrow,1,0.0,0.0,0.0,0.0,1.0,0.0,0.0,0.0,0.0,0.0002765748940873891,0.0009042836027219892,0.000139631811180152,0.00011073757195845246,0.9884302616119385,9.390578634338453e-05,7.585324783576652e-05,9.060549200512469e-05,0.00987813901156187
1277,lung_epithelium,lung_epithelium,1,1.0,0.0,0.0,0.0,0.0,0.0,0.0,0.0,0.0,0.9996126294136047,4.847169475397095e-05,4.139437442063354e-05,2.8560552891576663e-05,1.8083777831634507e-05,1.8551096218288876e-05,3.1162522645900026e-05,3.154414298478514e-05,0.00016953411977738142
1883,lung_epithelium,lung_epithelium,1,1.0,0.0,0.0,0.0,0.0,0.0,0.0,0.0,0.0,0.9996944665908813,8.722666825633496e-05,7.983555406099185e-05,2.0464278350118548e-05,1.6173284166143276e-05,1.206808792630909e-05,2.334376586077269e-05,1.944312134583015e-05,4.691831418313086e-05
2357,lung_epithelium,lung_epithelium,1,1.0,0.0,0.0,0.0,0.0,0.0,0.0,0.0,0.0,0.9981662631034851,0.0013296524994075298,0.00019558526400942355,3.129975812043995e-05,2.8721315175062045e-05,1.0772927453217562e-05,1.5088202417246066e-05,1.3210866200097371e-05,0.00020941613183822483
49,liver,liver,1,0.0,1.0,0.0,0.0,0.0,0.0,0.0,0.0,0.0,0.03446171432733536,0.9473041296005249,4.2136864067288116e-05,0.01742844097316265,0.00045999654685147107,6.142336496850476e-05,0.00010904899681918323,7.254052616190165e-05,6.061837848392315e-05
2081,lung_epithelium,lung_epithelium,1,1.0,0.0,0.0,0.0,0.0,0.0,0.0,0.0,0.0,0.9996869564056396,0.00012023248564219102,3.876896153087728e-05,1.850875560194254e-05,1.925314609252382e-05,1.2836471796617843e-05,2.4102173483697698e-05,1.8134465790353715e-05,6.112338451202959e-05
3067,muscle,muscle,1,0.0,0.0,1.0,0.0,0.0,0.0,0.0,0.0,0.0,0.036018677055835724,0.0024341875687241554,0.9608884453773499,0.0002008789888350293,0.00011073772475356236,3.077416477026418e-05,4.109799556317739e-05,5.016824070480652e-05,0.00022504998196382076
2439,lung_epithelium,lung_epithelium,1,1.0,0.0,0.0,0.0,0.0,0.0,0.0,0.0,0.0,0.9991552829742432,5.692553168046288e-05,0.0005308346007950604,2.205532837251667e-05,0.0001107783755287528,1.2329562196100596e-05,1.6351486920029856e-05,2.241342190245632e-05,7.300911966012791e-05
248,liver,liver,1,0.0,1.0,0.0,0.0,0.0,0.0,0.0,0.0,0.0,0.16864974796772003,0.8291420340538025,0.0002355214674025774,0.000692639616318047,4.264834205969237e-05,0.0001006715974654071,0.00014123816799838096,0.00021397774980869144,0.0007815159042365849
593,muscle,muscle,1,0.0,0.0,1.0,0.0,0.0,0.0,0.0,0.0,0.0,0.00012492465612012893,0.00012742758553940803,0.9995755553245544,1.3822405890095979e-05,5.025931750424206e-05,2.1874782760278322e-05,1.9569028154364787e-05,2.7487485567689873e-05,3.902257594745606e-05
819,liver,liver,1,0.0,1.0,0.0,0.0,0.0,0.0,0.0,0.0,0.0,0.0014780043857172132,0.9951026439666748,0.0010485374368727207,0.00024323731486219913,0.00168147764634341,0.0001101473972084932,0.00016664863505866379,8.191636152332649e-05,8.731576963327825e-05
1240,lung_epithelium,lung_epithelium,1,1.0,0.0,0.0,0.0,0.0,0.0,0.0,0.0,0.0,0.9996098875999451,0.0002139818388968706,4.081263250554912e-05,1.3318815945240203e-05,3.498698788462207e-05,1.2426689863787033e-05,1.78881200554315e-05,1.339198752248194e-05,4.326438647694886e-05
128,lung_epithelium,lung_epithelium,1,1.0,0.0,0.0,0.0,0.0,0.0,0.0,0.0,0.0,0.8113000392913818,0.1834031343460083,0.0045130373910069466,9.724724077386782e-05,0.0001066784534486942,0.00011479251406854019,0.00019600243831519037,0.00020898801449220628,6.004653550917283e-05
1163,lung_epithelium,lung_epithelium,1,1.0,0.0,0.0,0.0,0.0,0.0,0.0,0.0,0.0,0.999116837978363,0.00016962886729743332,0.0005591636290773749,3.2460957299917936e-05,1.9263814465375617e-05,1.0176819159823935e-05,1.3271366697154008e-05,1.7685395505395718e-05,6.148650572868064e-05
2096,lung_epithelium,lung_epithelium,1,1.0,0.0,0.0,0.0,0.0,0.0,0.0,0.0,0.0,0.9996013045310974,0.00017684059275779873,1.4173072486300953e-05,4.3474581616465e-05,4.038688348373398e-05,1.665423587837722e-05,2.4753664547461085e-05,2.107546606566757e-05,6.120248872321099e-05
2429,lung_epithelium,lung_epithelium,1,1.0,0.0,0.0,0.0,0.0,0.0,0.0,0.0,0.0,0.9989413619041443,6.406724423868582e-05,0.000799910572823137,2.628958463901654e-05,4.646700108423829e-05,2.1976078642182983e-05,2.8053067580913194e-05,3.31504998030141e-05,3.871404260280542e-05
952,liver,liver,1,0.0,0.5,0.0,0.5,0.0,0.0,0.0,0.0,0.0,0.0007862880011089146,0.5654167532920837,0.00033545232145115733,0.4300616681575775,0.002810816513374448,0.00010214070061920211,0.00014136933896224946,0.00011106296733487397,0.0002344888198422268
1419,lung_epithelium,lung_epithelium,1,1.0,0.0,0.0,0.0,0.0,0.0,0.0,0.0,0.0,0.9996108412742615,8.091535710263997e-05,9.493910329183564e-05,5.4548116168007255e-05,2.0406130715855397e-05,1.7990649212151766e-05,4.0582632209407166e-05,4.0346461901208386e-05,3.9570728404214606e-05
1449,lung_epithelium,lung_epithelium,1,1.0,0.0,0.0,0.0,0.0,0.0,0.0,0.0,0.0,0.999529242515564,4.6132216084515676e-05,0.00023695126583334059,1.9463375792838633e-05,2.94756955554476e-05,2.4000255507417023e-05,3.089008532697335e-05,2.9950460884720087e-05,5.402241004048847e-05
1113,lung_epithelium,lung_epithelium,1,1.0,0.0,0.0,0.0,0.0,0.0,0.0,0.0,0.0,0.9946208000183105,0.0006769902538508177,0.004261929541826248,0.00016049554687924683,5.166459595784545e-05,4.674679439631291e-05,7.18372903065756e-05,7.312829984584823e-05,3.644726166385226e-05
2229,lung_epithelium,lung_epithelium,1,1.0,0.0,0.0,0.0,0.0,0.0,0.0,0.0,0.0,0.999691367149353,8.998135308502242e-05,7.798087608534843e-05,1.96038163267076e-05,1.5325367712648585e-05,1.1836655176011845e-05,2.247974589408841e-05,1.886160134745296e-05,5.252887058304623e-05
1090,muscle,muscle,1,0.0,0.0,1.0,0.0,0.0,0.0,0.0,0.0,0.0,0.00016979519568849355,0.0003371783532202244,0.9990860223770142,1.953601349669043e-05,0.000117610783490818,1.636297383811325e-05,1.5131312466110103e-05,1.6998013961710967e-05,0.00022140568762551993
2190,lung_epithelium,lung_epithelium,1,1.0,0.0,0.0,0.0,0.0,0.0,0.0,0.0,0.0,0.9994465708732605,8.801136573310941e-05,0.00023567779862787575,2.5268302124459296e-05,2.698126081668306e-05,2.817353561113123e-05,3.413913873373531e-05,3.2931071473285556e-05,8.223449549404904e-05
547,muscle,muscle,1,0.0,0.0,1.0,0.0,0.0,0.0,0.0,0.0,0.0,0.00013671137276105583,0.00021496991394087672,0.9994791150093079,1.8867040125769563e-05,4.9679310905048624e-05,1.8077102140523493e-05,1.787721885193605e-05,2.419560587441083e-05,4.0585524402558804e-05
1112,lung_epithelium,lung_epithelium,1,1.0,0.0,0.0,0.0,0.0,0.0,0.0,0.0,0.0,0.9949100613594055,0.0006972685805521905,0.003964385483413935,0.0001525773695902899,4.732778688776307e-05,4.6532491978723556e-05,7.133788312785327e-05,7.19942690921016e-05,3.8527228753082454e-05
2847,lung_epithelium,lung_epithelium,1,1.0,0.0,0.0,0.0,0.0,0.0,0.0,0.0,0.0,0.9992613196372986,8.097258250927553e-05,0.000470065075205639,2.890127871069126e-05,2.815558218571823e-05,2.418023177597206e-05,3.043496690224856e-05,3.3559212170075625e-05,4.2376635974505916e-05
2296,lung_epithelium,lung_epithelium,1,1.0,0.0,0.0,0.0,0.0,0.0,0.0,0.0,0.0,0.9969109892845154,0.0014048845041543245,0.0010957046179100871,0.00017999995907302946,2.3020249500405043e-05,1.256915584235685e-05,1.770516246324405e-05,2.450085958116688e-05,0.0003306673315819353
285,liver,liver,1,0.0,1.0,0.0,0.0,0.0,0.0,0.0,0.0,0.0,0.056421730667352676,0.9418665170669556,0.0004360000020824373,0.001013530301861465,3.64670340786688e-05,3.7075657019158825e-05,6.478052819147706e-05,7.544501568190753e-05,4.8406618589069694e-05
2998,liver,liver,1,0.0,1.0,0.0,0.0,0.0,0.0,0.0,0.0,0.0,0.0024890024214982986,0.9953759908676147,0.001204813364893198,0.0003470183291938156,1.3981703887111507e-05,4.3434687540866435e-05,4.9688904255162925e-05,5.1174811233067885e-05,0.00042485856101848185
1070,muscle,muscle,1,0.0,0.0,1.0,0.0,0.0,0.0,0.0,0.0,0.0,0.02371852658689022,0.002134329406544566,0.973311722278595,0.0002452090848237276,0.00042495198431424797,3.507305518724024e-05,4.3610340071609244e-05,5.329255509423092e-05,3.3202981285285205e-05
1854,lung_epithelium,lung_epithelium,1,1.0,0.0,0.0,0.0,0.0,0.0,0.0,0.0,0.0,0.9996669292449951,8.468007581541315e-05,9.401144052390009e-05,2.0312561900937e-05,3.299148738733493e-05,1.846467966970522e-05,2.5609133444959298e-05,2.0997284082113765e-05,3.598814146243967e-05
2164,lung_epithelium,lung_epithelium,1,1.0,0.0,0.0,0.0,0.0,0.0,0.0,0.0,0.0,0.9994725584983826,8.127784531097859e-05,0.00025200381060130894,2.2412859834730625e-05,2.7342250177753158e-05,2.2984422685112804e-05,2.92198164970614e-05,2.7463509468361735e-05,6.477723945863545e-05
3027,liver,liver,1,0.0,1.0,0.0,0.0,0.0,0.0,0.0,0.0,0.0,0.0014807640109211206,0.9966273903846741,0.0007131692836992443,0.0004485004465095699,1.2034357496304438e-05,5.9721754951169714e-05,6.253630999708548e-05,6.665181717835367e-05,0.0005291505949571729
178,liver,liver,1,0.0,1.0,0.0,0.0,0.0,0.0,0.0,0.0,0.0,0.1117505356669426,0.8862221837043762,0.0006496979622170329,0.0010581760434433818,3.910521627403796e-05,4.532608363660984e-05,8.104697917588055e-05,9.666015102993697e-05,5.728934411308728e-05
198,liver,liver,1,0.0,1.0,0.0,0.0,0.0,0.0,0.0,0.0,0.0,0.056964971125125885,0.9424731135368347,0.00019401244935579598,0.00011614980030572042,9.904584294417873e-05,2.7876110834768042e-05,4.634634387912229e-05,5.196810161578469e-05,2.6612031433614902e-05
1607,lung_epithelium,lung_epithelium,1,1.0,0.0,0.0,0.0,0.0,0.0,0.0,0.0,0.0,0.9996919631958008,5.296745439409278e-05,0.00014326453674584627,2.0758283426403068e-05,1.8192342395195737e-05,1.0612844562274404e-05,1.7423040844732895e-05,1.848023930506315e-05,2.635888995428104e-05
2606,lung_epithelium,lung_epithelium,1,1.0,0.0,0.0,0.0,0.0,0.0,0.0,0.0,0.0,0.999504804611206,3.483947511995211e-05,0.00021261807705741376,2.008000956266187e-05,3.499729064060375e-05,1.9610126400948502e-05,2.329788367205765e-05,2.606558336992748e-05,0.00012373678328003734
80,liver,liver,1,0.0,1.0,0.0,0.0,0.0,0.0,0.0,0.0,0.0,0.006922182627022266,0.9472530484199524,4.067403278895654e-05,0.04490064084529877,0.00038573829806409776,0.00011156153050251305,0.00020806431712117046,0.0001421578781446442,3.597115573938936e-05
711,muscle,muscle,1,0.0,0.0,1.0,0.0,0.0,0.0,0.0,0.0,0.0,5.267246888251975e-05,8.852083556121215e-05,0.9996986389160156,1.4174966963764746e-05,4.1964729462051764e-05,2.0338229660410434e-05,1.8433611330692656e-05,2.5438092052354477e-05,3.973114144173451e-05
55,liver,liver,1,0.0,1.0,0.0,0.0,0.0,0.0,0.0,0.0,0.0,0.005403193179517984,0.979804277420044,4.5307737309485674e-05,0.014047950506210327,0.0003601934586185962,7.423438364639878e-05,0.0001503264211351052,8.671788236824796e-05,2.7744654289563186e-05
3046,liver,liver,1,0.0,1.0,0.0,0.0,0.0,0.0,0.0,0.0,0.0,0.0024338476359844208,0.9959418177604675,0.0009643010562285781,0.00029273779364302754,2.2800930310040712e-05,3.5254270187579095e-05,3.805890810326673e-05,3.337027374072932e-05,0.00023770651023369282
2003,lung_epithelium,lung_epithelium,1,1.0,0.0,0.0,0.0,0.0,0.0,0.0,0.0,0.0,0.9996464252471924,6.08444279350806e-05,0.00017691335233394057,2.3255475753103383e-05,1.6987562048598193e-05,1.0574980478850193e-05,1.848553256422747e-05,1.845711813075468e-05,2.799680623866152e-05
1233,lung_epithelium,lung_epithelium,1,1.0,0.0,0.0,0.0,0.0,0.0,0.0,0.0,0.0,0.9996634721755981,4.610845644492656e-05,0.00016982544912025332,2.7341242457623594e-05,2.191834573750384e-05,1.1606005500652827e-05,2.0544170183711685e-05,2.1386140360846184e-05,1.7906198991113342e-05
1455,lung_epithelium,lung_epithelium,1,1.0,0.0,0.0,0.0,0.0,0.0,0.0,0.0,0.0,0.9995192289352417,3.7920064642094076e-05,0.00014876962814014405,1.735344085318502e-05,3.248846405767836e-05,2.7030688215745613e-05,3.275445487815887e-05,3.165208545397036e-05,0.00015292999160010368
1009,muscle,muscle,1,0.0,0.0,1.0,0.0,0.0,0.0,0.0,0.0,0.0,0.0001555241469759494,0.0010715447133406997,0.9985454082489014,0.00010294351523043588,2.5437404474359937e-05,2.614913864817936e-05,3.0582494218833745e-05,3.053533873753622e-05,1.1824473403976299e-05
2669,lung_epithelium,lung_epithelium,1,1.0,0.0,0.0,0.0,0.0,0.0,0.0,0.0,0.0,0.99940025806427,0.00011547572648851201,0.0002594930410850793,2.371541086176876e-05,3.125068178633228e-05,2.4630393454572186e-05,2.8911805202369578e-05,2.8647660656133667e-05,8.752793655730784e-05
2825,lung_epithelium,lung_epithelium,1,1.0,0.0,0.0,0.0,0.0,0.0,0.0,0.0,0.0,0.9978955984115601,0.0014184877509251237,4.0262792026624084e-05,0.0005071128252893686,7.391723192995414e-05,1.2663282177527435e-05,1.918473390105646e-05,2.3346159650827758e-05,9.451187906961422e-06
1004,muscle,muscle,1,0.0,0.0,1.0,0.0,0.0,0.0,0.0,0.0,0.0,0.0006500002928078175,0.0023751447442919016,0.9967285394668579,8.374967728741467e-05,4.584292400977574e-05,2.297176433785353e-05,3.1131727155297995e-05,3.20016588375438e-05,3.06685506075155e-05
2241,lung_epithelium,lung_epithelium,1,1.0,0.0,0.0,0.0,0.0,0.0,0.0,0.0,0.0,0.9997078776359558,4.167541192146018e-05,5.6316963309654966e-05,2.530696292524226e-05,1.609110040590167e-05,1.4622289199905936e-05,2.8018024750053883e-05,2.5739194825291634e-05,8.421619713772088e-05
1995,lung_epithelium,lung_epithelium,1,1.0,0.0,0.0,0.0,0.0,0.0,0.0,0.0,0.0,0.9997319579124451,4.258222543285228e-05,6.104923522798344e-05,2.13425955735147e-05,1.8121278117178008e-05,1.2571961633511819e-05,2.3335473088081926e-05,2.1308997020241804e-05,6.76727868267335e-05
134,lung_epithelium,liver,0,1.0,0.0,0.0,0.0,0.0,0.0,0.0,0.0,0.0,0.14154721796512604,0.8575370907783508,0.00022356399858836085,0.000406852166634053,5.57305829715915e-05,3.629516504588537e-05,6.835009844508022e-05,7.636189548065886e-05,4.848578464589082e-05
2103,lung_epithelium,lung_epithelium,1,1.0,0.0,0.0,0.0,0.0,0.0,0.0,0.0,0.0,0.9996191263198853,0.00011024780542356893,0.000166514131706208,2.1251942598610185e-05,1.7184058378916234e-05,8.488783350912854e-06,1.2506067832873669e-05,1.4524098332913127e-05,3.0164428608259186e-05
3132,muscle,muscle,1,0.0,0.0,1.0,0.0,0.0,0.0,0.0,0.0,0.0,0.0003547983360476792,0.005939828231930733,0.9931737780570984,0.00021527890930883586,1.6882204363355413e-05,4.751784945256077e-05,4.977411299478263e-05,5.655210406985134e-05,0.00014560428098775446
3076,muscle,muscle,1,0.0,0.0,1.0,0.0,0.0,0.0,0.0,0.0,0.0,0.017338288947939873,0.0019386470085009933,0.9800073504447937,0.00032187887700274587,8.075400546658784e-05,2.987593506986741e-05,4.198562237434089e-05,5.210003291722387e-05,0.00018924158939626068
1642,lung_epithelium,lung_epithelium,1,1.0,0.0,0.0,0.0,0.0,0.0,0.0,0.0,0.0,0.9996503591537476,9.857668192125857e-05,4.181776603218168e-05,1.72820218722336e-05,9.422386210644618e-05,1.4334050320030656e-05,3.0419825634453446e-05,2.9482525860657915e-05,2.3514287022408098e-05
1254,lung_epithelium,lung_epithelium,1,1.0,0.0,0.0,0.0,0.0,0.0,0.0,0.0,0.0,0.9995861649513245,4.218356843921356e-05,0.00016528597916476429,1.2221742508700117e-05,4.5122425945010036e-05,2.13440835068468e-05,2.2020652977516875e-05,2.5203187760780565e-05,8.046121365623549e-05
256,liver,liver,1,0.0,1.0,0.0,0.0,0.0,0.0,0.0,0.0,0.0,0.06869945675134659,0.929312527179718,0.0008923688437789679,0.0008413323666900396,5.9118196077179164e-05,3.433855454204604e-05,6.4583306084387e-05,6.732023030053824e-05,2.892065094783902e-05
1491,lung_epithelium,lung_epithelium,1,1.0,0.0,0.0,0.0,0.0,0.0,0.0,0.0,0.0,0.9996016621589661,8.633686957182363e-05,9.214453166350722e-05,7.528403511969373e-05,2.9919941880507395e-05,1.5539633750449866e-05,3.119339817203581e-05,3.318741073599085e-05,3.4796892578015104e-05
611,muscle,muscle,1,0.0,0.0,1.0,0.0,0.0,0.0,0.0,0.0,0.0,0.00011716612061718479,0.00014279385504778475,0.9995625615119934,1.622673516976647e-05,4.794663254870102e-05,1.9008046365343034e-05,1.9055036318604834e-05,2.571521145000588e-05,4.953906682203524e-05
2438,lung_epithelium,lung_epithelium,1,1.0,0.0,0.0,0.0,0.0,0.0,0.0,0.0,0.0,0.9992982149124146,5.931779378443025e-05,0.00041643259464763105,1.9255077859270386e-05,8.895658538676798e-05,1.1068867024732754e-05,1.4768843357160222e-05,1.9853136109304614e-05,7.208796159829944e-05
2760,lung_epithelium,lung_epithelium,1,1.0,0.0,0.0,0.0,0.0,0.0,0.0,0.0,0.0,0.9992945194244385,0.0003073177649639547,0.0001050535574904643,7.447181997122243e-05,2.2816591808805242e-05,2.3091910406947136e-05,5.6952958402689546e-05,5.037833398091607e-05,6.52387534501031e-05
2509,lung_epithelium,lung_epithelium,1,1.0,0.0,0.0,0.0,0.0,0.0,0.0,0.0,0.0,0.5217581391334534,0.3725842535495758,0.00022728013573214412,0.10170093923807144,0.0008353465818800032,0.00014911621110513806,0.00016441530897282064,0.00017220621521119028,0.0024082413874566555
950,liver,liver,1,0.0,0.5,0.0,0.5,0.0,0.0,0.0,0.0,0.0,0.0003686159325297922,0.5963007807731628,0.0015079310396686196,0.400028258562088,0.00111426692456007,0.0001547009451314807,0.00021143115009181201,0.000159659466589801,0.0001544008555356413
1269,lung_epithelium,lung_epithelium,1,1.0,0.0,0.0,0.0,0.0,0.0,0.0,0.0,0.0,0.9994708895683289,5.20258181495592e-05,0.00027936615515500307,2.3524708012701012e-05,2.6029274522443302e-05,2.4944865799625404e-05,3.1370724173029885e-05,3.3032334613380954e-05,5.8804795116884634e-05
2153,lung_epithelium,lung_epithelium,1,1.0,0.0,0.0,0.0,0.0,0.0,0.0,0.0,0.0,0.9993048906326294,4.526530028670095e-05,0.0004584611451718956,3.5932695027440786e-05,2.913567004725337e-05,2.22887028940022e-05,3.2049574656412005e-05,3.6535882827593014e-05,3.532537812134251e-05
529,liver,liver,1,0.0,1.0,0.0,0.0,0.0,0.0,0.0,0.0,0.0,0.026830019429326057,0.9726558327674866,8.465364953735843e-05,0.00022776605328544974,4.6593686420237646e-05,2.909455906774383e-05,3.9224105421453714e-05,5.2400031563593075e-05,3.44732980011031e-05
434,liver,liver,1,0.0,1.0,0.0,0.0,0.0,0.0,0.0,0.0,0.0,0.03794897347688675,0.9596980214118958,0.0011202379828318954,0.0009856768883764744,6.00525745539926e-05,3.0985735065769404e-05,5.6331977248191833e-05,6.207169644767419e-05,3.7662353861378506e-05
801,liver,liver,1,0.0,1.0,0.0,0.0,0.0,0.0,0.0,0.0,0.0,0.06313641369342804,0.9347944259643555,0.0008664724882692099,7.748098141746596e-05,0.0003594094014260918,0.00014975457452237606,0.000185086639248766,0.00013389429659582675,0.00029695918783545494
441,liver,liver,1,0.0,1.0,0.0,0.0,0.0,0.0,0.0,0.0,0.0,0.09749409556388855,0.8992457985877991,0.00132344092708081,0.001598668866790831,8.978754340205342e-05,4.209329199511558e-05,7.610699685756117e-05,8.723180508241057e-05,4.271035868441686e-05
1379,lung_epithelium,lung_epithelium,1,1.0,0.0,0.0,0.0,0.0,0.0,0.0,0.0,0.0,0.9997090697288513,5.8532586990622804e-05,9.895746188703924e-05,2.1860978449694812e-05,1.7046515495167114e-05,1.1658987205009907e-05,1.807812623155769e-05,1.9579072613851167e-05,4.515694672591053e-05
2030,lung_epithelium,lung_epithelium,1,1.0,0.0,0.0,0.0,0.0,0.0,0.0,0.0,0.0,0.999387264251709,0.00014435725461225957,3.0114033506833948e-05,2.9744976927759126e-05,1.5670882930862717e-05,2.4582412152085453e-05,4.204999277135357e-05,3.4709202736848965e-05,0.0002914033830165863
2936,liver,liver,1,0.0,0.20000000298023224,0.0,0.20000000298023224,0.0,0.20000000298023224,0.20000000298023224,0.20000000298023224,0.0,0.001964310649782419,0.3600781559944153,0.29750412702560425,0.057908911257982254,0.00019298044207971543,0.094031423330307,0.09496541321277618,0.09226539731025696,0.0010891692945733666
669,muscle,muscle,1,0.0,0.0,1.0,0.0,0.0,0.0,0.0,0.0,0.0,0.000158365597599186,0.00011023557453881949,0.9995512366294861,1.4582818948838394e-05,6.16295583313331e-05,2.086517088173423e-05,1.9708042600541376e-05,2.7417883757152595e-05,3.5918936191592366e-05
28,liver,liver,1,0.0,1.0,0.0,0.0,0.0,0.0,0.0,0.0,0.0,0.0015306732384487987,0.8354383707046509,0.000353981857188046,0.1617306023836136,0.00036500015994533896,0.00010010851838160306,9.861692524282262e-05,0.00010180764365941286,0.00028088525868952274
386,liver,liver,1,0.0,1.0,0.0,0.0,0.0,0.0,0.0,0.0,0.0,0.013550386764109135,0.9858976602554321,0.00010466459207236767,0.0002674458082765341,4.2871470213867724e-05,2.5794650355237536e-05,3.4947086533065885e-05,4.5709399273619056e-05,3.0449080441030674e-05
110,liver,liver,1,0.0,1.0,0.0,0.0,0.0,0.0,0.0,0.0,0.0,0.00263324286788702,0.9915589094161987,0.0016419219318777323,0.0036897030659019947,0.00025148180429823697,5.351027357392013e-05,8.827983401715755e-05,6.388359906850383e-05,1.9069999325438403e-05
1601,lung_epithelium,lung_epithelium,1,1.0,0.0,0.0,0.0,0.0,0.0,0.0,0.0,0.0,0.999697208404541,7.318817370105535e-05,8.179733413271606e-05,1.7300573745160364e-05,1.7932163245859556e-05,1.1947982784477063e-05,2.0707537260022946e-05,1.8703740352066234e-05,6.123288767412305e-05
2234,lung_epithelium,lung_epithelium,1,1.0,0.0,0.0,0.0,0.0,0.0,0.0,0.0,0.0,0.9994277358055115,5.282730853650719e-05,0.0003396334941498935,2.3332131604547612e-05,2.6392564905108884e-05,2.354155913053546e-05,3.148388714180328e-05,3.169839328620583e-05,4.3298150558257475e-05
531,liver,liver,1,0.0,1.0,0.0,0.0,0.0,0.0,0.0,0.0,0.0,0.2254202663898468,0.7721646428108215,0.001545148203149438,0.0003773318894673139,0.00021004264999646693,4.1076749766943976e-05,7.671447383472696e-05,8.773834997555241e-05,7.714615639997646e-05
45,liver,liver,1,0.0,1.0,0.0,0.0,0.0,0.0,0.0,0.0,0.0,0.005421377718448639,0.9268766641616821,8.202607568819076e-05,0.06584987044334412,0.0014480637619271874,6.841212598374113e-05,0.0001245420571649447,8.945559966377914e-05,3.954518251703121e-05
2078,lung_epithelium,lung_epithelium,1,1.0,0.0,0.0,0.0,0.0,0.0,0.0,0.0,0.0,0.9996541738510132,0.00012523580517154187,2.5227001970051788e-05,1.710678043309599e-05,2.046439294645097e-05,1.4437011486734264e-05,2.5848306904663332e-05,1.8671658835955895e-05,9.87352104857564e-05
2272,lung_epithelium,lung_epithelium,1,1.0,0.0,0.0,0.0,0.0,0.0,0.0,0.0,0.0,0.9989295601844788,7.744441973045468e-05,0.0007972454186528921,2.7146610591444187e-05,3.918203947250731e-05,2.8911557819810696e-05,4.0671595343155786e-05,4.341119711170904e-05,1.639397487451788e-05
1896,lung_epithelium,lung_epithelium,1,1.0,0.0,0.0,0.0,0.0,0.0,0.0,0.0,0.0,0.9997202754020691,4.6645236579934135e-05,5.5716671340633184e-05,2.4482707885908894e-05,1.6119993233587593e-05,1.3711999599763658e-05,2.6851579605136067e-05,2.3321672415477224e-05,7.282843580469489e-05
2314,lung_epithelium,lung_epithelium,1,1.0,0.0,0.0,0.0,0.0,0.0,0.0,0.0,0.0,0.9992706179618835,7.553802424808964e-05,0.00046120790648274124,2.8767877665814012e-05,3.123285932815634e-05,2.406866587989498e-05,2.9748765882686712e-05,3.3419186365790665e-05,4.551805977826007e-05
29,liver,liver,1,0.0,1.0,0.0,0.0,0.0,0.0,0.0,0.0,0.0,0.02027887850999832,0.8710976839065552,0.00011929792526643723,0.10662110149860382,0.00018821378762368113,0.00017219809524249285,0.000168803715496324,0.0001952583552338183,0.0011585529427975416
1046,muscle,muscle,1,0.0,0.0,1.0,0.0,0.0,0.0,0.0,0.0,0.0,0.0018941275775432587,0.0007403853232972324,0.9970530271530151,7.570096204290166e-05,0.0001413720747223124,1.6222729755099863e-05,2.176670568587724e-05,2.34218987316126e-05,3.399147681193426e-05
327,liver,liver,1,0.0,1.0,0.0,0.0,0.0,0.0,0.0,0.0,0.0,0.029299501329660416,0.9692313075065613,0.0004483154625631869,0.0008140290738083422,5.5548709497088566e-05,2.5236593501176685e-05,4.4234700908418745e-05,5.1355054893065244e-05,3.052932152058929e-05
2031,lung_epithelium,lung_epithelium,1,1.0,0.0,0.0,0.0,0.0,0.0,0.0,0.0,0.0,0.9992789626121521,0.00013123989629093558,2.658858102222439e-05,3.201412982889451e-05,1.6826268620206974e-05,2.888930612243712e-05,4.920998981106095e-05,4.09084495913703e-05,0.00039551127701997757
3047,liver,liver,1,0.0,1.0,0.0,0.0,0.0,0.0,0.0,0.0,0.0,0.0023563168942928314,0.995884120464325,0.0006102298502810299,0.00044828568934462965,1.636775050428696e-05,4.83535768580623e-05,4.925763278151862e-05,5.216474528424442e-05,0.00053494080202654
682,muscle,muscle,1,0.0,0.0,1.0,0.0,0.0,0.0,0.0,0.0,0.0,0.00010210718028247356,0.00010926194954663515,0.9996252059936523,1.5949539374560118e-05,5.170194344827905e-05,2.0432442397577688e-05,1.8995482605532743e-05,2.6118070309166797e-05,3.0329549190355465e-05
1402,lung_epithelium,lung_epithelium,1,1.0,0.0,0.0,0.0,0.0,0.0,0.0,0.0,0.0,0.999700665473938,6.961126200621948e-05,9.209928248310462e-05,2.2082862415118143e-05,1.4832178749202285e-05,1.1348500265739858e-05,1.8904565877164714e-05,1.9489931219141e-05,5.1067934691673145e-05
2220,lung_epithelium,lung_epithelium,1,1.0,0.0,0.0,0.0,0.0,0.0,0.0,0.0,0.0,0.9995957016944885,6.682980165351182e-05,0.00016138862702064216,1.860499833128415e-05,2.9987353627802804e-05,2.219069574493915e-05,3.032793028978631e-05,2.6445079129189253e-05,4.852138226851821e-05
414,liver,liver,1,0.0,1.0,0.0,0.0,0.0,0.0,0.0,0.0,0.0,0.03596206381917,0.9620371460914612,0.0005475878715515137,0.0011994063388556242,3.4429976949468255e-05,3.7887642974965274e-05,6.240840593818575e-05,7.501145591959357e-05,4.411765621625818e-05
185,liver,liver,1,0.0,1.0,0.0,0.0,0.0,0.0,0.0,0.0,0.0,0.021071292459964752,0.9773484468460083,0.0005257306038402021,0.0008387454436160624,3.038499016838614e-05,2.9656594051630236e-05,4.913642624160275e-05,5.920385956414975e-05,4.735256516141817e-05
394,liver,liver,1,0.0,1.0,0.0,0.0,0.0,0.0,0.0,0.0,0.0,0.05587336793541908,0.9424653649330139,0.0010065792594105005,0.0004098126373719424,8.823162352200598e-05,2.520814996387344e-05,4.8458092351211235e-05,5.145243994775228e-05,3.155385275022127e-05
1844,lung_epithelium,lung_epithelium,1,1.0,0.0,0.0,0.0,0.0,0.0,0.0,0.0,0.0,0.9997610449790955,4.676847311202437e-05,4.243686635163613e-05,2.4039291020017117e-05,2.945347296190448e-05,1.1425801858422346e-05,2.2873986381455325e-05,2.0623305317712948e-05,4.140087548876181e-05
3053,muscle,muscle,1,0.0,0.0,1.0,0.0,0.0,0.0,0.0,0.0,0.0,0.001757422462105751,0.0012648989213630557,0.9965401887893677,0.00019494157459121197,0.00010311213554814458,2.425394268357195e-05,3.453867248026654e-05,3.799326441367157e-05,4.263032678863965e-05
325,liver,liver,1,0.0,1.0,0.0,0.0,0.0,0.0,0.0,0.0,0.0,0.1462877094745636,0.8519352674484253,0.000638949335552752,0.0007332201348617673,4.1256618715124205e-05,6.471780216088519e-05,0.00011747772077796981,0.00013309063797350973,4.832858394365758e-05
3072,muscle,muscle,1,0.0,0.0,1.0,0.0,0.0,0.0,0.0,0.0,0.0,0.0017315750010311604,0.0007368880906142294,0.9971375465393066,9.70061810221523e-05,9.603012586012483e-05,1.6553265595575795e-05,1.932029044837691e-05,2.3397493350785226e-05,0.00014167749031912535
2685,lung_epithelium,lung_epithelium,1,1.0,0.0,0.0,0.0,0.0,0.0,0.0,0.0,0.0,0.9957860112190247,0.0025327035691589117,3.455781552474946e-05,0.0012953374534845352,4.947503111907281e-05,2.524314186302945e-05,3.828146873274818e-05,4.0577568142907694e-05,0.0001978070940822363
1791,lung_epithelium,lung_epithelium,1,1.0,0.0,0.0,0.0,0.0,0.0,0.0,0.0,0.0,0.9995632767677307,0.00010638559615472332,0.00021716137416660786,1.2431100913090631e-05,2.1439600459416397e-05,1.4372564692166634e-05,2.4282298909383826e-05,2.3645538021810353e-05,1.709633579594083e-05
2765,lung_epithelium,lung_epithelium,1,1.0,0.0,0.0,0.0,0.0,0.0,0.0,0.0,0.0,0.9995021820068359,0.00021342383115552366,0.00010165914864046499,2.775834764179308e-05,2.0375253370730206e-05,2.0892479369649664e-05,3.274227856309153e-05,2.721459895838052e-05,5.376709668780677e-05
2592,lung_epithelium,lung_epithelium,1,1.0,0.0,0.0,0.0,0.0,0.0,0.0,0.0,0.0,0.9992548823356628,0.00013928281259723008,0.0003700475790537894,3.419329004827887e-05,2.6237687052343972e-05,2.4858549295458943e-05,3.048714825126808e-05,3.086688229814172e-05,8.917755621951073e-05
556,muscle,muscle,1,0.0,0.0,1.0,0.0,0.0,0.0,0.0,0.0,0.0,0.00012410522322170436,0.00013720308197662234,0.9995577931404114,1.690114186203573e-05,4.1736962884897366e-05,2.0950488760718144e-05,2.1573721824097447e-05,2.8296313757891767e-05,5.1342532970011234e-05
1242,lung_epithelium,lung_epithelium,1,1.0,0.0,0.0,0.0,0.0,0.0,0.0,0.0,0.0,0.9995653033256531,3.4081640478689224e-05,0.0002154825342586264,1.3570633200288285e-05,4.615227226167917e-05,2.078685247397516e-05,2.297176433785353e-05,2.8105654564569704e-05,5.35805374966003e-05
914,liver,liver,1,0.0,0.5,0.0,0.5,0.0,0.0,0.0,0.0,0.0,0.00018084529438056052,0.6003521680831909,0.002603520406410098,0.3932651877403259,0.0026801147032529116,0.00017527157615404576,0.00021064927568659186,0.00016892264829948545,0.0003633447049651295
2050,lung_epithelium,lung_epithelium,1,1.0,0.0,0.0,0.0,0.0,0.0,0.0,0.0,0.0,0.9990917444229126,0.00042533513624221087,1.642848837946076e-05,0.0002236287691630423,2.4628448954899795e-05,2.7083004169980995e-05,4.179830284556374e-05,4.182912743999623e-05,0.00010760075383586809
2665,lung_epithelium,lung_epithelium,1,1.0,0.0,0.0,0.0,0.0,0.0,0.0,0.0,0.0,0.999445378780365,6.850514182588086e-05,0.0002726517559494823,3.0324092222144827e-05,2.99750390695408e-05,1.5593883290421218e-05,1.892047657747753e-05,2.026785477937665e-05,9.840723214438185e-05
1256,lung_epithelium,lung_epithelium,1,1.0,0.0,0.0,0.0,0.0,0.0,0.0,0.0,0.0,0.9994550347328186,0.0002480016846675426,1.4896968423272483e-05,3.2999883842421696e-05,0.00016313903324771672,1.5307212379411794e-05,1.8578817616798915e-05,1.8444998204358853e-05,3.36535376845859e-05
2575,lung_epithelium,lung_epithelium,1,1.0,0.0,0.0,0.0,0.0,0.0,0.0,0.0,0.0,0.9969249367713928,0.0024795171339064837,0.00030756951309740543,3.7864701880607754e-05,5.7275556173408404e-05,9.970384780899622e-06,1.2527196304290555e-05,1.1155529136885889e-05,0.0001592277840245515
2349,lung_epithelium,lung_epithelium,1,1.0,0.0,0.0,0.0,0.0,0.0,0.0,0.0,0.0,0.9987733960151672,0.0005416067433543503,0.00046357858809642494,4.688573244493455e-05,2.3945698558236472e-05,7.75690841692267e-06,1.0156647476833314e-05,1.3109564861224499e-05,0.0001195140284835361
2339,lung_epithelium,lung_epithelium,1,1.0,0.0,0.0,0.0,0.0,0.0,0.0,0.0,0.0,0.9986068606376648,0.00017750670667737722,0.0010083089582622051,4.120887388125993e-05,3.2608790206722915e-05,2.4415685402345844e-05,3.128996104351245e-05,3.5256460250820965e-05,4.246430762577802e-05
2129,lung_epithelium,lung_epithelium,1,1.0,0.0,0.0,0.0,0.0,0.0,0.0,0.0,0.0,0.9994531273841858,5.241403414402157e-05,0.00021927479247096926,3.0226479793782346e-05,2.274397229484748e-05,2.476838926668279e-05,3.0156283173710108e-05,3.306367580080405e-05,0.0001341013703495264
2663,lung_epithelium,lung_epithelium,1,1.0,0.0,0.0,0.0,0.0,0.0,0.0,0.0,0.0,0.9988547563552856,0.0001109815711970441,0.0008501733536832035,3.909963561454788e-05,3.545493018464185e-05,2.0769441107404418e-05,2.8298289180384018e-05,3.109548197244294e-05,2.926855449914001e-05
2870,lung_epithelium,lung_epithelium,1,1.0,0.0,0.0,0.0,0.0,0.0,0.0,0.0,0.0,0.9977315068244934,0.0002735550806391984,0.0017312493873760104,8.111591159831733e-05,3.837283657048829e-05,3.02644693874754e-05,4.529115540208295e-05,4.9055546696763486e-05,1.9454158973530866e-05
1626,lung_epithelium,lung_epithelium,1,1.0,0.0,0.0,0.0,0.0,0.0,0.0,0.0,0.0,0.9997770190238953,6.120192119851708e-05,4.382961196824908e-05,1.6543022866244428e-05,2.2608504878007807e-05,9.420286914973985e-06,1.8456501493346877e-05,1.4373951671586838e-05,3.652499071904458e-05
871,liver,liver,1,0.0,0.5,0.0,0.5,0.0,0.0,0.0,0.0,0.0,0.0038541830144822598,0.6033532619476318,0.0005023205885663629,0.39121106266975403,0.0005309756379574537,0.0001218449033331126,0.00013945320097263902,0.00014789198758080602,0.00013903691433370113
2440,lung_epithelium,lung_epithelium,1,1.0,0.0,0.0,0.0,0.0,0.0,0.0,0.0,0.0,0.9995163679122925,7.226208981592208e-05,0.0001761739986250177,1.4946994269848801e-05,6.1593389546033e-05,1.0109833056048956e-05,1.3816500540997367e-05,1.623923708393704e-05,0.00011848354915855452
2533,lung_epithelium,lung_epithelium,1,1.0,0.0,0.0,0.0,0.0,0.0,0.0,0.0,0.0,0.998815655708313,0.0006442095036618412,0.0001898088667076081,2.6864456231123768e-05,1.8153805285692215e-05,1.29873196783592e-05,1.814388633647468e-05,2.1216377717792057e-05,0.00025301272398792207
1574,lung_epithelium,lung_epithelium,1,1.0,0.0,0.0,0.0,0.0,0.0,0.0,0.0,0.0,0.9995622038841248,4.170698957750574e-05,0.00013875945296604186,1.5603412975906394e-05,3.178909537382424e-05,2.3947726731421426e-05,3.0083450837992132e-05,2.7464402592158876e-05,0.000128422470879741
2377,lung_epithelium,lung_epithelium,1,1.0,0.0,0.0,0.0,0.0,0.0,0.0,0.0,0.0,0.9991845488548279,0.00012118841550545767,0.0004887895775027573,3.500626917229965e-05,2.6763684218167327e-05,2.6762971174321137e-05,3.3995765988947824e-05,3.56030031980481e-05,4.72907668154221e-05
715,muscle,muscle,1,0.0,0.0,1.0,0.0,0.0,0.0,0.0,0.0,0.0,6.0797654441557825e-05,6.621272041229531e-05,0.9996918439865112,1.1617053132795263e-05,5.149521166458726e-05,2.1616076992359012e-05,1.9983881429652683e-05,2.8145344913355075e-05,4.823297786060721e-05
280,liver,liver,1,0.0,1.0,0.0,0.0,0.0,0.0,0.0,0.0,0.0,0.06505092978477478,0.9329084157943726,0.00024655560264363885,0.0014048588927835226,4.6644636313430965e-05,6.891625525895506e-05,0.00012390785559546202,0.000127609062474221,2.2046733647584915e-05
840,liver,liver,1,0.0,0.5,0.0,0.5,0.0,0.0,0.0,0.0,0.0,0.0019790155347436666,0.5575020909309387,0.0008937723468989134,0.4383400082588196,0.0007652404019609094,0.00011723947682185099,0.00013851943367626518,0.00013255448720883578,0.00013150475570000708
859,liver,liver,1,0.0,0.5,0.0,0.5,0.0,0.0,0.0,0.0,0.0,0.00353541923686862,0.5468435287475586,0.0006993847782723606,0.4478161036968231,0.000558512459974736,0.00012427566980477422,0.0001595369103597477,0.00014959872351028025,0.00011364981764927506
3213,bone_marrow,bone_marrow,1,0.0,0.0,0.0,0.0,1.0,0.0,0.0,0.0,0.0,0.003271167166531086,0.3007872998714447,0.0007518810452893376,0.22493921220302582,0.4573863446712494,0.00017916553770191967,0.0001901130744954571,0.00018914502288680524,0.012305661104619503
214,liver,liver,1,0.0,1.0,0.0,0.0,0.0,0.0,0.0,0.0,0.0,0.1265157014131546,0.8717907071113586,0.0007021029596216977,0.0006736238719895482,4.920654100715183e-05,4.611659824149683e-05,8.56389306136407e-05,9.127003431785852e-05,4.563704351312481e-05
2249,lung_epithelium,lung_epithelium,1,1.0,0.0,0.0,0.0,0.0,0.0,0.0,0.0,0.0,0.9994103908538818,0.00015096200513653457,0.0003212795127183199,1.4623682545789052e-05,2.477314046700485e-05,1.4967646166041959e-05,2.578535713837482e-05,2.441527249175124e-05,1.2917766980535816e-05
2014,lung_epithelium,lung_epithelium,1,1.0,0.0,0.0,0.0,0.0,0.0,0.0,0.0,0.0,0.9996140599250793,5.215782221057452e-05,0.00016391454846598208,1.7106891391449608e-05,3.913621912943199e-05,2.1692267182515934e-05,2.9217208066256717e-05,2.4608985768281855e-05,3.816261232714169e-05
1380,lung_epithelium,lung_epithelium,1,1.0,0.0,0.0,0.0,0.0,0.0,0.0,0.0,0.0,0.9996395111083984,8.951058407546952e-05,3.898244540323503e-05,1.7863283574115485e-05,1.8477860066923313e-05,1.4659936823591124e-05,2.4304030375787988e-05,2.110263994836714e-05,0.00013566782581619918
283,liver,liver,1,0.0,1.0,0.0,0.0,0.0,0.0,0.0,0.0,0.0,0.2412537932395935,0.7570840716362,0.0006614165613427758,0.0006424813764169812,6.097896766732447e-05,4.473066292121075e-05,8.19989072624594e-05,9.805807349039242e-05,7.241686398629099e-05
2374,lung_epithelium,lung_epithelium,1,1.0,0.0,0.0,0.0,0.0,0.0,0.0,0.0,0.0,0.7886921167373657,0.1305980235338211,0.00025329214986413717,0.077634796500206,0.002234020037576556,5.348403283278458e-05,7.122269016690552e-05,8.019329834496602e-05,0.0003828469489235431
209,liver,liver,1,0.0,1.0,0.0,0.0,0.0,0.0,0.0,0.0,0.0,0.043363459408283234,0.9550898671150208,0.0004532204766292125,0.0008602479938417673,4.5238684833748266e-05,3.117528831353411e-05,5.189460716792382e-05,6.279326044023037e-05,4.21222357545048e-05
1983,lung_epithelium,lung_epithelium,1,1.0,0.0,0.0,0.0,0.0,0.0,0.0,0.0,0.0,0.9997166991233826,5.9545640397118405e-05,3.6109988286625594e-05,4.941744919051416e-05,2.4049899366218597e-05,1.4940811524866149e-05,3.192590520484373e-05,3.0262865038821474e-05,3.698775253724307e-05
2286,lung_epithelium,lung_epithelium,1,1.0,0.0,0.0,0.0,0.0,0.0,0.0,0.0,0.0,0.999582827091217,0.00019086696556769311,3.5574525099946186e-05,8.7611326307524e-05,2.5156468836939894e-05,1.2824072655348573e-05,2.2355794499162585e-05,2.0916673747706227e-05,2.1932721210760064e-05
1358,lung_epithelium,lung_epithelium,1,1.0,0.0,0.0,0.0,0.0,0.0,0.0,0.0,0.0,0.9996570348739624,0.00012615065497811884,9.382618736708537e-05,1.2407654139678925e-05,1.875185262179002e-05,1.3928565749665722e-05,2.2839980374556035e-05,1.9400664314161986e-05,3.569557156879455e-05
480,liver,liver,1,0.0,1.0,0.0,0.0,0.0,0.0,0.0,0.0,0.0,0.3800957202911377,0.6188549399375916,0.00029731064569205046,0.0002021642867475748,0.00025261740665882826,4.350116432760842e-05,7.877395546529442e-05,9.304404375143349e-05,8.18632252048701e-05
1074,muscle,muscle,1,0.0,0.0,1.0,0.0,0.0,0.0,0.0,0.0,0.0,0.0007260600104928017,0.005070465616881847,0.993865430355072,7.901003846200183e-05,0.00012914226681459695,2.8203323381603695e-05,3.0897845135768875e-05,3.207292684237473e-05,3.8696372939739376e-05
506,liver,liver,1,0.0,1.0,0.0,0.0,0.0,0.0,0.0,0.0,0.0,0.27965492010116577,0.7183383107185364,0.0004709528584498912,0.0011638172436505556,8.606685150880367e-05,5.196971324039623e-05,0.0001009541520033963,0.00010016527085099369,3.282794205006212e-05
2529,lung_epithelium,lung_epithelium,1,1.0,0.0,0.0,0.0,0.0,0.0,0.0,0.0,0.0,0.9982032775878906,0.001149994321167469,0.00016489086556248367,2.7753701942856424e-05,1.773281655914616e-05,1.449773208150873e-05,2.004873749683611e-05,2.337392288609408e-05,0.0003784010768868029
2457,lung_epithelium,lung_epithelium,1,1.0,0.0,0.0,0.0,0.0,0.0,0.0,0.0,0.0,0.9989564418792725,0.0002874162746593356,8.190066728275269e-05,5.738099571317434e-05,1.64585198945133e-05,1.633528336242307e-05,2.340488208574243e-05,2.7519179639057256e-05,0.0005330872372724116
1807,lung_epithelium,lung_epithelium,1,1.0,0.0,0.0,0.0,0.0,0.0,0.0,0.0,0.0,0.9996834993362427,0.00010862621275009587,1.8400558474240825e-05,1.0160716556129046e-05,5.2944535127608106e-05,1.3753992789133918e-05,2.0818553821300156e-05,1.628976133360993e-05,7.557348726550117e-05
1437,lung_epithelium,lung_epithelium,1,1.0,0.0,0.0,0.0,0.0,0.0,0.0,0.0,0.0,0.9996304512023926,0.00012998269812669605,2.6950756364385597e-05,8.886293653631583e-05,2.2089820049586706e-05,1.4668950825580396e-05,2.465870238665957e-05,2.614903678477276e-05,3.623861994128674e-05
982,liver,liver,1,0.0,0.5,0.0,0.5,0.0,0.0,0.0,0.0,0.0,0.0018363470444455743,0.6209463477134705,0.0007675267988815904,0.3754245340824127,0.0004454978334251791,0.00013729916827287525,0.00015130011888686568,0.00015384814469143748,0.00013732338265981525
2042,lung_epithelium,lung_epithelium,1,1.0,0.0,0.0,0.0,0.0,0.0,0.0,0.0,0.0,0.9995307922363281,9.481261804467067e-05,0.00015580595936626196,2.263585338369012e-05,2.7545534976525232e-05,2.8793374440283515e-05,3.767046291613951e-05,3.158231629640795e-05,7.038400508463383e-05
767,muscle,muscle,1,0.0,0.0,1.0,0.0,0.0,0.0,0.0,0.0,0.0,3.738719169632532e-05,9.684810356702656e-05,0.9997033476829529,1.4270972314989194e-05,4.47825514129363e-05,1.9938273908337578e-05,1.7632504750508815e-05,2.3571350538986735e-05,4.2132673115702346e-05
2052,lung_epithelium,lung_epithelium,1,1.0,0.0,0.0,0.0,0.0,0.0,0.0,0.0,0.0,0.9993570446968079,6.315830978564918e-05,0.000399233540520072,2.5970026399591006e-05,2.8755963285220787e-05,2.4209406547015533e-05,3.214133175788447e-05,3.2749954698374495e-05,3.677193308249116e-05
447,liver,liver,1,0.0,1.0,0.0,0.0,0.0,0.0,0.0,0.0,0.0,0.049937762320041656,0.9489939212799072,0.00023741426412016153,0.0005738924955949187,3.7368656194303185e-05,3.3823704143287614e-05,5.574507304118015e-05,7.225432636914775e-05,5.7778215705184266e-05
829,liver,lung_epithelium,0,0.0,1.0,0.0,0.0,0.0,0.0,0.0,0.0,0.0,0.7964903712272644,0.1515142023563385,0.00021766121790278703,0.0006503824843093753,0.00016813253751024604,0.00041796633740887046,0.00046700987149961293,0.0003793831856455654,0.04969482868909836
3169,bone_marrow,bone_marrow,1,0.0,0.0,0.0,0.0,1.0,0.0,0.0,0.0,0.0,0.004883683752268553,0.14237292110919952,0.0004168703453615308,0.08731353282928467,0.7063043117523193,0.00018635205924510956,0.00017082369595300406,0.0001825794024625793,0.05816897004842758
1054,muscle,muscle,1,0.0,0.0,1.0,0.0,0.0,0.0,0.0,0.0,0.0,0.0009327769512310624,0.0011793896555900574,0.9976363182067871,4.102557431906462e-05,0.00011716894368873909,1.436361071682768e-05,1.7014854165608995e-05,1.8836763047147542e-05,4.314097895985469e-05
2415,lung_epithelium,lung_epithelium,1,1.0,0.0,0.0,0.0,0.0,0.0,0.0,0.0,0.0,0.9990124702453613,8.898874511942267e-05,0.0006740742828696966,4.7336310672108084e-05,3.131129778921604e-05,2.7576632419368252e-05,4.2241663322784007e-05,4.85574419144541e-05,2.734069130383432e-05
3260,bone_marrow,bone_marrow,1,0.0,0.0,0.0,0.0,1.0,0.0,0.0,0.0,0.0,0.0001316693378612399,0.0026144455187022686,4.5428911107592285e-05,0.0002395523915765807,0.9915322661399841,8.856704516801983e-05,7.53254716983065e-05,7.65577278798446e-05,0.0051961070857942104
247,liver,liver,1,0.0,1.0,0.0,0.0,0.0,0.0,0.0,0.0,0.0,0.07854913920164108,0.9199264645576477,0.0003456689009908587,0.0006228748825378716,3.508211739244871e-05,5.9660484112100676e-05,8.579024142818525e-05,0.00012185441300971434,0.00025348947383463383
2609,lung_epithelium,lung_epithelium,1,1.0,0.0,0.0,0.0,0.0,0.0,0.0,0.0,0.0,0.9994613528251648,4.2317184124840423e-05,0.00027614831924438477,2.886744732677471e-05,3.0324548788485117e-05,2.199525806645397e-05,2.806825978041161e-05,3.559741526260041e-05,7.530491711804643e-05
2564,lung_epithelium,lung_epithelium,1,1.0,0.0,0.0,0.0,0.0,0.0,0.0,0.0,0.0,0.9990358352661133,0.0002310268027940765,0.0003719631931744516,2.826889067364391e-05,2.588074676168617e-05,3.2439042115584016e-05,3.812802242464386e-05,3.955619104090147e-05,0.00019703901489265263
151,liver,liver,1,0.0,1.0,0.0,0.0,0.0,0.0,0.0,0.0,0.0,0.07502621412277222,0.9215182065963745,0.0015712241875007749,0.0015675155445933342,8.50777214509435e-05,4.302652814658359e-05,7.880554039729759e-05,7.778528379276395e-05,3.2139716495294124e-05
3184,bone_marrow,bone_marrow,1,0.0,0.0,0.0,0.0,1.0,0.0,0.0,0.0,0.0,0.0006681997911073267,0.04942900687456131,0.00011230727977817878,0.009003710001707077,0.9393590688705444,7.776731217745692e-05,8.934562356444076e-05,6.938841397641227e-05,0.001191259128972888
2443,lung_epithelium,lung_epithelium,1,1.0,0.0,0.0,0.0,0.0,0.0,0.0,0.0,0.0,0.9940973520278931,0.004556246567517519,0.0008484848076477647,0.00017680577002465725,1.7753356587490998e-05,1.2729856280202512e-05,1.9134560716338456e-05,2.415407470834907e-05,0.00024729478172957897
218,liver,liver,1,0.0,1.0,0.0,0.0,0.0,0.0,0.0,0.0,0.0,0.06071373447775841,0.9372580647468567,0.0006773548666387796,0.0010846880031749606,5.307859828462824e-05,3.765013752854429e-05,6.450747605413198e-05,7.361127791227773e-05,3.725172791746445e-05
2655,lung_epithelium,lung_epithelium,1,1.0,0.0,0.0,0.0,0.0,0.0,0.0,0.0,0.0,0.9995396137237549,0.00015343124687206,0.00012278585927560925,3.193160591763444e-05,1.1989195627393201e-05,1.097627045965055e-05,1.9904062355635688e-05,1.9499602785799652e-05,8.982075814856216e-05
2645,lung_epithelium,lung_epithelium,1,1.0,0.0,0.0,0.0,0.0,0.0,0.0,0.0,0.0,0.9993403553962708,4.665802407544106e-05,0.0004402537306305021,2.178215072490275e-05,4.4333359255688265e-05,2.3426206098520197e-05,3.100550748058595e-05,3.249572910135612e-05,1.967020216397941e-05
572,muscle,muscle,1,0.0,0.0,1.0,0.0,0.0,0.0,0.0,0.0,0.0,0.00012301884999033064,0.00022112351143732667,0.9994907379150391,2.2840296878712252e-05,4.461736170924269e-05,2.1173435015953146e-05,1.9001407054020092e-05,2.5675406504888088e-05,3.180953717674129e-05
2845,lung_epithelium,lung_epithelium,1,1.0,0.0,0.0,0.0,0.0,0.0,0.0,0.0,0.0,0.9993396401405334,8.945335866883397e-05,0.00037394443643279374,2.9810322303092107e-05,2.2964630261412822e-05,2.610819137771614e-05,3.395687599550001e-05,3.507356086629443e-05,4.898518091067672e-05
1225,lung_epithelium,lung_epithelium,1,1.0,0.0,0.0,0.0,0.0,0.0,0.0,0.0,0.0,0.9995889067649841,0.0001044321179506369,9.514893463347107e-05,6.451399531215429e-05,4.32928281952627e-05,1.4576485227735247e-05,3.506187204038724e-05,3.531981565174647e-05,1.8720504158409312e-05
2307,lung_epithelium,lung_epithelium,1,1.0,0.0,0.0,0.0,0.0,0.0,0.0,0.0,0.0,0.998293936252594,0.00015835490194149315,0.0013121167430654168,6.051038872101344e-05,3.160571577609517e-05,2.598268838482909e-05,3.522501719999127e-05,4.267278563929722e-05,3.949391975766048e-05
714,muscle,muscle,1,0.0,0.0,1.0,0.0,0.0,0.0,0.0,0.0,0.0,5.455755308503285e-05,8.204967161873356e-05,0.9996578693389893,1.2703816537396051e-05,7.297404226846993e-05,2.0472160031204112e-05,1.7526386727695353e-05,2.483660136931576e-05,5.706262891180813e-05
1392,lung_epithelium,lung_epithelium,1,1.0,0.0,0.0,0.0,0.0,0.0,0.0,0.0,0.0,0.9993159770965576,7.661311246920377e-05,0.00042420829413458705,2.6637482733349316e-05,3.0832849006401375e-05,2.5060355255845934e-05,3.394454324734397e-05,3.422643567319028e-05,3.256032505305484e-05
628,muscle,muscle,1,0.0,0.0,1.0,0.0,0.0,0.0,0.0,0.0,0.0,0.0002053980133496225,0.00024017604300752282,0.999371349811554,2.3571836209157482e-05,5.592241359408945e-05,1.844380676629953e-05,1.9455901565379463e-05,2.7005460651707835e-05,3.8765072531532496e-05
688,muscle,muscle,1,0.0,0.0,1.0,0.0,0.0,0.0,0.0,0.0,0.0,0.00017107345047406852,0.00012669623538386077,0.999519944190979,1.5117226212169044e-05,6.199457857292145e-05,1.8755363271338865e-05,1.9131919543724507e-05,2.7458918339107186e-05,3.977088999818079e-05
2461,lung_epithelium,lung_epithelium,1,1.0,0.0,0.0,0.0,0.0,0.0,0.0,0.0,0.0,0.9990411400794983,0.0002278818137710914,7.842744525987655e-05,5.5904842156451195e-05,1.639747824810911e-05,1.6713318473193794e-05,2.485228469595313e-05,2.9354729122132994e-05,0.0005093024810776114
1575,lung_epithelium,lung_epithelium,1,1.0,0.0,0.0,0.0,0.0,0.0,0.0,0.0,0.0,0.999289870262146,5.7541332353139296e-05,0.00047757269931025803,2.4129874873324297e-05,3.227114211767912e-05,2.420171040284913e-05,3.407611802686006e-05,3.416592880967073e-05,2.6086483558174223e-05
2772,lung_epithelium,lung_epithelium,1,1.0,0.0,0.0,0.0,0.0,0.0,0.0,0.0,0.0,0.9995540976524353,0.00011421721865190193,5.1828494179062545e-05,4.607620576280169e-05,1.3634812603413593e-05,1.3973535715194885e-05,2.6146390155190602e-05,2.389823021076154e-05,0.00015622441424056888
725,muscle,muscle,1,0.0,0.0,1.0,0.0,0.0,0.0,0.0,0.0,0.0,4.022960638394579e-05,8.989610796561465e-05,0.9996752738952637,1.292856177315116e-05,6.407078763004392e-05,2.11919305002084e-05,1.756202800606843e-05,2.371829395997338e-05,5.5197408073581755e-05
2534,lung_epithelium,lung_epithelium,1,1.0,0.0,0.0,0.0,0.0,0.0,0.0,0.0,0.0,0.9995400905609131,0.0001391446276102215,6.382387800840661e-05,1.0913554433500394e-05,2.2387994249584153e-05,1.479346610722132e-05,2.1962885512039065e-05,1.9891052943421528e-05,0.0001671025820542127
372,liver,liver,1,0.0,1.0,0.0,0.0,0.0,0.0,0.0,0.0,0.0,0.11982065439224243,0.877769410610199,0.0005632865359075367,0.001426734495908022,3.6316399928182364e-05,6.0460559325292706e-05,9.895536641124636e-05,0.00012645508104469627,9.775280341273174e-05
939,liver,liver,1,0.0,0.5,0.0,0.5,0.0,0.0,0.0,0.0,0.0,0.00041826185770332813,0.5733330845832825,0.00367574580013752,0.40933650732040405,0.01236752513796091,0.00020972771744709462,0.00026224690373055637,0.0001822031190386042,0.00021460237621795386
3037,liver,liver,1,0.0,1.0,0.0,0.0,0.0,0.0,0.0,0.0,0.0,0.002363785868510604,0.9956533908843994,0.0001537906500743702,0.00033079649438150227,1.296103982895147e-05,0.00011849716975120828,0.00011818264465546235,0.00011098039976786822,0.0011376194888725877
1766,lung_epithelium,lung_epithelium,1,1.0,0.0,0.0,0.0,0.0,0.0,0.0,0.0,0.0,0.9995577931404114,5.908058301429264e-05,0.0002314108714926988,1.9978058844571933e-05,3.198122067260556e-05,1.9889359464286827e-05,2.8508562536444515e-05,2.5323972295154817e-05,2.60466131294379e-05
297,liver,liver,1,0.0,1.0,0.0,0.0,0.0,0.0,0.0,0.0,0.0,0.024013401940464973,0.9754548072814941,8.672085095895454e-05,0.00024363248667214066,5.2586714446078986e-05,2.894737735914532e-05,3.933236803277396e-05,5.0878174079116434e-05,2.9663959139725193e-05
2035,lung_epithelium,lung_epithelium,1,1.0,0.0,0.0,0.0,0.0,0.0,0.0,0.0,0.0,0.9994654059410095,4.235854066791944e-05,0.00018287576676812023,2.891694202844519e-05,2.2879439711687155e-05,3.208854832337238e-05,4.0125916711986065e-05,4.478530172491446e-05,0.00014055751671548933
905,liver,liver,1,0.0,0.5,0.0,0.5,0.0,0.0,0.0,0.0,0.0,0.0008740255143493414,0.5662186741828918,0.0002969775232486427,0.43116626143455505,0.000839381362311542,0.00013090860738884658,0.0001866077509475872,0.00014989578630775213,0.00013729404599871486
1230,lung_epithelium,lung_epithelium,1,1.0,0.0,0.0,0.0,0.0,0.0,0.0,0.0,0.0,0.999295711517334,3.627000842243433e-05,0.0004677428805734962,3.605449455790222e-05,3.720764652825892e-05,2.5316028768429533e-05,3.6789388104807585e-05,4.1300350858364254e-05,2.375102303631138e-05
523,liver,liver,1,0.0,1.0,0.0,0.0,0.0,0.0,0.0,0.0,0.0,0.11705797165632248,0.8818749785423279,0.0005494737415574491,0.0002394406037637964,5.86099959036801e-05,2.9889841243857518e-05,6.132447742857039e-05,7.356494461419061e-05,5.486442751134746e-05
2202,lung_epithelium,lung_epithelium,1,1.0,0.0,0.0,0.0,0.0,0.0,0.0,0.0,0.0,0.9995827078819275,6.259930523810908e-05,0.00017755838052835315,2.063827560050413e-05,3.1288000172935426e-05,2.2873549823998474e-05,3.0556599085684866e-05,2.7274863896309398e-05,4.4424024963518605e-05
2588,lung_epithelium,lung_epithelium,1,1.0,0.0,0.0,0.0,0.0,0.0,0.0,0.0,0.0,0.9992951154708862,8.249591337516904e-05,0.00027016110834665596,3.682608075905591e-05,2.3347462047240697e-05,2.225061871286016e-05,2.7274380045128055e-05,3.124185241176747e-05,0.00021118871518410742
1001,muscle,muscle,1,0.0,0.0,1.0,0.0,0.0,0.0,0.0,0.0,0.0,0.00012797702220268548,0.0003538497840054333,0.9993512034416199,4.774951594299637e-05,4.6775166993029416e-05,1.7914797354023904e-05,1.8679302229429595e-05,2.1356167053454556e-05,1.4484439816442318e-05
149,liver,liver,1,0.0,1.0,0.0,0.0,0.0,0.0,0.0,0.0,0.0,0.39309176802635193,0.6024754643440247,0.002231777645647526,0.0016323542222380638,0.00014693227421958,7.303180609596893e-05,0.00016018643509596586,0.00014352639846038073,4.489205821300857e-05
2672,lung_epithelium,lung_epithelium,1,1.0,0.0,0.0,0.0,0.0,0.0,0.0,0.0,0.0,0.9992440938949585,7.857155287638307e-05,0.0004903304507024586,2.8145297619630583e-05,3.1138857593759894e-05,2.3024555048323236e-05,2.924580439866986e-05,3.3646501833572984e-05,4.18219824496191e-05
2405,lung_epithelium,lung_epithelium,1,1.0,0.0,0.0,0.0,0.0,0.0,0.0,0.0,0.0,0.9991579055786133,0.00047090972657315433,0.00021322663815226406,3.831136564258486e-05,1.2720553058898076e-05,1.4888903933751862e-05,2.5976443794206716e-05,2.9592480132123455e-05,3.643489981186576e-05
476,liver,liver,1,0.0,1.0,0.0,0.0,0.0,0.0,0.0,0.0,0.0,0.20277030766010284,0.796412467956543,0.00017714245768729597,0.00029027170967310667,7.518917846027762e-05,3.9949929487193e-05,7.21538090147078e-05,8.988554327515885e-05,7.259145786520094e-05
324,liver,liver,1,0.0,1.0,0.0,0.0,0.0,0.0,0.0,0.0,0.0,0.04397682473063469,0.955527126789093,0.00015330765745602548,0.00013993970060255378,5.2626131946453825e-05,2.8535241654026322e-05,4.571256795316003e-05,5.227688598097302e-05,2.3600663553224877e-05
2227,lung_epithelium,lung_epithelium,1,1.0,0.0,0.0,0.0,0.0,0.0,0.0,0.0,0.0,0.9997202754020691,9.261017112294212e-05,2.276841587445233e-05,3.961308902944438e-05,3.306775033706799e-05,1.3446604498312809e-05,2.057749588857405e-05,2.0962308553862385e-05,3.667586497613229e-05
2966,liver,liver,1,0.0,1.0,0.0,0.0,0.0,0.0,0.0,0.0,0.0,0.0005241432227194309,0.9932102560997009,0.004373232834041119,0.0005616724374704063,1.1975997040281072e-05,0.00017377718177158386,0.0001843612117227167,0.00016110524302348495,0.0007994199986569583
54,liver,liver,1,0.0,1.0,0.0,0.0,0.0,0.0,0.0,0.0,0.0,0.005168032366782427,0.9804977178573608,4.203380012768321e-05,0.013593713752925396,0.0003852777008432895,6.895689148223028e-05,0.00013668485917150974,8.027759031392634e-05,2.7323600079398602e-05
2458,lung_epithelium,lung_epithelium,1,1.0,0.0,0.0,0.0,0.0,0.0,0.0,0.0,0.0,0.9991461038589478,0.0001059162023011595,0.0005335513269528747,3.5977693187305704e-05,2.629885966598522e-05,2.4560431484133005e-05,3.064691918552853e-05,3.5176701203454286e-05,6.169705739011988e-05
2465,lung_epithelium,lung_epithelium,1,1.0,0.0,0.0,0.0,0.0,0.0,0.0,0.0,0.0,0.9993883371353149,5.2594194130506366e-05,0.00029377295868471265,3.684890907607041e-05,2.5291903511970304e-05,2.1886709873797372e-05,2.7821888579637744e-05,3.40716760547366e-05,0.0001195152144646272
3252,bone_marrow,bone_marrow,1,0.0,0.0,0.0,0.0,1.0,0.0,0.0,0.0,0.0,0.003102148650214076,0.12866270542144775,0.0010842534247785807,0.031036876142024994,0.4461742639541626,0.00024742900859564543,0.00018185678345616907,0.00020990859775338322,0.3893006145954132
1544,lung_epithelium,lung_epithelium,1,1.0,0.0,0.0,0.0,0.0,0.0,0.0,0.0,0.0,0.9993299245834351,4.000562330475077e-05,0.00043642750824801624,3.367957106092945e-05,3.096094951615669e-05,2.3949125534272753e-05,3.345404547872022e-05,3.897111673722975e-05,3.265113991801627e-05
2351,lung_epithelium,lung_epithelium,1,1.0,0.0,0.0,0.0,0.0,0.0,0.0,0.0,0.0,0.9992563128471375,0.0002311249845661223,0.00034690441680140793,3.498992373351939e-05,3.617154652602039e-05,6.09270682616625e-06,9.052231689565815e-06,1.078729474102147e-05,6.853941886220127e-05
61,liver,liver,1,0.0,1.0,0.0,0.0,0.0,0.0,0.0,0.0,0.0,0.003669037250801921,0.9655073881149292,3.4259122912772e-05,0.029582852497696877,0.0009557199664413929,4.8278976464644074e-05,8.05346280685626e-05,5.601544035016559e-05,6.596946332138032e-05
931,liver,liver,1,0.0,0.5,0.0,0.5,0.0,0.0,0.0,0.0,0.0,0.0007614727946929634,0.548992395401001,0.00106307421810925,0.4477563202381134,0.0007863060454837978,0.00014686136273667216,0.00019717469695024192,0.00016510822752024978,0.00013129650324117392
806,liver,liver,1,0.0,1.0,0.0,0.0,0.0,0.0,0.0,0.0,0.0,0.0060936762019991875,0.9897292852401733,0.0027285139076411724,0.00019721293938346207,0.0005369012942537665,0.00021769548766314983,0.0002678034652490169,0.0001879887277027592,4.08528940170072e-05
1356,lung_epithelium,lung_epithelium,1,1.0,0.0,0.0,0.0,0.0,0.0,0.0,0.0,0.0,0.9997292160987854,8.66669142851606e-05,4.827744487556629e-05,9.541988220007624e-06,2.1047571863164194e-05,1.5595784134347923e-05,2.8095737434341572e-05,2.4721019144635648e-05,3.673104220069945e-05
321,liver,liver,1,0.0,1.0,0.0,0.0,0.0,0.0,0.0,0.0,0.0,0.017162015661597252,0.9823206663131714,8.528008038410917e-05,0.00025060621555894613,3.421816654736176e-05,2.8737909815390594e-05,3.838789416477084e-05,5.0634535000426695e-05,2.9532131520682015e-05
494,liver,liver,1,0.0,1.0,0.0,0.0,0.0,0.0,0.0,0.0,0.0,0.08213180303573608,0.9156493544578552,0.0006761313416063786,0.0012539724120870233,6.914564437465742e-05,3.895927875419147e-05,6.987129017943516e-05,7.750297663733363e-05,3.3241620258195326e-05
57,liver,liver,1,0.0,1.0,0.0,0.0,0.0,0.0,0.0,0.0,0.0,0.007003383710980415,0.9782007932662964,5.06700889673084e-05,0.014024365693330765,0.000331579998601228,8.428138971794397e-05,0.00017693899280857295,9.939471783582121e-05,2.854114973160904e-05
309,liver,liver,1,0.0,1.0,0.0,0.0,0.0,0.0,0.0,0.0,0.0,0.06609012186527252,0.9319411516189575,0.00042679577018134296,0.0012399983825162053,3.538369128364138e-05,4.89060184918344e-05,7.839853060431778e-05,8.72660893946886e-05,5.204062836128287e-05
1182,lung_epithelium,lung_epithelium,1,1.0,0.0,0.0,0.0,0.0,0.0,0.0,0.0,0.0,0.9996480941772461,6.107008084654808e-05,3.122672569588758e-05,1.8096652638632804e-05,2.0880748706986196e-05,1.7411961380275898e-05,2.879417297663167e-05,2.52624558925163e-05,0.0001492532464908436
1044,muscle,muscle,1,0.0,0.0,1.0,0.0,0.0,0.0,0.0,0.0,0.0,0.0031283292919397354,0.0003446766932029277,0.996213972568512,3.756322621484287e-05,0.00016732900985516608,1.7906293578562327e-05,2.3048445655149408e-05,2.7233152650296688e-05,3.988465323345736e-05
1876,lung_epithelium,lung_epithelium,1,1.0,0.0,0.0,0.0,0.0,0.0,0.0,0.0,0.0,0.9996455907821655,4.632686614058912e-05,0.00019241512927692384,2.1622809072141536e-05,2.011485048569739e-05,1.1226476999581791e-05,1.89475977094844e-05,1.9851931938319467e-05,2.387610948062502e-05
2543,lung_epithelium,lung_epithelium,1,1.0,0.0,0.0,0.0,0.0,0.0,0.0,0.0,0.0,0.999390721321106,8.101234561763704e-05,0.0003422490262892097,1.765964952937793e-05,3.1292431231122464e-05,2.3020009393803775e-05,2.8404831027728505e-05,3.0051938665565103e-05,5.5565298680448905e-05
2481,lung_epithelium,lung_epithelium,1,1.0,0.0,0.0,0.0,0.0,0.0,0.0,0.0,0.0,0.9989147186279297,0.00013664017023984343,0.0007447340758517385,3.526769796735607e-05,3.1937430321704596e-05,2.6388001060695387e-05,3.358777757966891e-05,3.7686761061195284e-05,3.90822569897864e-05
2094,lung_epithelium,lung_epithelium,1,1.0,0.0,0.0,0.0,0.0,0.0,0.0,0.0,0.0,0.9996041655540466,8.199230796890333e-05,0.00010574045882094651,1.838385833252687e-05,3.344660217408091e-05,2.525883974158205e-05,3.358830508659594e-05,2.5555656975484453e-05,7.179732347140089e-05
3304,ear,ear,1,0.0,0.0,0.0,0.0,0.0,0.0,0.0,0.0,1.0,0.004376544151455164,0.00011031256144633517,0.00032800505869090557,1.0478897820576094e-05,0.00023202990996651351,7.052494038362056e-05,6.083103289711289e-05,7.922914664959535e-05,0.9947319030761719
2551,lung_epithelium,lung_epithelium,1,1.0,0.0,0.0,0.0,0.0,0.0,0.0,0.0,0.0,0.9994599223136902,0.0002849143638741225,1.2555146895465441e-05,0.0001007418759400025,6.563249917235225e-05,8.768374755163677e-06,1.4020578419149388e-05,1.6752355804783292e-05,3.667411510832608e-05
1223,lung_epithelium,lung_epithelium,1,1.0,0.0,0.0,0.0,0.0,0.0,0.0,0.0,0.0,0.9997697472572327,4.2280131310690194e-05,5.5377313401550055e-05,2.0205774490023032e-05,2.1308767827576958e-05,1.1247761904087383e-05,2.0891935491818003e-05,1.9103277736576274e-05,3.979681059718132e-05
3007,liver,liver,1,0.0,1.0,0.0,0.0,0.0,0.0,0.0,0.0,0.0,0.01728607900440693,0.9770334362983704,0.0002611965173855424,0.0006314819329418242,2.8043135898769833e-05,0.0001455131423426792,0.00014383596135303378,0.00013330794172361493,0.0043371436186134815
2426,lung_epithelium,lung_epithelium,1,1.0,0.0,0.0,0.0,0.0,0.0,0.0,0.0,0.0,0.9005993008613586,0.08572696894407272,0.00020897605281788856,0.012947484850883484,0.0001285151665797457,7.801673200447112e-05,0.0001270079956157133,0.00013739427959080786,4.622801498044282e-05
718,muscle,muscle,1,0.0,0.0,1.0,0.0,0.0,0.0,0.0,0.0,0.0,5.50276818103157e-05,0.00010977752390317619,0.999675989151001,1.689319651632104e-05,4.553552935249172e-05,1.984657319553662e-05,1.7951973859453574e-05,2.3840679205022752e-05,3.5087174182990566e-05
1547,lung_epithelium,lung_epithelium,1,1.0,0.0,0.0,0.0,0.0,0.0,0.0,0.0,0.0,0.9996780157089233,5.720320768887177e-05,0.00014107415336184204,2.448206942062825e-05,1.7240816305275075e-05,1.1232913493586238e-05,1.810981302696746e-05,1.9661709302454256e-05,3.2854553865035996e-05
2636,lung_epithelium,lung_epithelium,1,1.0,0.0,0.0,0.0,0.0,0.0,0.0,0.0,0.0,0.9993458390235901,5.218626756686717e-05,0.0002239236346213147,2.2059071852709167e-05,3.677225686260499e-05,2.1719957658206113e-05,2.415517155895941e-05,2.963942642963957e-05,0.0002437320799799636
1029,muscle,muscle,1,0.0,0.0,1.0,0.0,0.0,0.0,0.0,0.0,0.0,0.0006823503063060343,0.004489533137530088,0.9945505261421204,0.00011209791409783065,3.678362918435596e-05,2.71549797616899e-05,3.787714376812801e-05,3.589701736927964e-05,2.7754622351494618e-05
461,liver,liver,1,0.0,1.0,0.0,0.0,0.0,0.0,0.0,0.0,0.0,0.09482500702142715,0.9027911424636841,0.0013084759702906013,0.0008095511584542692,4.904781962977722e-05,3.448382267379202e-05,6.740153185091913e-05,7.284056482603773e-05,4.2103329178644344e-05
2333,lung_epithelium,lung_epithelium,1,1.0,0.0,0.0,0.0,0.0,0.0,0.0,0.0,0.0,0.9994571805000305,4.455701127881184e-05,0.0002249348908662796,2.6428429919178598e-05,3.089301026193425e-05,2.3260499801835977e-05,2.697740274015814e-05,3.159077459713444e-05,0.00013426084478851408
622,muscle,muscle,1,0.0,0.0,1.0,0.0,0.0,0.0,0.0,0.0,0.0,0.00018552254186943173,0.00022547502885572612,0.9994113445281982,2.3442215024260804e-05,4.825219730264507e-05,1.8141001419280656e-05,1.9167806385667063e-05,2.718203904805705e-05,4.148055813857354e-05
2812,lung_epithelium,lung_epithelium,1,1.0,0.0,0.0,0.0,0.0,0.0,0.0,0.0,0.0,0.996225118637085,0.0019527669064700603,5.321678690961562e-05,0.001576332957483828,8.706880907993764e-05,1.4462034414464142e-05,2.133200177922845e-05,2.5178569558192976e-05,4.456269380170852e-05
780,muscle,muscle,1,0.0,0.0,1.0,0.0,0.0,0.0,0.0,0.0,0.0,5.372707164497115e-05,0.00011798855848610401,0.9996423721313477,1.4448149158852175e-05,6.790475163143128e-05,1.925302240124438e-05,1.633196006878279e-05,2.2482419808511622e-05,4.545035699266009e-05
33,liver,liver,1,0.0,1.0,0.0,0.0,0.0,0.0,0.0,0.0,0.0,0.0011336649768054485,0.9865946769714355,3.834978269878775e-05,0.011275003664195538,0.0006821480928920209,6.220712384674698e-05,0.0001207021196023561,6.467247294494882e-05,2.8469579774537124e-05
687,muscle,muscle,1,0.0,0.0,1.0,0.0,0.0,0.0,0.0,0.0,0.0,0.00018477204139344394,0.0001412819983670488,0.9995119571685791,1.538383548904676e-05,3.764310895348899e-05,2.5184570404235274e-05,2.2626602003583685e-05,3.34862525050994e-05,2.7728667191695422e-05
1779,lung_epithelium,lung_epithelium,1,1.0,0.0,0.0,0.0,0.0,0.0,0.0,0.0,0.0,0.9997209906578064,9.35736607061699e-05,6.876893894514069e-05,1.1080352123826742e-05,1.994318881770596e-05,1.3529917850974016e-05,2.627898174978327e-05,2.1844045477337204e-05,2.3939519451232627e-05
2483,lung_epithelium,lung_epithelium,1,1.0,0.0,0.0,0.0,0.0,0.0,0.0,0.0,0.0,0.999491810798645,0.0001758172147674486,7.13256886228919e-05,3.33376374328509e-05,1.5209262528514955e-05,1.1279670616204385e-05,1.7288955859839916e-05,2.1193358406890184e-05,0.0001626950834179297
1107,lung_epithelium,lung_epithelium,1,1.0,0.0,0.0,0.0,0.0,0.0,0.0,0.0,0.0,0.996025562286377,0.00033403822453692555,0.0032679231371730566,0.000142597607919015,4.688256012741476e-05,3.7868292565690354e-05,5.808357673231512e-05,6.324979040073231e-05,2.3748527382849716e-05
53,liver,liver,1,0.0,1.0,0.0,0.0,0.0,0.0,0.0,0.0,0.0,0.022563155740499496,0.6958964467048645,6.637237675022334e-05,0.2798083424568176,0.0007321520824916661,0.00016306589532177895,0.000222799411858432,0.00023309308744501323,0.0003145084192510694
310,liver,liver,1,0.0,1.0,0.0,0.0,0.0,0.0,0.0,0.0,0.0,0.0241452157497406,0.974149763584137,0.0007721791043877602,0.0007138214423321187,3.158564868499525e-05,3.141285924357362e-05,5.3710911743110046e-05,5.983485243632458e-05,4.246983371558599e-05
3297,ear,ear,1,0.0,0.0,0.0,0.0,0.0,0.0,0.0,0.0,1.0,0.002169446786865592,8.422417886322364e-05,0.00011700864706654102,1.0933039447991177e-05,0.00018274741887580603,8.415143383899704e-05,7.403723429888487e-05,9.161641355603933e-05,0.9971858859062195
304,liver,liver,1,0.0,1.0,0.0,0.0,0.0,0.0,0.0,0.0,0.0,0.10707727819681168,0.8910886645317078,0.00024925978505052626,0.0011165131581947207,2.9049642762402073e-05,7.458712934749201e-05,0.000126459970488213,0.00014872290194034576,8.944721048464999e-05
2748,lung_epithelium,lung_epithelium,1,1.0,0.0,0.0,0.0,0.0,0.0,0.0,0.0,0.0,0.9873334169387817,0.00816448125988245,6.392991781467572e-05,0.0039941780269145966,0.00017770151316653937,2.0896233763778582e-05,2.7751080779125914e-05,3.189886047039181e-05,0.00018573722627479583
1503,lung_epithelium,lung_epithelium,1,1.0,0.0,0.0,0.0,0.0,0.0,0.0,0.0,0.0,0.9994691014289856,4.482289659790695e-05,0.00018709080177359283,2.308882903889753e-05,2.7541313102119602e-05,2.522117574699223e-05,2.9569277103291824e-05,3.180657222401351e-05,0.0001618160167708993
140,lung_epithelium,lung_epithelium,1,1.0,0.0,0.0,0.0,0.0,0.0,0.0,0.0,0.0,0.9824373126029968,0.0005859129596501589,0.01648709550499916,6.494714762084186e-05,9.378934919368476e-05,6.772376946173608e-05,9.33887786231935e-05,0.00014483054110314697,2.4981205569929443e-05
467,liver,liver,1,0.0,1.0,0.0,0.0,0.0,0.0,0.0,0.0,0.0,0.15310926735401154,0.8455920219421387,0.0003964576462749392,0.0005463583511300385,4.8976366088027135e-05,4.3674495827872306e-05,7.32214903109707e-05,9.521509491605684e-05,9.473188401898369e-05
535,liver,liver,1,0.0,1.0,0.0,0.0,0.0,0.0,0.0,0.0,0.0,0.030806971713900566,0.9676212072372437,0.0005733325961045921,0.0007936289184726775,5.4108688345877454e-05,2.6002071535913274e-05,4.821272523258813e-05,5.093794607091695e-05,2.5702864149934612e-05
610,muscle,muscle,1,0.0,0.0,1.0,0.0,0.0,0.0,0.0,0.0,0.0,8.344050729647279e-05,0.00011626503692241386,0.9996422529220581,1.6889340258785523e-05,4.706495747086592e-05,2.056243465631269e-05,1.88211979548214e-05,2.5474359063082375e-05,2.9183358492446132e-05
2163,lung_epithelium,lung_epithelium,1,1.0,0.0,0.0,0.0,0.0,0.0,0.0,0.0,0.0,0.9994747042655945,4.2421270336490124e-05,0.00024333519104402512,2.5486686354270205e-05,2.5603549147490412e-05,2.225849857495632e-05,2.7390773539082147e-05,2.9933666155557148e-05,0.00010895303421420977
1999,lung_epithelium,lung_epithelium,1,1.0,0.0,0.0,0.0,0.0,0.0,0.0,0.0,0.0,0.9994021654129028,3.214041862520389e-05,0.0003713278565555811,3.02583648590371e-05,2.878969462472014e-05,2.2720680135535076e-05,3.094249768764712e-05,3.4290063922526315e-05,4.7350080421892926e-05
1181,lung_epithelium,lung_epithelium,1,1.0,0.0,0.0,0.0,0.0,0.0,0.0,0.0,0.0,0.9996727705001831,6.66329578962177e-05,3.540193210938014e-05,1.7934356947080232e-05,1.963028080353979e-05,1.5828163668629713e-05,2.649012822075747e-05,2.3081358449417166e-05,0.00012222806981299073
719,muscle,muscle,1,0.0,0.0,1.0,0.0,0.0,0.0,0.0,0.0,0.0,7.318326242966577e-05,8.708026871317998e-05,0.9996397495269775,1.4755853044334799e-05,7.613506750203669e-05,2.032809607044328e-05,1.827549931476824e-05,2.461919757479336e-05,4.593523044604808e-05
3170,bone_marrow,bone_marrow,1,0.0,0.0,0.0,0.0,1.0,0.0,0.0,0.0,0.0,0.00025968244881369174,0.39789018034935,0.00033706557587720454,0.10213819891214371,0.4968080520629883,0.0002471188781782985,0.0003145920636598021,0.00020222894090693444,0.0018028835766017437
1058,muscle,muscle,1,0.0,0.0,1.0,0.0,0.0,0.0,0.0,0.0,0.0,0.00020420512009877712,0.0010277234250679612,0.9985848665237427,5.232835974311456e-05,4.3942152842646465e-05,1.895860259537585e-05,2.1072235540486872e-05,2.148352359654382e-05,2.538860462664161e-05
629,muscle,muscle,1,0.0,0.0,1.0,0.0,0.0,0.0,0.0,0.0,0.0,0.00010494384332560003,0.00015785699361003935,0.9995598196983337,1.6668800526531413e-05,4.567675932776183e-05,2.006526483455673e-05,1.9855948266922496e-05,2.5819948859862052e-05,4.9240632506553084e-05
398,liver,liver,1,0.0,1.0,0.0,0.0,0.0,0.0,0.0,0.0,0.0,0.03543463721871376,0.9629989862442017,0.0004806813958566636,0.0008490330656059086,3.996552914031781e-05,3.0293116651591845e-05,5.0476472097216174e-05,6.370474875438958e-05,5.222912295721471e-05
1927,lung_epithelium,lung_epithelium,1,1.0,0.0,0.0,0.0,0.0,0.0,0.0,0.0,0.0,0.9990823268890381,0.00015752975014038384,0.0005201807362027466,2.6731995603768155e-05,2.894066710723564e-05,2.8472428311943077e-05,3.387562173884362e-05,3.86062019970268e-05,8.342392538907006e-05
2418,lung_epithelium,lung_epithelium,1,1.0,0.0,0.0,0.0,0.0,0.0,0.0,0.0,0.0,0.9990065693855286,0.00039378623478114605,0.0004408916283864528,4.820460162591189e-05,1.870173218776472e-05,1.576538670633454e-05,2.6643996534403414e-05,3.04594050248852e-05,1.897737274703104e-05
167,liver,liver,1,0.0,1.0,0.0,0.0,0.0,0.0,0.0,0.0,0.0,0.061916906386613846,0.9366491436958313,0.00023801893985364586,0.0008077769889496267,2.2354808606905863e-05,5.549371780944057e-05,8.843463729135692e-05,0.00011119980626972392,0.0001107319476432167
1628,lung_epithelium,lung_epithelium,1,1.0,0.0,0.0,0.0,0.0,0.0,0.0,0.0,0.0,0.9996387958526611,0.00010049265256384388,8.31885845400393e-05,4.579844608088024e-05,4.6627959818579257e-05,1.1737362001440488e-05,2.9269413062138483e-05,2.6449873985257e-05,1.7639269572100602e-05
1174,lung_epithelium,lung_epithelium,1,1.0,0.0,0.0,0.0,0.0,0.0,0.0,0.0,0.0,0.9992214441299438,6.129731627879664e-05,0.00044899870408698916,3.695162740768865e-05,2.6781550332088955e-05,2.357169614697341e-05,2.859409141819924e-05,3.619937342591584e-05,0.00011615824769251049
120,lung_epithelium,lung_epithelium,1,1.0,0.0,0.0,0.0,0.0,0.0,0.0,0.0,0.0,0.986278235912323,0.0004873175930697471,0.012759530916810036,8.478160452796146e-05,6.563471833942458e-05,6.138563912827522e-05,8.982981671579182e-05,0.00013865192886441946,3.471674062893726e-05
2782,lung_epithelium,lung_epithelium,1,1.0,0.0,0.0,0.0,0.0,0.0,0.0,0.0,0.0,0.9994613528251648,3.875115362461656e-05,0.000191596380318515,2.226699325547088e-05,2.7578238587011583e-05,2.8117474357713945e-05,3.4536667953943834e-05,3.937904693884775e-05,0.0001564942649565637
145,lung_epithelium,lung_epithelium,1,1.0,0.0,0.0,0.0,0.0,0.0,0.0,0.0,0.0,0.987059473991394,0.0004905883106403053,0.012011212296783924,6.9790767156519e-05,6.592091813217849e-05,5.793178570456803e-05,8.149893983500078e-05,0.00012558013258967549,3.801963248406537e-05
1730,lung_epithelium,lung_epithelium,1,1.0,0.0,0.0,0.0,0.0,0.0,0.0,0.0,0.0,0.999699592590332,6.536504224641249e-05,4.47122220066376e-05,2.524692172301002e-05,1.5588673704769462e-05,1.4352839571074583e-05,2.387796666880604e-05,2.4133460101438686e-05,8.712011913303286e-05
2960,liver,liver,1,0.0,1.0,0.0,0.0,0.0,0.0,0.0,0.0,0.0,0.0008429050794802606,0.9770371913909912,0.01790289208292961,0.0019642983097583055,1.3109402971167583e-05,0.0005238355370238423,0.0005830948357470334,0.0005105729214847088,0.0006219773204065859
27,liver,liver,1,0.0,1.0,0.0,0.0,0.0,0.0,0.0,0.0,0.0,0.0008104676380753517,0.8638626337051392,0.0003995320585090667,0.13390566408634186,0.0003276082861702889,0.00010800630116136745,9.959053568309173e-05,9.8400232673157e-05,0.0003881446900777519
1094,muscle,muscle,1,0.0,0.0,1.0,0.0,0.0,0.0,0.0,0.0,0.0,8.251590770669281e-05,0.0003572536807041615,0.9991170763969421,2.0836803741985932e-05,8.483253623126075e-05,2.3058390070218593e-05,2.1412093701655976e-05,2.2436730432673357e-05,0.00027062997105531394
2687,lung_epithelium,lung_epithelium,1,1.0,0.0,0.0,0.0,0.0,0.0,0.0,0.0,0.0,0.9993550181388855,0.00011009733134415,0.00034102736390195787,2.6279209123458713e-05,3.2201121939579025e-05,2.169376239180565e-05,2.591806696727872e-05,2.7172551199328154e-05,6.068820948712528e-05
350,liver,liver,1,0.0,1.0,0.0,0.0,0.0,0.0,0.0,0.0,0.0,0.02724410407245159,0.9714587926864624,0.0005861414829269052,0.0004957816563546658,2.8516253223642707e-05,2.8963524528080598e-05,4.689610068453476e-05,5.8917623391607776e-05,5.1912717026425526e-05
2271,lung_epithelium,lung_epithelium,1,1.0,0.0,0.0,0.0,0.0,0.0,0.0,0.0,0.0,0.9995220899581909,4.807628283742815e-05,0.0002570089709479362,1.5683030142099597e-05,2.8672226108028553e-05,2.397645039309282e-05,3.015241054526996e-05,3.102410119026899e-05,4.322739187045954e-05
1481,lung_epithelium,lung_epithelium,1,1.0,0.0,0.0,0.0,0.0,0.0,0.0,0.0,0.0,0.999757707118988,3.589077459764667e-05,5.031907494412735e-05,1.6534469978068955e-05,2.502940878912341e-05,1.2893941857328173e-05,2.0251231035217643e-05,2.2317375623970293e-05,5.910699110245332e-05
421,liver,liver,1,0.0,1.0,0.0,0.0,0.0,0.0,0.0,0.0,0.0,0.17116381227970123,0.8263269066810608,0.0010113406460732222,0.0011228418443351984,6.637310434598476e-05,5.315335511113517e-05,9.684178075985983e-05,0.0001114130936912261,4.7237350372597575e-05
1776,lung_epithelium,lung_epithelium,1,1.0,0.0,0.0,0.0,0.0,0.0,0.0,0.0,0.0,0.999605119228363,5.0800954340957105e-05,0.00019027036614716053,1.712273297016509e-05,3.1109848350752145e-05,1.9535165847628377e-05,2.696570118132513e-05,2.387170388828963e-05,3.53197829099372e-05
74,liver,liver,1,0.0,1.0,0.0,0.0,0.0,0.0,0.0,0.0,0.0,0.0014891037717461586,0.981227695941925,4.839949542656541e-05,0.016527950763702393,0.00041611198685131967,6.591068813577294e-05,0.00012016567052341998,7.141061360016465e-05,3.3381147659383714e-05
2366,lung_epithelium,lung_epithelium,1,1.0,0.0,0.0,0.0,0.0,0.0,0.0,0.0,0.0,0.9990646243095398,0.00015747091674711555,0.0005896248621866107,3.194587770849466e-05,3.1487008527619764e-05,2.053170646831859e-05,2.6068493752973154e-05,2.7615467843133956e-05,5.0571590691106394e-05
1918,lung_epithelium,lung_epithelium,1,1.0,0.0,0.0,0.0,0.0,0.0,0.0,0.0,0.0,0.9993683695793152,5.61632878088858e-05,0.00030887307366356254,2.7391490220907144e-05,2.4826189473969862e-05,2.3999778932193294e-05,2.9567028832389042e-05,3.3608735975576565e-05,0.00012722620158456266
796,muscle,muscle,1,0.0,0.0,1.0,0.0,0.0,0.0,0.0,0.0,0.0,3.758584352908656e-05,9.085662168217823e-05,0.9997175335884094,1.6277179383905604e-05,3.780621773330495e-05,2.1676893084077165e-05,1.911622348416131e-05,2.594077704998199e-05,3.315253707114607e-05
2913,liver,liver,1,0.0,0.20000000298023224,0.0,0.20000000298023224,0.0,0.20000000298023224,0.20000000298023224,0.20000000298023224,0.0,0.11421463638544083,0.5425348877906799,0.18468990921974182,0.06561580300331116,0.0004128960135858506,0.027999984100461006,0.031193707138299942,0.03319248557090759,0.0001457022299291566
2312,lung_epithelium,liver,0,1.0,0.0,0.0,0.0,0.0,0.0,0.0,0.0,0.0,0.12008987367153168,0.5312542915344238,0.00037194779724814,0.34651434421539307,0.0007072606822475791,0.0001453416480217129,0.0001622596028028056,0.0001900039496831596,0.0005646113422699273
1412,lung_epithelium,lung_epithelium,1,1.0,0.0,0.0,0.0,0.0,0.0,0.0,0.0,0.0,0.9996069073677063,0.00014657971041742712,2.2226506189326756e-05,8.700459875399247e-05,2.6684909244067967e-05,1.4394632671610452e-05,2.179016337322537e-05,2.4303073587361723e-05,5.014885755372234e-05
536,liver,liver,1,0.0,1.0,0.0,0.0,0.0,0.0,0.0,0.0,0.0,0.050946276634931564,0.9463165402412415,0.001427170354872942,0.0010437538148835301,5.2929513913113624e-05,3.7916226574452594e-05,6.704900442855433e-05,7.123782415874302e-05,3.705478593474254e-05
2043,lung_epithelium,lung_epithelium,1,1.0,0.0,0.0,0.0,0.0,0.0,0.0,0.0,0.0,0.999485969543457,0.00011238314618822187,4.212752901366912e-05,8.441370300715789e-05,1.7090187611756846e-05,2.8991400540689938e-05,5.943064024904743e-05,5.8511042880127206e-05,0.00011119530972791836
1737,lung_epithelium,lung_epithelium,1,1.0,0.0,0.0,0.0,0.0,0.0,0.0,0.0,0.0,0.9992687106132507,4.6701152314199135e-05,0.0004820578033104539,4.1359380702488124e-05,3.085615753661841e-05,2.5765553800738417e-05,3.651937367976643e-05,4.341189924161881e-05,2.46128056460293e-05
1086,muscle,muscle,1,0.0,0.0,1.0,0.0,0.0,0.0,0.0,0.0,0.0,0.00019392296962905675,0.00019498373148962855,0.9993426203727722,2.182667958550155e-05,0.00014058825036045164,1.646910641284194e-05,1.6503854567417875e-05,1.933817839017138e-05,5.36680017830804e-05
2236,lung_epithelium,lung_epithelium,1,1.0,0.0,0.0,0.0,0.0,0.0,0.0,0.0,0.0,0.9996100068092346,6.514244887512177e-05,0.00020043656695634127,2.618865437398199e-05,1.525960396975279e-05,1.2139185855630785e-05,2.1169642423046753e-05,2.1684298189939e-05,2.7978621801594272e-05
998,muscle,muscle,1,0.0,0.0,1.0,0.0,0.0,0.0,0.0,0.0,0.0,0.001104829483665526,0.0029570041224360466,0.9956619143486023,9.326717554358765e-05,7.21668911864981e-05,2.1565558199654333e-05,2.973437040054705e-05,3.0267436159192584e-05,2.9187382097006775e-05
381,liver,liver,1,0.0,1.0,0.0,0.0,0.0,0.0,0.0,0.0,0.0,0.12728345394134521,0.8702132701873779,0.001359267975203693,0.0008378042257390916,7.776511483825743e-05,3.831719732261263e-05,7.13740082574077e-05,8.37171173770912e-05,3.507967630866915e-05
518,liver,liver,1,0.0,1.0,0.0,0.0,0.0,0.0,0.0,0.0,0.0,0.15180912613868713,0.8471239805221558,0.0005990760400891304,0.00014561429270543158,5.386819611885585e-05,4.522063318290748e-05,7.306377665372565e-05,9.913132089423016e-05,5.082551433588378e-05
1255,lung_epithelium,lung_epithelium,1,1.0,0.0,0.0,0.0,0.0,0.0,0.0,0.0,0.0,0.9996035695075989,0.00012158566823927686,0.00013506395043805242,1.6523850717931055e-05,3.409780765650794e-05,1.7590151401236653e-05,2.0249866793164983e-05,1.9845456336042844e-05,3.161652784910984e-05
1831,lung_epithelium,lung_epithelium,1,1.0,0.0,0.0,0.0,0.0,0.0,0.0,0.0,0.0,0.9996792078018188,6.499404844362289e-05,7.400027971016243e-05,4.1584291466278955e-05,2.453276829328388e-05,1.642576899030246e-05,3.6049244954483584e-05,3.487736830720678e-05,2.8320782803348266e-05
2404,lung_epithelium,lung_epithelium,1,1.0,0.0,0.0,0.0,0.0,0.0,0.0,0.0,0.0,0.9996071457862854,0.00013645556464325637,0.00011946581798838452,2.51293859037105e-05,2.1491227016667835e-05,8.320478627865668e-06,1.0912776815530378e-05,1.3429411410470493e-05,5.762193904956803e-05
40,liver,liver,1,0.0,1.0,0.0,0.0,0.0,0.0,0.0,0.0,0.0,0.0008313196594826877,0.8321582078933716,0.00018693030870053917,0.16567301750183105,0.0003192203294020146,0.0001336440327577293,0.0001229139306815341,0.00012563126801978797,0.000449171697255224
869,liver,spleen,0,0.0,0.5,0.0,0.5,0.0,0.0,0.0,0.0,0.0,0.010540931485593319,0.4853051006793976,0.0003810172784142196,0.5022758841514587,0.0009455180843360722,0.00012515357229858637,0.00016351226076949388,0.0001647117460379377,9.819809929467738e-05
3239,bone_marrow,bone_marrow,1,0.0,0.0,0.0,0.0,1.0,0.0,0.0,0.0,0.0,0.0025875254068523645,0.0004471207212191075,0.00015214939776342362,6.04711749474518e-05,0.982075035572052,0.00016135138866957277,0.0001314810651820153,0.00017435714835301042,0.014210463501513004
1446,lung_epithelium,lung_epithelium,1,1.0,0.0,0.0,0.0,0.0,0.0,0.0,0.0,0.0,0.999515175819397,2.834344923030585e-05,0.0002415867493255064,2.280507396790199e-05,2.9656495826202445e-05,2.535172097850591e-05,3.239354191464372e-05,3.560812911018729e-05,6.916542042745277e-05
1584,lung_epithelium,lung_epithelium,1,1.0,0.0,0.0,0.0,0.0,0.0,0.0,0.0,0.0,0.9996950626373291,4.7284611355280504e-05,6.020207001711242e-05,1.6590991435805336e-05,2.2807502318755724e-05,1.2627863725356292e-05,1.8946657291962765e-05,1.91154995263787e-05,0.00010749151988420635
1142,lung_epithelium,lung_epithelium,1,1.0,0.0,0.0,0.0,0.0,0.0,0.0,0.0,0.0,0.998673677444458,9.208304982166737e-05,0.0009916722774505615,5.688430610462092e-05,3.1220453820424154e-05,3.0222037821658887e-05,4.464406811166555e-05,5.271796908346005e-05,2.6954325221595354e-05
3006,liver,liver,1,0.0,1.0,0.0,0.0,0.0,0.0,0.0,0.0,0.0,0.06273232400417328,0.9353331327438354,0.0002907759044319391,0.00037199529469944537,5.700892870663665e-05,8.958078251453117e-05,8.884400449460372e-05,9.085750207304955e-05,0.0009455758263356984
661,muscle,muscle,1,0.0,0.0,1.0,0.0,0.0,0.0,0.0,0.0,0.0,0.00012534733104985207,0.00010989153815899044,0.9995811581611633,1.3794184269499965e-05,6.367584137478843e-05,1.9975306713604368e-05,1.75493933056714e-05,2.6189421987510286e-05,4.2469753680052236e-05
51,liver,liver,1,0.0,1.0,0.0,0.0,0.0,0.0,0.0,0.0,0.0,0.020285997539758682,0.9625189900398254,4.9538382882019505e-05,0.016507111489772797,0.0003184527449775487,6.70699228066951e-05,0.00013096236216370016,7.685133459744975e-05,4.494003587751649e-05
3228,bone_marrow,bone_marrow,1,0.0,0.0,0.0,0.0,1.0,0.0,0.0,0.0,0.0,0.0002208011137554422,0.000359263620339334,0.0002109160559484735,0.0001217530807480216,0.9660992622375488,0.00017457330250181258,0.0001258660340681672,0.00015639532648492604,0.03253128379583359
680,muscle,muscle,1,0.0,0.0,1.0,0.0,0.0,0.0,0.0,0.0,0.0,0.0001282094162888825,0.00012304302072152495,0.9995831847190857,1.625025470275432e-05,5.128349584992975e-05,2.0824785678996705e-05,1.9487328245304525e-05,2.6712690669228323e-05,3.09218157781288e-05
166,liver,liver,1,0.0,1.0,0.0,0.0,0.0,0.0,0.0,0.0,0.0,0.05242540314793587,0.9465446472167969,0.00022202204854693264,0.0005484289722517133,2.541467620176263e-05,4.0267557778861374e-05,6.881367153255269e-05,7.48880411265418e-05,5.0135349738411605e-05
1842,lung_epithelium,lung_epithelium,1,1.0,0.0,0.0,0.0,0.0,0.0,0.0,0.0,0.0,0.999721109867096,0.0001149278978118673,3.086800643359311e-05,1.6611342289252207e-05,2.560617394919973e-05,1.0227344318991527e-05,1.8668333723326214e-05,1.3691495951206889e-05,4.830887701245956e-05
1314,lung_epithelium,lung_epithelium,1,1.0,0.0,0.0,0.0,0.0,0.0,0.0,0.0,0.0,0.9995330572128296,6.133614806458354e-05,3.7433113902807236e-05,2.667354783625342e-05,1.815773248381447e-05,2.0067367586307228e-05,3.2196880056289956e-05,3.304157507955097e-05,0.00023813812003936619
1328,lung_epithelium,lung_epithelium,1,1.0,0.0,0.0,0.0,0.0,0.0,0.0,0.0,0.0,0.9994688630104065,7.105296390363947e-05,4.7126046410994604e-05,2.5668823582236655e-05,1.5886311302892864e-05,1.9825003619189374e-05,3.565867154975422e-05,3.3432032068958506e-05,0.00028244874556548893
533,liver,liver,1,0.0,1.0,0.0,0.0,0.0,0.0,0.0,0.0,0.0,0.21252292394638062,0.7855170965194702,0.000886402209289372,0.0007171262986958027,7.78174216975458e-05,4.230177728459239e-05,7.638998067704961e-05,9.677904017735273e-05,6.308509182417765e-05
1811,lung_epithelium,lung_epithelium,1,1.0,0.0,0.0,0.0,0.0,0.0,0.0,0.0,0.0,0.9995816349983215,2.726690399867948e-05,0.00016549596330150962,1.1020303645636886e-05,5.1717590395128354e-05,2.4449867851217277e-05,2.5888763047987595e-05,3.0610990506829694e-05,8.200672891689464e-05
2541,lung_epithelium,lung_epithelium,1,1.0,0.0,0.0,0.0,0.0,0.0,0.0,0.0,0.0,0.9997040629386902,4.523409006651491e-05,0.00011150824138894677,1.2722603059955873e-05,3.2521165849175304e-05,1.2229329513502307e-05,1.7414715330232866e-05,2.1240375644993037e-05,4.2983163439203054e-05
1559,lung_epithelium,lung_epithelium,1,1.0,0.0,0.0,0.0,0.0,0.0,0.0,0.0,0.0,0.9994304776191711,6.885610491735861e-05,0.0003301180840935558,2.404840233793948e-05,3.179196937708184e-05,2.2838332370156422e-05,3.324485442135483e-05,3.149027907056734e-05,2.706393388507422e-05
2743,lung_epithelium,lung_epithelium,1,1.0,0.0,0.0,0.0,0.0,0.0,0.0,0.0,0.0,0.9993476271629333,7.845397340133786e-05,0.0002662094484549016,2.8970116545679048e-05,2.9652090233867057e-05,1.7713553461362608e-05,2.0823930753977038e-05,2.4403683710261248e-05,0.00018618509056977928
242,liver,liver,1,0.0,1.0,0.0,0.0,0.0,0.0,0.0,0.0,0.0,0.1823749840259552,0.8158402442932129,0.0004458010080270469,0.0007472069119103253,5.646456338581629e-05,6.056544589227997e-05,8.872117177816108e-05,0.00012819749827031046,0.00025784035096876323
2903,liver,liver,1,0.0,0.20000000298023224,0.0,0.20000000298023224,0.0,0.20000000298023224,0.20000000298023224,0.20000000298023224,0.0,0.07186312973499298,0.5198309421539307,0.005781815852969885,0.09677352011203766,0.00016732247604522854,0.09472273290157318,0.09577149897813797,0.114650659263134,0.00043835752876475453
817,liver,liver,1,0.0,1.0,0.0,0.0,0.0,0.0,0.0,0.0,0.0,0.014350869692862034,0.9790765047073364,0.0036910318303853273,0.000242042398895137,0.002191185252740979,0.00011502020788611844,0.00017193211533594877,9.631823195377365e-05,6.521569594042376e-05
451,liver,liver,1,0.0,1.0,0.0,0.0,0.0,0.0,0.0,0.0,0.0,0.09113536030054092,0.9076781272888184,0.0003978562308475375,0.0004687194887083024,3.1734311050968245e-05,3.990625555161387e-05,6.79056829540059e-05,8.814287866698578e-05,9.228374983649701e-05
873,liver,liver,1,0.0,0.5,0.0,0.5,0.0,0.0,0.0,0.0,0.0,0.0032648842316120863,0.53160560131073,0.0006681589875370264,0.4633338451385498,0.0005599891883321106,0.00012853149382863194,0.0001468201953684911,0.0001487689296482131,0.00014336030289996415
655,muscle,muscle,1,0.0,0.0,1.0,0.0,0.0,0.0,0.0,0.0,0.0,0.00016635388601571321,0.00016125878028105944,0.9994955062866211,1.8654940504347906e-05,6.319159001577646e-05,1.9005137801286764e-05,1.7398082491126843e-05,2.4637016394990496e-05,3.3955337130464613e-05
3083,muscle,muscle,1,0.0,0.0,1.0,0.0,0.0,0.0,0.0,0.0,0.0,0.00017524173017591238,0.0010572945466265082,0.9984059929847717,4.506227560341358e-05,2.0211491573718376e-05,2.9204782549641095e-05,2.8357553674140945e-05,3.199864295311272e-05,0.00020669976947829127
2263,lung_epithelium,lung_epithelium,1,1.0,0.0,0.0,0.0,0.0,0.0,0.0,0.0,0.0,0.9991530179977417,4.37133276136592e-05,0.0005903863348066807,2.3818165573175065e-05,3.9805159758543596e-05,2.9823093427694403e-05,4.275253741070628e-05,4.884505324298516e-05,2.7921620130655356e-05
3272,bone_marrow,bone_marrow,1,0.0,0.0,0.0,0.0,1.0,0.0,0.0,0.0,0.0,0.0007397677982226014,0.002014382043853402,0.00022155148326419294,0.00027270897408016026,0.9801967144012451,6.54734467389062e-05,4.400389298098162e-05,5.3596904763253406e-05,0.01639173924922943
2980,liver,liver,1,0.0,1.0,0.0,0.0,0.0,0.0,0.0,0.0,0.0,0.005105819087475538,0.9931228756904602,0.0013169869780540466,0.0001154349884018302,2.6492454708204605e-05,4.464852099772543e-05,5.0675687816692516e-05,5.084051008452661e-05,0.00016634388884995133
1901,lung_epithelium,lung_epithelium,1,1.0,0.0,0.0,0.0,0.0,0.0,0.0,0.0,0.0,0.9996223449707031,0.00010752779780887067,8.134160452755168e-05,2.7129890440846793e-05,1.1868628462252673e-05,1.1330645065754652e-05,1.8377038941252977e-05,1.987877294595819e-05,0.00010006847878685221
282,liver,liver,1,0.0,1.0,0.0,0.0,0.0,0.0,0.0,0.0,0.0,0.0895526334643364,0.9093877077102661,0.00018474212265573442,0.0005660002934746444,4.689025809057057e-05,4.330172305344604e-05,7.08008956280537e-05,9.327846782980487e-05,5.47325071238447e-05
158,liver,liver,1,0.0,1.0,0.0,0.0,0.0,0.0,0.0,0.0,0.0,0.02394062839448452,0.9747094511985779,0.00041852620779536664,0.0007434578146785498,3.064386692130938e-05,2.645612221385818e-05,4.523949246504344e-05,5.143248927197419e-05,3.4059085010085255e-05
1713,lung_epithelium,lung_epithelium,1,1.0,0.0,0.0,0.0,0.0,0.0,0.0,0.0,0.0,0.9997337460517883,5.6197117373812944e-05,7.445547817042097e-05,2.528038567106705e-05,1.642124516365584e-05,1.2265398254385218e-05,2.3545624571852386e-05,2.0911793399136513e-05,3.716273567988537e-05
1865,lung_epithelium,lung_epithelium,1,1.0,0.0,0.0,0.0,0.0,0.0,0.0,0.0,0.0,0.9993119239807129,6.441989535233006e-05,0.00044922030065208673,2.5384228138136677e-05,3.3422638807678595e-05,2.3256365238921717e-05,3.2842395739862695e-05,3.3268279366893694e-05,2.626544846862089e-05
8,liver,liver,1,0.0,1.0,0.0,0.0,0.0,0.0,0.0,0.0,0.0,0.00024243992811534554,0.8456173539161682,0.0011758576147258282,0.14726541936397552,0.0025712403003126383,0.0001378593733534217,0.00012101337779313326,9.59025346674025e-05,0.002772840205579996
1176,lung_epithelium,lung_epithelium,1,1.0,0.0,0.0,0.0,0.0,0.0,0.0,0.0,0.0,0.809572696685791,0.12300261855125427,0.00022476058802567422,0.06583910435438156,0.0004730132350232452,8.290525147458538e-05,9.759035310707986e-05,0.00014196698612067848,0.0005653743864968419
1494,lung_epithelium,lung_epithelium,1,1.0,0.0,0.0,0.0,0.0,0.0,0.0,0.0,0.0,0.9995049238204956,3.655651380540803e-05,0.00025306351017206907,3.0100494768703356e-05,2.606021735118702e-05,2.248653254355304e-05,2.902789128711447e-05,3.280265809735283e-05,6.488773215096444e-05
716,muscle,muscle,1,0.0,0.0,1.0,0.0,0.0,0.0,0.0,0.0,0.0,5.1242786867078394e-05,0.00011548995098564774,0.9996463060379028,1.484323092881823e-05,6.919930456206203e-05,1.9415632777963765e-05,1.635343869565986e-05,2.227145159849897e-05,4.479785275179893e-05
1489,lung_epithelium,lung_epithelium,1,1.0,0.0,0.0,0.0,0.0,0.0,0.0,0.0,0.0,0.999631404876709,7.736436236882582e-05,4.297307168599218e-05,2.4179546016966924e-05,1.6297846741508693e-05,1.449756837246241e-05,2.35089537454769e-05,2.2168198483996093e-05,0.0001474911259720102
3241,bone_marrow,bone_marrow,1,0.0,0.0,0.0,0.0,1.0,0.0,0.0,0.0,0.0,0.005532037932425737,0.0006429401109926403,8.864585834089667e-05,5.9418111050035805e-05,0.9875316023826599,0.00012799208343494684,0.00011487597657833248,0.0001456926402170211,0.005756812635809183
2460,lung_epithelium,lung_epithelium,1,1.0,0.0,0.0,0.0,0.0,0.0,0.0,0.0,0.0,0.9984741806983948,0.00041535773198120296,8.097016689134762e-05,5.835790216224268e-05,1.8022865333477966e-05,1.93714822671609e-05,2.716973722272087e-05,3.092001497861929e-05,0.0008757163304835558
2934,liver,muscle,0,0.0,0.20000000298023224,0.0,0.20000000298023224,0.0,0.20000000298023224,0.20000000298023224,0.20000000298023224,0.0,0.0010957267368212342,0.13626910746097565,0.7941780686378479,0.011922239325940609,3.966240183217451e-05,0.018374517560005188,0.018983973190188408,0.018440740182995796,0.0006959810270927846
3012,liver,liver,1,0.0,1.0,0.0,0.0,0.0,0.0,0.0,0.0,0.0,0.0011280191829428077,0.995722770690918,0.0021547500509768724,0.0001372162951156497,1.7587201000424102e-05,4.832845661439933e-05,5.641957250190899e-05,5.0698279665084556e-05,0.000684246770106256
2805,lung_epithelium,lung_epithelium,1,1.0,0.0,0.0,0.0,0.0,0.0,0.0,0.0,0.0,0.9973350167274475,0.001301993615925312,3.471418676781468e-05,0.001144608249887824,8.501225238433108e-05,1.3120431503921282e-05,2.2141312001622282e-05,2.3845903342589736e-05,3.956439468311146e-05
3048,liver,liver,1,0.0,1.0,0.0,0.0,0.0,0.0,0.0,0.0,0.0,0.02035229094326496,0.977012038230896,0.00026527512818574905,0.0005197828286327422,2.6646135665941983e-05,7.662089774385095e-05,7.709351484663785e-05,7.659993570996448e-05,0.0015935979317873716
1629,lung_epithelium,lung_epithelium,1,1.0,0.0,0.0,0.0,0.0,0.0,0.0,0.0,0.0,0.9997416138648987,7.47548183426261e-05,6.657694757450372e-05,1.8229266061098315e-05,2.13987677852856e-05,9.661973308539018e-06,1.8953376638819464e-05,1.546725798107218e-05,3.3249463740503415e-05
2886,liver,liver,1,0.0,0.20000000298023224,0.0,0.20000000298023224,0.0,0.20000000298023224,0.20000000298023224,0.20000000298023224,0.0,0.01094418577849865,0.3480035662651062,0.02263292297720909,0.12765811383724213,0.0002412196627119556,0.16364578902721405,0.16350074112415314,0.16250184178352356,0.0008716009324416518
2503,lung_epithelium,lung_epithelium,1,1.0,0.0,0.0,0.0,0.0,0.0,0.0,0.0,0.0,0.9988211989402771,0.00016602363029960543,0.00031570266583003104,3.546016523614526e-05,2.938044235634152e-05,2.5107283363468014e-05,2.9597718821605667e-05,3.3737502235453576e-05,0.0005437963991425931
581,muscle,muscle,1,0.0,0.0,1.0,0.0,0.0,0.0,0.0,0.0,0.0,0.00011332715075695887,0.0001657715765759349,0.9995585083961487,1.96807632164564e-05,4.41622432845179e-05,1.8788077795761637e-05,1.8712598830461502e-05,2.5700177502585575e-05,3.5355005820747465e-05
1133,muscle,muscle,1,0.0,0.0,1.0,0.0,0.0,0.0,0.0,0.0,0.0,0.0002626249333843589,0.00018727029964793473,0.9992094039916992,2.2719765183865093e-05,0.0002014314231928438,1.7366617612424307e-05,1.6997422790154815e-05,2.038518141489476e-05,6.168649269966409e-05
374,liver,liver,1,0.0,1.0,0.0,0.0,0.0,0.0,0.0,0.0,0.0,0.17308218777179718,0.8254337310791016,0.0009545529610477388,0.00018528311920817941,5.7374614698346704e-05,5.0841998017858714e-05,8.301441994262859e-05,0.0001076356929843314,4.536343112704344e-05
2257,lung_epithelium,lung_epithelium,1,1.0,0.0,0.0,0.0,0.0,0.0,0.0,0.0,0.0,0.9995766282081604,0.00018969552183989435,0.0001018886105157435,1.27271823657793e-05,2.739202682278119e-05,1.5352776244981214e-05,3.241809463361278e-05,2.648103873070795e-05,1.7404623577021994e-05
3149,bone_marrow,bone_marrow,1,0.0,0.0,0.0,0.0,1.0,0.0,0.0,0.0,0.0,0.0007788962684571743,0.042725782841444016,7.115282642189413e-05,0.010374553501605988,0.9449747800827026,8.225702185882255e-05,9.786883310880512e-05,7.532601011916995e-05,0.0008194668334908783
106,liver,liver,1,0.0,1.0,0.0,0.0,0.0,0.0,0.0,0.0,0.0,0.002083300380036235,0.9938876032829285,0.001015535555779934,0.002551134442910552,0.00029021184309385717,3.893715620506555e-05,6.371795461745933e-05,4.942230953020044e-05,2.0121229681535624e-05
331,liver,liver,1,0.0,1.0,0.0,0.0,0.0,0.0,0.0,0.0,0.0,0.01969137229025364,0.979885995388031,0.00011143724987050518,0.00010971575102303177,6.601821223739535e-05,2.686882726266049e-05,3.698563523357734e-05,4.0886501665227115e-05,3.0792394682066515e-05
1361,lung_epithelium,lung_epithelium,1,1.0,0.0,0.0,0.0,0.0,0.0,0.0,0.0,0.0,0.9996321201324463,9.979878814192489e-05,0.0001549424196127802,1.0421063961985055e-05,2.0199026039335877e-05,1.479940146964509e-05,2.2743297449778765e-05,2.349919668631628e-05,2.1448644474730827e-05
1040,muscle,muscle,1,0.0,0.0,1.0,0.0,0.0,0.0,0.0,0.0,0.0,0.00021356859360821545,0.0021061424631625414,0.997430145740509,0.00012158632307546213,1.8928354620584287e-05,2.5676681616459973e-05,3.150193879264407e-05,3.2053729228209704e-05,2.045884139079135e-05
204,liver,liver,1,0.0,1.0,0.0,0.0,0.0,0.0,0.0,0.0,0.0,0.19597890973091125,0.8021609783172607,0.0004416639858391136,0.0008476657094433904,2.9240854928502813e-05,8.81996747921221e-05,0.00015479273861274123,0.00017659332661423832,0.00012200805940665305
59,liver,liver,1,0.0,1.0,0.0,0.0,0.0,0.0,0.0,0.0,0.0,0.00022702339629177004,0.9604465365409851,8.756497118156403e-05,0.03358924761414528,0.005110450554639101,6.689226574962959e-05,9.873957606032491e-05,6.291431054705754e-05,0.0003106808289885521
2059,lung_epithelium,lung_epithelium,1,1.0,0.0,0.0,0.0,0.0,0.0,0.0,0.0,0.0,0.9994864463806152,3.296399154351093e-05,0.0002755325986072421,2.8076754460926168e-05,2.708499778236728e-05,2.3204351236927323e-05,3.084198760916479e-05,3.470513547654264e-05,6.119965837569907e-05
2248,lung_epithelium,lung_epithelium,1,1.0,0.0,0.0,0.0,0.0,0.0,0.0,0.0,0.0,0.9992650151252747,4.717812407761812e-05,0.0004963924293406308,2.4118782675941475e-05,3.472140815574676e-05,2.7481619326863438e-05,3.809881673078053e-05,4.0864986658561975e-05,2.6163119400735013e-05
489,liver,liver,1,0.0,1.0,0.0,0.0,0.0,0.0,0.0,0.0,0.0,0.013540683314204216,0.9859864711761475,6.004225360811688e-05,0.00022967212134972215,3.804826337727718e-05,2.8365171601762995e-05,3.8488436985062435e-05,4.872716817772016e-05,2.9575330700026825e-05
2846,lung_epithelium,lung_epithelium,1,1.0,0.0,0.0,0.0,0.0,0.0,0.0,0.0,0.0,0.9994351267814636,7.693380757700652e-05,0.0003441144071985036,1.7735068468027748e-05,3.9718172047287226e-05,1.8808417735272087e-05,2.4865072191460058e-05,2.5009881937876344e-05,1.7707097867969424e-05
2831,lung_epithelium,lung_epithelium,1,1.0,0.0,0.0,0.0,0.0,0.0,0.0,0.0,0.0,0.9993544220924377,7.453191938111559e-05,0.00040064967470243573,2.894625868066214e-05,2.6351044652983546e-05,2.3028351279208437e-05,3.3217227610293776e-05,3.107394149992615e-05,2.7792038963525556e-05
1655,lung_epithelium,lung_epithelium,1,1.0,0.0,0.0,0.0,0.0,0.0,0.0,0.0,0.0,0.9997487664222717,4.978393189958297e-05,4.304850517655723e-05,1.9188033547834493e-05,1.958788197953254e-05,1.2471360605559312e-05,2.2722751964465715e-05,1.988911571970675e-05,6.456099799834192e-05
389,liver,liver,1,0.0,1.0,0.0,0.0,0.0,0.0,0.0,0.0,0.0,0.046737395226955414,0.9528093934059143,0.00011686283687595278,0.00010074099554913118,5.9980589867336676e-05,3.369217301951721e-05,5.4826279665576294e-05,5.807821798953228e-05,2.899291030189488e-05
1925,lung_epithelium,lung_epithelium,1,1.0,0.0,0.0,0.0,0.0,0.0,0.0,0.0,0.0,0.9961087107658386,0.0005922463024035096,4.668239489546977e-05,4.8482608690392226e-05,3.513282717904076e-05,3.90936438634526e-05,4.9520476750331e-05,5.845297346240841e-05,0.003021725220605731
692,muscle,muscle,1,0.0,0.0,1.0,0.0,0.0,0.0,0.0,0.0,0.0,5.785793473478407e-05,9.329248132416978e-05,0.9996746778488159,1.2344221431703772e-05,4.847784657613374e-05,1.932822669914458e-05,1.7769305486581288e-05,2.4362341719097458e-05,5.193662582314573e-05
1910,lung_epithelium,lung_epithelium,1,1.0,0.0,0.0,0.0,0.0,0.0,0.0,0.0,0.0,0.9995506405830383,0.00013455696171149611,0.0001958972425200045,2.7756199415307492e-05,1.2856992725573946e-05,9.947970283974428e-06,1.548580803500954e-05,1.7232439859071746e-05,3.565815859474242e-05
1521,lung_epithelium,lung_epithelium,1,1.0,0.0,0.0,0.0,0.0,0.0,0.0,0.0,0.0,0.9994004964828491,5.096766471979208e-05,0.0003780419356189668,2.169843173760455e-05,3.1656141800340265e-05,2.0316057998570614e-05,2.5604504116927274e-05,2.8562719307956286e-05,4.2613595724105835e-05
150,liver,liver,1,0.0,1.0,0.0,0.0,0.0,0.0,0.0,0.0,0.0,0.17401570081710815,0.8221370577812195,0.0018141603795811534,0.001614243257790804,0.00011080642434535548,5.56387058168184e-05,0.00011134019587188959,0.00010377394210081547,3.720051608979702e-05
786,muscle,muscle,1,0.0,0.0,1.0,0.0,0.0,0.0,0.0,0.0,0.0,0.00017048569861799479,0.00011486842413432896,0.9995297193527222,1.358067493129056e-05,5.6038537877611816e-05,1.911800791276619e-05,1.9885839719790965e-05,2.9048853321000934e-05,4.732059460366145e-05
305,liver,liver,1,0.0,1.0,0.0,0.0,0.0,0.0,0.0,0.0,0.0,0.044928569346666336,0.953406572341919,0.0006996590527705848,0.0006671632872894406,3.8271005905698985e-05,3.923432814190164e-05,6.0087368183303624e-05,8.057503873715177e-05,7.991195161594078e-05
2459,lung_epithelium,lung_epithelium,1,1.0,0.0,0.0,0.0,0.0,0.0,0.0,0.0,0.0,0.9989557266235352,0.00013468440738506615,0.0006947103538550436,3.6733825254486874e-05,2.9567281671916135e-05,2.6939294912153855e-05,3.36281955242157e-05,3.741545879165642e-05,5.059985051047988e-05
1121,lung_epithelium,lung_epithelium,1,1.0,0.0,0.0,0.0,0.0,0.0,0.0,0.0,0.0,0.9940085411071777,0.0006292597390711308,0.004949431400746107,0.0001312394015258178,5.8345201978227124e-05,4.478283881326206e-05,7.073975575622171e-05,7.147880387492478e-05,3.6285411624703556e-05
1295,lung_epithelium,lung_epithelium,1,1.0,0.0,0.0,0.0,0.0,0.0,0.0,0.0,0.0,0.9997597336769104,5.5260639783227816e-05,7.814344280632213e-05,9.610171218810137e-06,3.4780328860506415e-05,1.0700419807108119e-05,1.6233108908636495e-05,1.527352287666872e-05,2.0278523152228445e-05
393,liver,liver,1,0.0,1.0,0.0,0.0,0.0,0.0,0.0,0.0,0.0,0.04613032937049866,0.9521388411521912,0.0008774504531174898,0.0006017592968419194,3.988372554886155e-05,3.126049705315381e-05,5.402921306085773e-05,7.092881423886865e-05,5.547773253056221e-05
1307,lung_epithelium,lung_epithelium,1,1.0,0.0,0.0,0.0,0.0,0.0,0.0,0.0,0.0,0.999441921710968,4.585821443470195e-05,0.0003398430999368429,2.2448861273005605e-05,2.9489005100913346e-05,2.3305508875637315e-05,3.0274519303929992e-05,3.199365164618939e-05,3.476363781373948e-05
1665,lung_epithelium,lung_epithelium,1,1.0,0.0,0.0,0.0,0.0,0.0,0.0,0.0,0.0,0.9997363686561584,6.772758206352592e-05,4.9029215006157756e-05,1.8144704881706275e-05,1.883500226540491e-05,1.1844087566714734e-05,2.155567199224606e-05,1.8314798580831848e-05,5.815748590976e-05
2183,lung_epithelium,lung_epithelium,1,1.0,0.0,0.0,0.0,0.0,0.0,0.0,0.0,0.0,0.9992856383323669,0.00015765229181852192,4.4573207560461015e-05,2.9348389944061637e-05,1.5833022189326584e-05,2.1944419131614268e-05,3.463794928393327e-05,3.220853250240907e-05,0.0003782586718443781
862,liver,liver,1,0.0,0.5,0.0,0.5,0.0,0.0,0.0,0.0,0.0,0.003348972648382187,0.5101214647293091,0.0004699326818808913,0.48441991209983826,0.0011278979945927858,0.0001061031871358864,0.0001261724828509614,0.0001232978975167498,0.0001561674289405346
794,muscle,muscle,1,0.0,0.0,1.0,0.0,0.0,0.0,0.0,0.0,0.0,0.00023314656573347747,0.00019391045498196036,0.9994086027145386,1.7965188817470334e-05,3.905134872184135e-05,2.447514452796895e-05,2.2040941985324025e-05,3.3926877222256735e-05,2.681399018911179e-05
1333,lung_epithelium,lung_epithelium,1,1.0,0.0,0.0,0.0,0.0,0.0,0.0,0.0,0.0,0.9996353387832642,7.733206439297646e-05,0.00010556963388808072,2.4515416953363456e-05,1.317812711931765e-05,1.3373631190916058e-05,2.2766262190998532e-05,2.3887254428700544e-05,8.406524284509942e-05
1581,lung_epithelium,lung_epithelium,1,1.0,0.0,0.0,0.0,0.0,0.0,0.0,0.0,0.0,0.9997197985649109,3.947847289964557e-05,6.397852121153846e-05,1.7825726899900474e-05,2.3835360480006784e-05,1.201703526021447e-05,1.797988443286158e-05,1.9035855075344443e-05,8.603677270002663e-05
2283,lung_epithelium,lung_epithelium,1,1.0,0.0,0.0,0.0,0.0,0.0,0.0,0.0,0.0,0.9995542168617249,0.00016730779316276312,3.202343577868305e-05,0.00013339957513380796,2.4646171368658543e-05,1.4447605281020515e-05,2.506491910025943e-05,2.6068688384839334e-05,2.2731463104719296e-05
2802,lung_epithelium,lung_epithelium,1,1.0,0.0,0.0,0.0,0.0,0.0,0.0,0.0,0.0,0.99254310131073,0.004265593830496073,5.171701195649803e-05,0.0028289565816521645,7.228903996292502e-05,2.5366594854858704e-05,3.841907891910523e-05,4.041850479552522e-05,0.00013406942889560014
2586,lung_epithelium,lung_epithelium,1,1.0,0.0,0.0,0.0,0.0,0.0,0.0,0.0,0.0,0.9993237257003784,0.00026881182566285133,0.00022228759189601988,6.765161379007623e-05,1.4802442819927819e-05,1.024309949571034e-05,1.5867002730374224e-05,1.7941934856935404e-05,5.875740316696465e-05
1615,lung_epithelium,lung_epithelium,1,1.0,0.0,0.0,0.0,0.0,0.0,0.0,0.0,0.0,0.9997414946556091,5.4016934882383794e-05,6.830321217421442e-05,1.5542387700406834e-05,2.3998392862267792e-05,1.1690964129229542e-05,2.005054739129264e-05,1.8409455151413567e-05,4.661207276512869e-05
618,muscle,muscle,1,0.0,0.0,1.0,0.0,0.0,0.0,0.0,0.0,0.0,0.00021174087305553257,0.00016605615383014083,0.9994189739227295,1.7005932022584602e-05,6.505799683509395e-05,2.0089701138203964e-05,2.0623228920158e-05,2.7224765290156938e-05,5.326254904503003e-05
3017,liver,liver,1,0.0,1.0,0.0,0.0,0.0,0.0,0.0,0.0,0.0,0.01724163070321083,0.9816039800643921,0.00029207230545580387,0.0003158461768180132,2.3761203920003027e-05,4.258485932950862e-05,4.9774589570006356e-05,5.6991626479430124e-05,0.00037339041591621935
2353,lung_epithelium,lung_epithelium,1,1.0,0.0,0.0,0.0,0.0,0.0,0.0,0.0,0.0,0.998638927936554,0.00015499927394557744,0.0010104186367243528,3.940676469937898e-05,3.750571340788156e-05,2.3154356313170865e-05,3.112907870672643e-05,3.347187885083258e-05,3.0912793590687215e-05
306,liver,liver,1,0.0,1.0,0.0,0.0,0.0,0.0,0.0,0.0,0.0,0.013478715904057026,0.9859565496444702,0.00010090384603245184,0.0002828277356456965,4.0266742871608585e-05,2.672107621037867e-05,3.623708107625134e-05,4.6889126679161564e-05,3.093267514486797e-05
966,liver,liver,1,0.0,0.5,0.0,0.5,0.0,0.0,0.0,0.0,0.0,0.00034748498001135886,0.572998046875,0.0037763086147606373,0.4177311062812805,0.003788432339206338,0.00029100486426614225,0.00045859013334847987,0.00023314626014325768,0.00037589791463688016
2985,liver,liver,1,0.0,1.0,0.0,0.0,0.0,0.0,0.0,0.0,0.0,0.004722053185105324,0.9902839064598083,0.0003733747289516032,0.00024173971905838698,2.062910243694205e-05,8.772950968705118e-05,8.687280933372676e-05,8.412134775426239e-05,0.0040996321476995945
3281,ear,ear,1,0.0,0.0,0.0,0.0,0.0,0.0,0.0,0.0,1.0,0.0053939069621264935,0.03749040141701698,0.0002672155387699604,0.007875620387494564,0.17835520207881927,0.00024233794829342514,0.00017070566536858678,0.0002350135036977008,0.769969642162323
1134,muscle,muscle,1,0.0,0.0,1.0,0.0,0.0,0.0,0.0,0.0,0.0,0.00014555460074916482,0.00016635718930047005,0.9992695450782776,2.4203871362260543e-05,0.0002509363694116473,1.9046145098400302e-05,1.8446482499712147e-05,2.1724556063418277e-05,8.419018558925018e-05
2750,lung_epithelium,lung_epithelium,1,1.0,0.0,0.0,0.0,0.0,0.0,0.0,0.0,0.0,0.9995930790901184,0.00011455155618023127,2.7469310225569643e-05,1.542133941256907e-05,2.2196161808096804e-05,1.4480250683845952e-05,2.5037532395799644e-05,1.911378603836056e-05,0.0001685688184807077
3233,bone_marrow,bone_marrow,1,0.0,0.0,0.0,0.0,1.0,0.0,0.0,0.0,0.0,0.00014824102981947362,0.001044603530317545,0.00010588379518594593,0.00031690506148152053,0.9663510918617249,0.00012065318878740072,8.715571311768144e-05,0.00010044522787211463,0.03172500431537628
2102,lung_epithelium,lung_epithelium,1,1.0,0.0,0.0,0.0,0.0,0.0,0.0,0.0,0.0,0.9992658495903015,6.898507854202762e-05,0.000486382661620155,2.8672231564996764e-05,2.85026562778512e-05,2.136436705768574e-05,2.7774209229392e-05,3.169065894326195e-05,4.084257670911029e-05
997,muscle,muscle,1,0.0,0.0,1.0,0.0,0.0,0.0,0.0,0.0,0.0,0.00014464206469710916,0.0006210221908986568,0.9989315867424011,2.3698818040429614e-05,0.00017519359244033694,2.0596315152943134e-05,2.0934068743372336e-05,1.970249468286056e-05,4.2499588744249195e-05
267,liver,liver,1,0.0,1.0,0.0,0.0,0.0,0.0,0.0,0.0,0.0,0.14315453171730042,0.8551217317581177,0.00043950395775027573,0.0009254537872038782,3.919989467249252e-05,5.380443690228276e-05,9.804148430703208e-05,0.00011268321395618841,5.509918264579028e-05
983,liver,liver,1,0.0,0.5,0.0,0.5,0.0,0.0,0.0,0.0,0.0,0.004692899063229561,0.612400233745575,0.0003931499377358705,0.38153985142707825,0.0003287504077889025,0.00014788846601732075,0.00016673962818458676,0.0001780471357051283,0.00015244362293742597
1922,lung_epithelium,lung_epithelium,1,1.0,0.0,0.0,0.0,0.0,0.0,0.0,0.0,0.0,0.9993222951889038,9.824302105698735e-05,0.00037785249878652394,2.7308513381285593e-05,2.7168811357114464e-05,2.4961547751445323e-05,3.138616375508718e-05,3.1896452128421515e-05,5.8909481595037505e-05
1706,lung_epithelium,lung_epithelium,1,1.0,0.0,0.0,0.0,0.0,0.0,0.0,0.0,0.0,0.9995482563972473,4.4243108277441934e-05,0.0001824021601350978,1.8268252460984513e-05,2.664362546056509e-05,2.2390995582100004e-05,2.9060340239084326e-05,2.6773450372274965e-05,0.00010192022455157712
251,liver,liver,1,0.0,1.0,0.0,0.0,0.0,0.0,0.0,0.0,0.0,0.08970384299755096,0.9083359837532043,0.00020481887622736394,0.0005692713311873376,4.089114008820616e-05,9.85720325843431e-05,0.00013231368211563677,0.00017799725173972547,0.0007363807526417077
1407,lung_epithelium,lung_epithelium,1,1.0,0.0,0.0,0.0,0.0,0.0,0.0,0.0,0.0,0.999466598033905,4.2131410737056285e-05,0.00017268408555537462,2.035302713920828e-05,2.844141454261262e-05,2.603020766400732e-05,3.089044548687525e-05,3.293257759651169e-05,0.00017986141028814018
3203,bone_marrow,bone_marrow,1,0.0,0.0,0.0,0.0,1.0,0.0,0.0,0.0,0.0,0.0006010272772982717,0.002588158007711172,5.82591092097573e-05,0.0005033385241404176,0.9944263696670532,4.8263274948112667e-05,4.86727622046601e-05,4.737195558845997e-05,0.001678547472693026
2692,lung_epithelium,lung_epithelium,1,1.0,0.0,0.0,0.0,0.0,0.0,0.0,0.0,0.0,0.9994937181472778,5.23553644597996e-05,0.00022235701908357441,2.7460109777166508e-05,3.110137186013162e-05,1.809955392673146e-05,2.125201172020752e-05,2.5045863367267884e-05,0.00010856573499040678
2390,lung_epithelium,lung_epithelium,1,1.0,0.0,0.0,0.0,0.0,0.0,0.0,0.0,0.0,0.9761772155761719,0.014305765740573406,5.677766603184864e-05,0.008865268900990486,8.111700299195945e-05,5.644444900099188e-05,8.341797365574166e-05,9.25238273339346e-05,0.00028153834864497185
1271,lung_epithelium,lung_epithelium,1,1.0,0.0,0.0,0.0,0.0,0.0,0.0,0.0,0.0,0.9996862411499023,6.188608676893637e-05,0.00010633082274580374,2.493449028406758e-05,1.5072318092279602e-05,1.3137762834958266e-05,2.044008215307258e-05,2.2088441255618818e-05,4.997775249648839e-05
1946,lung_epithelium,lung_epithelium,1,1.0,0.0,0.0,0.0,0.0,0.0,0.0,0.0,0.0,0.9993807077407837,5.8685709518613294e-05,0.00020544756262097508,2.5353483579237945e-05,2.6383848307887092e-05,2.60158849414438e-05,3.259219738538377e-05,3.9340662624454126e-05,0.0002055584773188457
3291,ear,ear,1,0.0,0.0,0.0,0.0,0.0,0.0,0.0,0.0,1.0,0.0011369584826752543,0.24571432173252106,0.0019151568412780762,0.07950031012296677,0.29104524850845337,0.000367459753761068,0.0002770501305349171,0.00031681981636211276,0.37972670793533325
2328,lung_epithelium,lung_epithelium,1,1.0,0.0,0.0,0.0,0.0,0.0,0.0,0.0,0.0,0.9993472695350647,9.771678742254153e-05,0.00034176596091128886,2.5483681383775547e-05,3.175795791321434e-05,2.5324654416181147e-05,3.006688530149404e-05,3.1206316634779796e-05,6.928735092515126e-05
2021,lung_epithelium,lung_epithelium,1,1.0,0.0,0.0,0.0,0.0,0.0,0.0,0.0,0.0,0.9996287822723389,2.6917472496279515e-05,0.00013358649448491633,1.4636046216764953e-05,4.1201627027476206e-05,2.3221138690132648e-05,2.858856532839127e-05,2.689902248675935e-05,7.617832307005301e-05
642,muscle,muscle,1,0.0,0.0,1.0,0.0,0.0,0.0,0.0,0.0,0.0,0.0003640510549303144,0.000311779702315107,0.9991342425346375,2.588235838629771e-05,3.896010457538068e-05,2.7530248189577833e-05,2.6207186238025315e-05,3.747864320757799e-05,3.3834923669928685e-05
1352,lung_epithelium,lung_epithelium,1,1.0,0.0,0.0,0.0,0.0,0.0,0.0,0.0,0.0,0.9997290968894958,8.577263361075893e-05,5.968356708763167e-05,9.652402695792262e-06,1.940043512149714e-05,1.4906269825587515e-05,2.537514410505537e-05,2.310607123945374e-05,3.290552558610216e-05
792,muscle,muscle,1,0.0,0.0,1.0,0.0,0.0,0.0,0.0,0.0,0.0,5.7873359764926136e-05,0.00010636767547111958,0.9996532201766968,1.5781519323354587e-05,6.614831363549456e-05,1.880610034277197e-05,1.697022162261419e-05,2.354482603550423e-05,4.135147173656151e-05
208,liver,liver,1,0.0,1.0,0.0,0.0,0.0,0.0,0.0,0.0,0.0,0.03586370870471001,0.9627239108085632,0.00024575996212661266,0.000913175696041435,3.061431198148057e-05,3.82418766093906e-05,6.081106039346196e-05,7.282206934178248e-05,5.108849290991202e-05
2969,liver,liver,1,0.0,1.0,0.0,0.0,0.0,0.0,0.0,0.0,0.0,0.0064459810964763165,0.9845675230026245,0.0075823538936674595,0.0003785880107898265,3.9047885366017e-05,4.334491677582264e-05,4.9390775529900566e-05,4.712073496193625e-05,0.0008466745493933558
721,muscle,muscle,1,0.0,0.0,1.0,0.0,0.0,0.0,0.0,0.0,0.0,0.00015511250239796937,0.00011852512398036197,0.9995667338371277,1.4569200175174046e-05,3.7788082408951595e-05,2.4775126803433523e-05,2.2103584342403337e-05,3.3246247767237946e-05,2.7154161216458306e-05
1137,muscle,muscle,1,0.0,0.0,1.0,0.0,0.0,0.0,0.0,0.0,0.0,0.003667242592200637,0.0003400050336495042,0.9947435855865479,3.126170122413896e-05,0.0010506639955565333,2.783144918794278e-05,2.9349424949032255e-05,3.4442160540493205e-05,7.553649629699066e-05
532,liver,liver,1,0.0,1.0,0.0,0.0,0.0,0.0,0.0,0.0,0.0,0.04928208142518997,0.9502604007720947,0.0001177284138975665,0.00011673341214191169,6.0123657021904364e-05,3.065671626245603e-05,4.950416769133881e-05,5.425129347713664e-05,2.8574739189934917e-05
2754,lung_epithelium,lung_epithelium,1,1.0,0.0,0.0,0.0,0.0,0.0,0.0,0.0,0.0,0.999616265296936,5.641425741487183e-05,2.803774805215653e-05,1.8597911548567936e-05,2.4824083084240556e-05,1.620133662072476e-05,2.7568652512854896e-05,2.4955563276307657e-05,0.00018710480071604252
3129,muscle,muscle,1,0.0,0.0,1.0,0.0,0.0,0.0,0.0,0.0,0.0,0.000129944397485815,0.0002618471044115722,0.9992634654045105,3.077083601965569e-05,6.337207014439628e-05,1.999287269427441e-05,1.9873870769515634e-05,2.2000846001901664e-05,0.0001886873651528731
366,liver,liver,1,0.0,1.0,0.0,0.0,0.0,0.0,0.0,0.0,0.0,0.24412144720554352,0.7541521191596985,0.0011464864946901798,0.00019940310448873788,7.831723632989451e-05,5.216967474552803e-05,8.791195432422683e-05,0.00011429264122853056,4.790592356584966e-05
1192,lung_epithelium,lung_epithelium,1,1.0,0.0,0.0,0.0,0.0,0.0,0.0,0.0,0.0,0.9996944665908813,5.717840394936502e-05,3.0659088224638253e-05,1.6237392628681846e-05,2.0950315956724808e-05,1.4740317055839114e-05,2.489342659828253e-05,2.1671885406249203e-05,0.0001191741248476319
2221,lung_epithelium,lung_epithelium,1,1.0,0.0,0.0,0.0,0.0,0.0,0.0,0.0,0.0,0.9997010827064514,5.097847679280676e-05,6.234432657947764e-05,3.62462924385909e-05,2.738117655098904e-05,1.5412271750392392e-05,3.36541525030043e-05,3.488199217827059e-05,3.79178200091701e-05
261,liver,liver,1,0.0,1.0,0.0,0.0,0.0,0.0,0.0,0.0,0.0,0.21909379959106445,0.7798572182655334,0.00033930831705220044,0.0003588848339859396,8.343506488017738e-05,4.25719736085739e-05,8.028487354749814e-05,8.795806934358552e-05,5.648719525197521e-05
289,liver,liver,1,0.0,1.0,0.0,0.0,0.0,0.0,0.0,0.0,0.0,0.12550142407417297,0.8726571798324585,0.0007639816612936556,0.0007746405899524689,6.757469964213669e-05,3.853423550026491e-05,7.486759568564594e-05,8.41118671814911e-05,3.771244882955216e-05
2222,lung_epithelium,lung_epithelium,1,1.0,0.0,0.0,0.0,0.0,0.0,0.0,0.0,0.0,0.9995365142822266,3.650268990895711e-05,0.0001483187370467931,1.6117166524054483e-05,3.22396335832309e-05,2.5510926207061857e-05,3.1666822906117886e-05,3.0733102903468534e-05,0.00014225162158254534
1396,lung_epithelium,lung_epithelium,1,1.0,0.0,0.0,0.0,0.0,0.0,0.0,0.0,0.0,0.9996649026870728,0.000101831930805929,6.137976015452296e-05,1.934260581037961e-05,1.6078949556685984e-05,1.284678091906244e-05,2.2603424440603703e-05,1.944384530361276e-05,8.149522909661755e-05
1860,lung_epithelium,lung_epithelium,1,1.0,0.0,0.0,0.0,0.0,0.0,0.0,0.0,0.0,0.9996683597564697,8.182704186765477e-05,8.999583951663226e-05,1.985912604141049e-05,3.384429510333575e-05,1.891500869533047e-05,2.5731844289111905e-05,2.0832419977523386e-05,4.063008236698806e-05
2885,liver,liver,1,0.0,0.20000000298023224,0.0,0.20000000298023224,0.0,0.20000000298023224,0.20000000298023224,0.20000000298023224,0.0,0.06406763941049576,0.39420509338378906,0.24262699484825134,0.07326903194189072,0.0007422988419421017,0.06873603910207748,0.07472636550664902,0.08089079707860947,0.00073572265682742
513,liver,liver,1,0.0,1.0,0.0,0.0,0.0,0.0,0.0,0.0,0.0,0.06444846093654633,0.9335931539535522,0.0006352934869937599,0.0010269464692100883,5.845569830853492e-05,3.712967372848652e-05,6.27476692898199e-05,8.095439989119768e-05,5.683324343408458e-05
936,liver,liver,1,0.0,0.5,0.0,0.5,0.0,0.0,0.0,0.0,0.0,0.001310073654167354,0.5612935423851013,0.00027323997346684337,0.4357523024082184,0.0007818264421075583,0.00011848804570036009,0.0001738148566801101,0.0001497934863436967,0.00014696866855956614
1050,muscle,muscle,1,0.0,0.0,1.0,0.0,0.0,0.0,0.0,0.0,0.0,0.0015579544706270099,0.00232299929484725,0.9957685470581055,0.0001782324688974768,5.521552884601988e-05,2.3970183974597603e-05,3.2692940294509754e-05,3.544722494552843e-05,2.4924545868998393e-05
121,lung_epithelium,lung_epithelium,1,1.0,0.0,0.0,0.0,0.0,0.0,0.0,0.0,0.0,0.9902240633964539,0.00047598950914107263,0.00888388603925705,7.143765105865896e-05,6.076553836464882e-05,5.2548286475939676e-05,7.777295104460791e-05,0.00012258095375727862,3.097824810538441e-05
3026,liver,liver,1,0.0,1.0,0.0,0.0,0.0,0.0,0.0,0.0,0.0,0.0027303905226290226,0.9941655397415161,0.0006021729204803705,0.0010656977538019419,1.2374729521980044e-05,0.0001300709554925561,0.00012737367069348693,0.00013326005137059838,0.001033005304634571
424,liver,liver,1,0.0,1.0,0.0,0.0,0.0,0.0,0.0,0.0,0.0,0.05505182221531868,0.9428731203079224,0.0006598127656616271,0.0011365640675649047,4.194908979116008e-05,3.776175799430348e-05,6.436018884414807e-05,8.137938857544214e-05,5.3284416935639456e-05
1533,lung_epithelium,lung_epithelium,1,1.0,0.0,0.0,0.0,0.0,0.0,0.0,0.0,0.0,0.9994812607765198,0.00020102922280784696,1.859529220382683e-05,0.00016641306865494698,6.014800237608142e-05,9.2113532446092e-06,1.4476739124802407e-05,1.7693007976049557e-05,3.105125142610632e-05
3133,muscle,muscle,1,0.0,0.0,1.0,0.0,0.0,0.0,0.0,0.0,0.0,0.00025594321778044105,0.0036674451548606157,0.995661199092865,0.00016763617168180645,2.1689542336389422e-05,3.455648766248487e-05,3.6178123991703615e-05,4.050154166179709e-05,0.0001147665607277304
2321,lung_epithelium,lung_epithelium,1,1.0,0.0,0.0,0.0,0.0,0.0,0.0,0.0,0.0,0.9994726777076721,3.7994857848389074e-05,0.00026812011492438614,2.8826481866417453e-05,3.1375715479953215e-05,2.196276545873843e-05,2.7445525120128877e-05,3.309684689156711e-05,7.847448432585225e-05
1641,lung_epithelium,lung_epithelium,1,1.0,0.0,0.0,0.0,0.0,0.0,0.0,0.0,0.0,0.9997590184211731,8.897740190150216e-05,2.551589932409115e-05,1.1135956810903735e-05,3.8181540730874985e-05,1.0425150321680121e-05,1.8447457478032447e-05,1.3589336049335543e-05,3.467214628471993e-05
2815,lung_epithelium,lung_epithelium,1,1.0,0.0,0.0,0.0,0.0,0.0,0.0,0.0,0.0,0.9969683289527893,0.0014727876987308264,2.664535350049846e-05,0.001101482892408967,0.0003278458025306463,1.2415073797455989e-05,1.683385380601976e-05,2.1434556401800364e-05,5.22235241078306e-05
2602,lung_epithelium,lung_epithelium,1,1.0,0.0,0.0,0.0,0.0,0.0,0.0,0.0,0.0,0.9996923208236694,5.98131628066767e-05,0.00011120192357338965,2.1266310795908794e-05,2.9008810088271275e-05,9.283868166676257e-06,1.4133356671663933e-05,1.6157617210410535e-05,4.6807690523564816e-05
2910,liver,heart,0,0.0,0.20000000298023224,0.0,0.20000000298023224,0.0,0.20000000298023224,0.20000000298023224,0.20000000298023224,0.0,0.0033656894229352474,0.10440243780612946,0.1620696485042572,0.17061753571033478,0.0004008089017588645,0.19043779373168945,0.18088877201080322,0.1864732950925827,0.001343991025350988
2519,lung_epithelium,lung_epithelium,1,1.0,0.0,0.0,0.0,0.0,0.0,0.0,0.0,0.0,0.9994180202484131,3.01524323731428e-05,0.0003322293341625482,2.4754885089350864e-05,3.2865274988580495e-05,2.3021559172775596e-05,3.099023524555378e-05,3.9228383684530854e-05,6.869166827527806e-05
1554,lung_epithelium,lung_epithelium,1,1.0,0.0,0.0,0.0,0.0,0.0,0.0,0.0,0.0,0.9995301961898804,6.807024328736588e-05,0.0002079136756947264,2.0961560949217528e-05,3.0365852580871433e-05,2.3725846403976902e-05,3.0256929676397704e-05,2.776855035335757e-05,6.073654003557749e-05
1339,lung_epithelium,lung_epithelium,1,1.0,0.0,0.0,0.0,0.0,0.0,0.0,0.0,0.0,0.9993727803230286,5.475295620271936e-05,0.0003950635436922312,1.827877713367343e-05,3.371678030816838e-05,2.2251135305850767e-05,2.796557964757085e-05,3.083054252783768e-05,4.4282147428020835e-05
2535,lung_epithelium,lung_epithelium,1,1.0,0.0,0.0,0.0,0.0,0.0,0.0,0.0,0.0,0.9993206262588501,3.204625681973994e-05,0.000430154032073915,2.1554022168857045e-05,4.143599289818667e-05,2.4825334548950195e-05,3.399193155928515e-05,4.297753548598848e-05,5.2372761274455115e-05
1457,lung_epithelium,lung_epithelium,1,1.0,0.0,0.0,0.0,0.0,0.0,0.0,0.0,0.0,0.9997074007987976,4.166001235716976e-05,4.0945546061266214e-05,2.030133873631712e-05,2.0024925106554292e-05,1.546002022223547e-05,2.7144233172293752e-05,2.4943368771346286e-05,0.00010209716856479645
2769,lung_epithelium,lung_epithelium,1,1.0,0.0,0.0,0.0,0.0,0.0,0.0,0.0,0.0,0.9994340538978577,0.00017073133494704962,0.00011667485523503274,0.0001137120634666644,2.6002266167779453e-05,1.5335530406446196e-05,3.4542481444077566e-05,3.510260648909025e-05,5.384337418945506e-05
2856,lung_epithelium,lung_epithelium,1,1.0,0.0,0.0,0.0,0.0,0.0,0.0,0.0,0.0,0.9993398785591125,6.432678492274135e-05,0.000417816627305001,2.6018369680969045e-05,2.8606318664969876e-05,2.45239043579204e-05,3.3634391002124175e-05,3.310984538984485e-05,3.202652806066908e-05
2968,liver,liver,1,0.0,1.0,0.0,0.0,0.0,0.0,0.0,0.0,0.0,0.002502448856830597,0.9840949177742004,0.012179574929177761,0.0002322576765436679,3.806367385550402e-05,4.772779357153922e-05,5.520982449525036e-05,4.971009911969304e-05,0.0007999943918548524
1732,lung_epithelium,lung_epithelium,1,1.0,0.0,0.0,0.0,0.0,0.0,0.0,0.0,0.0,0.9995594620704651,0.00011113615619251505,8.807899575913325e-05,9.706113633001223e-05,2.9478273063432425e-05,1.6808709915494546e-05,3.749441748368554e-05,4.096463817404583e-05,1.95909906324232e-05
176,liver,liver,1,0.0,1.0,0.0,0.0,0.0,0.0,0.0,0.0,0.0,0.0532192587852478,0.9447474479675293,0.0008510920451954007,0.0009247895213775337,2.837511601683218e-05,3.850824577966705e-05,7.212843047454953e-05,7.612310582771897e-05,4.227420504321344e-05
1285,lung_epithelium,lung_epithelium,1,1.0,0.0,0.0,0.0,0.0,0.0,0.0,0.0,0.0,0.9997496008872986,9.207559924107045e-05,2.4688046323717572e-05,1.020914987748256e-05,3.7712616176577285e-05,1.0993107935064472e-05,1.8142227418138646e-05,1.3714859960600734e-05,4.2885418224614114e-05
781,muscle,muscle,1,0.0,0.0,1.0,0.0,0.0,0.0,0.0,0.0,0.0,0.00010230945190414786,0.00012164249346824363,0.9995977282524109,1.539287404739298e-05,5.554765812121332e-05,1.8718741557677276e-05,1.8279579308000393e-05,2.526937532820739e-05,4.5180044253356755e-05
136,lung_epithelium,liver,0,1.0,0.0,0.0,0.0,0.0,0.0,0.0,0.0,0.0,0.2515173554420471,0.7470877766609192,0.00045666313963010907,0.0005021843826398253,4.0889892261475325e-05,6.497678987216204e-05,0.00012447846529539675,0.00013968607527203858,6.593799480469897e-05
2026,lung_epithelium,lung_epithelium,1,1.0,0.0,0.0,0.0,0.0,0.0,0.0,0.0,0.0,0.9997684359550476,4.9238227802561596e-05,6.63514292682521e-05,1.7165051758638583e-05,2.6255029297317378e-05,1.0344434485887177e-05,1.900086681416724e-05,1.665249692450743e-05,2.6587655156617984e-05
2527,lung_epithelium,lung_epithelium,1,1.0,0.0,0.0,0.0,0.0,0.0,0.0,0.0,0.0,0.9992685914039612,6.1007092881482095e-05,0.0004247140313964337,2.5642077162046917e-05,2.7244903321843594e-05,2.1837304302607663e-05,3.119589018751867e-05,3.750892938114703e-05,0.000102195430372376
1652,lung_epithelium,lung_epithelium,1,1.0,0.0,0.0,0.0,0.0,0.0,0.0,0.0,0.0,0.999447762966156,5.441157554741949e-05,0.0003261137753725052,2.3966094886418432e-05,3.1204366678139195e-05,2.294090882060118e-05,3.1250649044523016e-05,3.056389687117189e-05,3.1817118724575266e-05
1616,lung_epithelium,lung_epithelium,1,1.0,0.0,0.0,0.0,0.0,0.0,0.0,0.0,0.0,0.9994146823883057,2.547446456446778e-05,0.0003665514523163438,2.4613771529402584e-05,4.083440580870956e-05,2.3820495698601007e-05,3.181415013386868e-05,3.8403490179916844e-05,3.373900835867971e-05
1084,muscle,muscle,1,0.0,0.0,1.0,0.0,0.0,0.0,0.0,0.0,0.0,0.00022532585717272013,0.00040974628063850105,0.9987911581993103,1.9375727788428776e-05,0.0002639859449118376,3.330950130475685e-05,3.212227238691412e-05,3.360143455211073e-05,0.0001914198655867949
44,liver,liver,1,0.0,1.0,0.0,0.0,0.0,0.0,0.0,0.0,0.0,0.003974528517574072,0.9068654775619507,8.50567885208875e-05,0.08702949434518814,0.0017197771230712533,6.927609501872212e-05,0.00011999655544059351,9.000896534416825e-05,4.64532058686018e-05
2258,lung_epithelium,lung_epithelium,1,1.0,0.0,0.0,0.0,0.0,0.0,0.0,0.0,0.0,0.9994140863418579,5.373349995352328e-05,0.00036491555511020124,2.0531251720967703e-05,2.9490573069779202e-05,2.439665149722714e-05,3.210885188309476e-05,3.298764568171464e-05,2.7795420464826748e-05
605,muscle,muscle,1,0.0,0.0,1.0,0.0,0.0,0.0,0.0,0.0,0.0,8.338486804859713e-05,0.0001314914261456579,0.9996246099472046,1.6390853488701396e-05,4.1012932342709973e-05,1.9076822354691103e-05,1.873723158496432e-05,2.5357083359267563e-05,3.9937895053299144e-05
1882,lung_epithelium,lung_epithelium,1,1.0,0.0,0.0,0.0,0.0,0.0,0.0,0.0,0.0,0.9995985627174377,9.491178207099438e-05,0.00010151965398108587,6.495275010820478e-05,2.2579346477868967e-05,1.5949903172440827e-05,3.699858643813059e-05,3.533174822223373e-05,2.9268932848935947e-05
1640,lung_epithelium,lung_epithelium,1,1.0,0.0,0.0,0.0,0.0,0.0,0.0,0.0,0.0,0.9997619986534119,9.259778016712517e-05,2.921679333667271e-05,1.1842605999845546e-05,3.372708670212887e-05,9.844464329944458e-06,1.744935434544459e-05,1.288856401515659e-05,3.0403061828110367e-05
1701,lung_epithelium,lung_epithelium,1,1.0,0.0,0.0,0.0,0.0,0.0,0.0,0.0,0.0,0.9996724128723145,7.723608723608777e-05,0.00013699090050067753,2.3804130250937305e-05,1.5585945220664144e-05,1.0204293175775092e-05,2.0044362827320583e-05,1.74492051883135e-05,2.6186569812125526e-05
1666,lung_epithelium,lung_epithelium,1,1.0,0.0,0.0,0.0,0.0,0.0,0.0,0.0,0.0,0.9995922446250916,6.557692540809512e-05,0.00017090268374886364,2.0409566786838695e-05,2.9576136512332596e-05,2.154043977498077e-05,2.9191613066359423e-05,2.647551809786819e-05,4.410640394780785e-05
2107,lung_epithelium,lung_epithelium,1,1.0,0.0,0.0,0.0,0.0,0.0,0.0,0.0,0.0,0.9994459748268127,7.742528396192938e-05,0.00025406150962226093,6.0778816987294704e-05,5.514986696653068e-05,1.273437010240741e-05,2.6289797460776754e-05,3.238045610487461e-05,3.511250179144554e-05
142,lung_epithelium,lung_epithelium,1,1.0,0.0,0.0,0.0,0.0,0.0,0.0,0.0,0.0,0.9884364604949951,0.0004641216073650867,0.010673977434635162,5.747513205278665e-05,6.331635086098686e-05,5.780197534477338e-05,7.90879494161345e-05,0.00012428891204763204,4.3458880099933594e-05
159,liver,liver,1,0.0,1.0,0.0,0.0,0.0,0.0,0.0,0.0,0.0,0.11369133740663528,0.8690149188041687,0.015833590179681778,0.0010415392462164164,0.00011195784463780001,5.285408769850619e-05,0.00010121168452315032,0.00010207021841779351,5.06059113831725e-05
2628,lung_epithelium,lung_epithelium,1,1.0,0.0,0.0,0.0,0.0,0.0,0.0,0.0,0.0,0.999442994594574,5.9547051932895556e-05,0.00028161279624328017,4.136884672334418e-05,2.419237898720894e-05,1.891294596134685e-05,2.5531466235406697e-05,2.9254080800455995e-05,7.665553130209446e-05
1451,lung_epithelium,lung_epithelium,1,1.0,0.0,0.0,0.0,0.0,0.0,0.0,0.0,0.0,0.9997047781944275,4.8767178668640554e-05,0.00011857585923280567,2.1067018678877503e-05,1.7759422917151824e-05,1.2326710930210538e-05,2.0849578504567035e-05,2.106201645801775e-05,3.480051600490697e-05
2619,lung_epithelium,lung_epithelium,1,1.0,0.0,0.0,0.0,0.0,0.0,0.0,0.0,0.0,0.9993427395820618,0.00012609631812665612,0.00032403875957243145,3.0197124942787923e-05,2.6770065232994966e-05,2.2940623239264823e-05,2.883244087570347e-05,2.8433769330149516e-05,6.997559103183448e-05
1280,lung_epithelium,lung_epithelium,1,1.0,0.0,0.0,0.0,0.0,0.0,0.0,0.0,0.0,0.9995620846748352,0.00016277201939374208,2.151519584003836e-05,0.00010223753633908927,2.6325420549255796e-05,1.619665817997884e-05,2.4253364244941622e-05,2.7106092602480203e-05,5.760439671576023e-05
1201,lung_epithelium,lung_epithelium,1,1.0,0.0,0.0,0.0,0.0,0.0,0.0,0.0,0.0,0.9997504353523254,5.249567038845271e-05,5.796549521619454e-05,1.613775202713441e-05,1.8662722141016275e-05,1.1748136785172392e-05,1.951979356817901e-05,1.8715551050263457e-05,5.4370986617868766e-05
363,liver,liver,1,0.0,1.0,0.0,0.0,0.0,0.0,0.0,0.0,0.0,0.31080296635627747,0.6875847578048706,0.0007348658982664347,0.00047781580360606313,8.717719174455851e-05,4.983229155186564e-05,9.049247455550358e-05,0.0001063343370333314,6.578484317287803e-05
1565,lung_epithelium,lung_epithelium,1,1.0,0.0,0.0,0.0,0.0,0.0,0.0,0.0,0.0,0.9995229244232178,2.9869921490899287e-05,0.0002494646469131112,2.0873616449534893e-05,2.9082115361234173e-05,2.3363523723674007e-05,3.072808249271475e-05,3.245742846047506e-05,6.119581667007878e-05
2547,lung_epithelium,lung_epithelium,1,1.0,0.0,0.0,0.0,0.0,0.0,0.0,0.0,0.0,0.9997119307518005,3.573165668058209e-05,5.3989177104085684e-05,1.3640516954183113e-05,3.8425139791797847e-05,1.4439306141866837e-05,2.383255741733592e-05,2.7514844987308607e-05,8.054865611484274e-05
233,liver,liver,1,0.0,1.0,0.0,0.0,0.0,0.0,0.0,0.0,0.0,0.02801513858139515,0.970356285572052,0.0004033353179693222,0.0009199663763865829,2.530311576265376e-05,3.940937313018367e-05,6.28820780548267e-05,8.4929313743487e-05,9.267586574424058e-05
359,liver,liver,1,0.0,1.0,0.0,0.0,0.0,0.0,0.0,0.0,0.0,0.0400603823363781,0.9576205015182495,0.0008517211535945535,0.0012027969351038337,3.215200558770448e-05,4.002995774499141e-05,6.88309664838016e-05,7.70885671954602e-05,4.637524762074463e-05
1832,lung_epithelium,lung_epithelium,1,1.0,0.0,0.0,0.0,0.0,0.0,0.0,0.0,0.0,0.9995390176773071,3.813551302300766e-05,0.00017199658032041043,1.6864467397681437e-05,3.070280217798427e-05,2.646645953063853e-05,3.190833012922667e-05,3.135966835543513e-05,0.00011354118032613769
2281,lung_epithelium,lung_epithelium,1,1.0,0.0,0.0,0.0,0.0,0.0,0.0,0.0,0.0,0.5225604772567749,0.4120267927646637,8.047807932598516e-05,0.05589643865823746,0.0003792070783674717,0.00040043541230261326,0.00044737200369127095,0.00044847792014479637,0.007760278414934874
2804,lung_epithelium,lung_epithelium,1,1.0,0.0,0.0,0.0,0.0,0.0,0.0,0.0,0.0,0.9989257454872131,0.0005273291608318686,3.203897358616814e-05,0.00037872642860747874,5.386168777476996e-05,1.09543398139067e-05,1.7510796169517562e-05,1.892566797323525e-05,3.485946581349708e-05
1915,lung_epithelium,lung_epithelium,1,1.0,0.0,0.0,0.0,0.0,0.0,0.0,0.0,0.0,0.9994378685951233,0.00017667768406681716,7.524937973357737e-05,2.2971156795392744e-05,1.3647068044519983e-05,1.4201888006937224e-05,2.264802242279984e-05,2.2077247194829397e-05,0.0002145428443327546
889,liver,liver,1,0.0,0.5,0.0,0.5,0.0,0.0,0.0,0.0,0.0,0.01120003405958414,0.5269673466682434,0.00032795072183944285,0.4603863060474396,0.00047041825018823147,0.0001458803453715518,0.00018782996630761772,0.00018579665629658848,0.00012842760770581663
1700,lung_epithelium,lung_epithelium,1,1.0,0.0,0.0,0.0,0.0,0.0,0.0,0.0,0.0,0.9994813799858093,5.644683915306814e-05,0.00029653243836946785,2.1981793906888925e-05,2.5963674488593824e-05,2.1288566131261177e-05,2.9360269763856195e-05,2.7233218133915216e-05,3.99189957533963e-05
1813,lung_epithelium,lung_epithelium,1,1.0,0.0,0.0,0.0,0.0,0.0,0.0,0.0,0.0,0.9994962215423584,3.0694347515236586e-05,0.0002831075107678771,1.3616064279631246e-05,4.976831769454293e-05,2.4317447241628543e-05,2.775490065687336e-05,3.4558168408693746e-05,3.99425916839391e-05
2285,lung_epithelium,lung_epithelium,1,1.0,0.0,0.0,0.0,0.0,0.0,0.0,0.0,0.0,0.9994682669639587,0.00022182460816111416,2.4515127734048292e-05,0.00015311803144868463,2.1735651898779906e-05,1.5404390069306828e-05,2.6479456209926866e-05,2.6831450668396428e-05,4.1976112697739154e-05
827,liver,liver,1,0.0,1.0,0.0,0.0,0.0,0.0,0.0,0.0,0.0,0.023242374882102013,0.9675668478012085,0.0014739912003278732,5.5698495998512954e-05,0.0064828284084796906,0.0001931119040818885,0.0002175452100345865,0.00017996611131820828,0.0005877303774468601
495,liver,liver,1,0.0,1.0,0.0,0.0,0.0,0.0,0.0,0.0,0.0,0.09492599219083786,0.9023762941360474,0.0010686875320971012,0.0013218509266152978,7.889850530773401e-05,3.801093407673761e-05,7.249945338116959e-05,8.03876100690104e-05,3.74595147150103e-05
1049,muscle,muscle,1,0.0,0.0,1.0,0.0,0.0,0.0,0.0,0.0,0.0,0.005806453060358763,0.0004611763870343566,0.9933178424835205,4.426524174050428e-05,0.0002335344470338896,2.5504989025648683e-05,3.3416057704016566e-05,3.5398486943449825e-05,4.245137097314e-05
3229,bone_marrow,bone_marrow,1,0.0,0.0,0.0,0.0,1.0,0.0,0.0,0.0,0.0,0.0009426841279491782,0.00037207957939244807,0.00017708828090690076,7.721561996731907e-05,0.9611427783966064,0.00019596652418840677,0.00014672709221486002,0.0001897247275337577,0.036755774170160294
2829,lung_epithelium,lung_epithelium,1,1.0,0.0,0.0,0.0,0.0,0.0,0.0,0.0,0.0,0.9993093013763428,8.13872684375383e-05,0.00044826994417235255,2.354341631871648e-05,3.172103606630117e-05,2.3595339371240698e-05,3.2778538297861814e-05,3.29481263179332e-05,1.656007589190267e-05
290,liver,liver,1,0.0,1.0,0.0,0.0,0.0,0.0,0.0,0.0,0.0,0.05286041647195816,0.9458199739456177,0.000551186443772167,0.0005381036316975951,4.0982307837111875e-05,3.183039007126354e-05,5.722682544728741e-05,6.612093420699239e-05,3.41563209076412e-05
1144,lung_epithelium,lung_epithelium,1,1.0,0.0,0.0,0.0,0.0,0.0,0.0,0.0,0.0,0.9973093271255493,0.0010398683371022344,0.0014599955175071955,6.492258398793638e-05,2.0676050553447567e-05,2.1582234694506042e-05,2.989782478834968e-05,3.4135991882067174e-05,1.95717530004913e-05
949,liver,liver,1,0.0,0.5,0.0,0.5,0.0,0.0,0.0,0.0,0.0,0.00015876481484156102,0.5879909992218018,0.004792150110006332,0.39633452892303467,0.00895752664655447,0.0001944863615790382,0.00022310925123747438,0.00016736265388317406,0.0011811121366918087
2657,lung_epithelium,lung_epithelium,1,1.0,0.0,0.0,0.0,0.0,0.0,0.0,0.0,0.0,0.9993952512741089,7.560150697827339e-05,0.00033559754956513643,2.5547271434334107e-05,2.091703936457634e-05,2.0802472135983407e-05,2.8693399144685827e-05,2.9281711249495856e-05,6.832078361185268e-05
739,muscle,muscle,1,0.0,0.0,1.0,0.0,0.0,0.0,0.0,0.0,0.0,4.310868098400533e-05,0.00011482115951366723,0.9996721744537354,1.9016060832655057e-05,4.989223089069128e-05,2.094145747832954e-05,1.836372939578723e-05,2.412950743746478e-05,3.7655714550055563e-05
557,muscle,muscle,1,0.0,0.0,1.0,0.0,0.0,0.0,0.0,0.0,0.0,5.7965353335021064e-05,0.00014964731235522777,0.9996201992034912,1.9273555153631605e-05,4.67096506326925e-05,2.043099630100187e-05,1.839265678427182e-05,2.3290313038160093e-05,4.419804463395849e-05
1926,lung_epithelium,lung_epithelium,1,1.0,0.0,0.0,0.0,0.0,0.0,0.0,0.0,0.0,0.9992490410804749,0.0001148248920799233,0.0003803720173891634,2.490610131644644e-05,2.6614854505169205e-05,2.6158559194300324e-05,3.1282535928767174e-05,3.6934081435902044e-05,0.00010982591629726812
3118,muscle,muscle,1,0.0,0.0,1.0,0.0,0.0,0.0,0.0,0.0,0.0,0.00030018851975910366,0.0004922375665046275,0.9989166259765625,7.555967749794945e-05,0.00010419361933600157,1.5734020053059794e-05,1.7754729924490675e-05,2.097660217259545e-05,5.687422162736766e-05
1724,lung_epithelium,lung_epithelium,1,1.0,0.0,0.0,0.0,0.0,0.0,0.0,0.0,0.0,0.9994122982025146,5.128964767209254e-05,0.0003656450717244297,2.5839563022600487e-05,2.7211139240534976e-05,2.3142716599977575e-05,3.118517270195298e-05,3.211988223483786e-05,3.1372623197967187e-05
440,liver,liver,1,0.0,1.0,0.0,0.0,0.0,0.0,0.0,0.0,0.0,0.021949049085378647,0.9775576591491699,5.071202031103894e-05,0.00012064191832905635,7.732099038548768e-05,5.240403697825968e-05,7.669974002055824e-05,7.70695842220448e-05,3.839995406451635e-05
2793,lung_epithelium,lung_epithelium,1,1.0,0.0,0.0,0.0,0.0,0.0,0.0,0.0,0.0,0.9655154943466187,0.020181382074952126,7.268663466675207e-05,0.013576855883002281,0.0002752979926299304,3.69538101949729e-05,5.186353882891126e-05,5.6429835240123793e-05,0.00023305440845433623
2168,lung_epithelium,lung_epithelium,1,1.0,0.0,0.0,0.0,0.0,0.0,0.0,0.0,0.0,0.9992258548736572,3.886421836796217e-05,0.0005208044312894344,1.615548535482958e-05,7.0633614086546e-05,2.3566137315356173e-05,3.3994576369877905e-05,3.90950299333781e-05,3.102976188529283e-05
2834,lung_epithelium,lung_epithelium,1,1.0,0.0,0.0,0.0,0.0,0.0,0.0,0.0,0.0,0.9992965459823608,0.00010521208605496213,0.0003928517980966717,2.889152165153064e-05,2.1776233552373014e-05,2.5767645638552494e-05,3.308322266093455e-05,3.505937274894677e-05,6.079326703911647e-05
946,liver,liver,1,0.0,0.5,0.0,0.5,0.0,0.0,0.0,0.0,0.0,0.0005493012722581625,0.5910576581954956,0.003079216694459319,0.40256577730178833,0.002079586498439312,0.00012946849165018648,0.00017947956803254783,0.00014481846301350743,0.00021469219063874334
3294,ear,bone_marrow,0,0.0,0.0,0.0,0.0,0.0,0.0,0.0,0.0,1.0,0.002291952259838581,0.03271113708615303,0.00034224012051708996,0.011710245162248611,0.8706619739532471,0.00013029028195887804,0.00010765438491944224,0.00012838914699386805,0.08191607892513275
2741,lung_epithelium,lung_epithelium,1,1.0,0.0,0.0,0.0,0.0,0.0,0.0,0.0,0.0,0.9991717338562012,0.00015474703104700893,0.0004704513994511217,3.097837543464266e-05,3.043853575945832e-05,2.1436741008074023e-05,2.5814255423028953e-05,2.7882946596946567e-05,6.65619081701152e-05
2554,lung_epithelium,lung_epithelium,1,1.0,0.0,0.0,0.0,0.0,0.0,0.0,0.0,0.0,0.9992941617965698,6.473474786616862e-05,0.00028227557777427137,2.56054918281734e-05,2.289249823661521e-05,2.4966109776869416e-05,3.264113183831796e-05,3.8194411899894476e-05,0.0002144428581232205
571,muscle,muscle,1,0.0,0.0,1.0,0.0,0.0,0.0,0.0,0.0,0.0,0.00011234609701205045,0.00018685862596612424,0.9995396137237549,2.0298259187256917e-05,4.2246181692462415e-05,1.896410140034277e-05,1.9023606000700966e-05,2.522731119825039e-05,3.5440891224425286e-05
347,liver,liver,1,0.0,1.0,0.0,0.0,0.0,0.0,0.0,0.0,0.0,0.3206268846988678,0.6758610010147095,0.0021747259888798,0.0007264873129315674,0.0002635158016346395,5.294188667903654e-05,8.652319229440764e-05,0.00010328111238777637,0.00010459218174219131
3154,bone_marrow,bone_marrow,1,0.0,0.0,0.0,0.0,1.0,0.0,0.0,0.0,0.0,0.00020426766423042864,0.009180612862110138,7.838460442144424e-05,0.0015503709437325597,0.9869340658187866,6.273729377426207e-05,6.39506324660033e-05,5.32025660504587e-05,0.0018724420806393027
3023,liver,liver,1,0.0,1.0,0.0,0.0,0.0,0.0,0.0,0.0,0.0,0.006584653165191412,0.9906668066978455,0.0014223948819562793,0.0008308708784170449,1.7307193047599867e-05,5.186380440136418e-05,5.8822482969844714e-05,6.190099520608783e-05,0.00030537971179001033
2392,lung_epithelium,lung_epithelium,1,1.0,0.0,0.0,0.0,0.0,0.0,0.0,0.0,0.0,0.9991768002510071,0.00010445868247188628,0.0005312575376592577,2.980191129609011e-05,2.9897246349719353e-05,2.2367055862559937e-05,2.75386955763679e-05,3.168445255141705e-05,4.6255754568846896e-05
1199,lung_epithelium,lung_epithelium,1,1.0,0.0,0.0,0.0,0.0,0.0,0.0,0.0,0.0,0.9995087385177612,2.7117703211843036e-05,0.00026245845947414637,2.1856138118891977e-05,3.121719055343419e-05,2.4453913283650763e-05,3.1815630791243166e-05,3.712840407388285e-05,5.511962444870733e-05
2932,liver,liver,1,0.0,0.20000000298023224,0.0,0.20000000298023224,0.0,0.20000000298023224,0.20000000298023224,0.20000000298023224,0.0,0.0017818406922742724,0.7016810178756714,0.00911320187151432,0.042856547981500626,0.00013303938612807542,0.08358247578144073,0.08350834250450134,0.07450943440198898,0.0028341133147478104
322,liver,liver,1,0.0,1.0,0.0,0.0,0.0,0.0,0.0,0.0,0.0,0.012256663292646408,0.9871411323547363,0.00012297993816900998,0.00030264590168371797,3.9333972381427884e-05,2.5773371817194857e-05,3.529548121150583e-05,4.57362002634909e-05,3.0352732210303657e-05
2414,lung_epithelium,lung_epithelium,1,1.0,0.0,0.0,0.0,0.0,0.0,0.0,0.0,0.0,0.9990345239639282,0.00043584019294939935,0.00037900469033047557,4.3156636820640415e-05,1.6275429516099393e-05,1.504777537775226e-05,2.5245335564250126e-05,2.9077828003210016e-05,2.1771185856778175e-05
1108,lung_epithelium,lung_epithelium,1,1.0,0.0,0.0,0.0,0.0,0.0,0.0,0.0,0.0,0.9967191815376282,0.00018632248975336552,0.002796407788991928,8.760845230426639e-05,5.000193777959794e-05,3.432105222600512e-05,5.035264621255919e-05,5.5690186854917556e-05,2.0114002836635336e-05
1605,lung_epithelium,lung_epithelium,1,1.0,0.0,0.0,0.0,0.0,0.0,0.0,0.0,0.0,0.999259889125824,3.9263719372684136e-05,0.0005034318310208619,3.5480508813634515e-05,3.5056214983342215e-05,2.4410643163719214e-05,3.523903069435619e-05,4.025832095067017e-05,2.7059313651989214e-05
2411,lung_epithelium,lung_epithelium,1,1.0,0.0,0.0,0.0,0.0,0.0,0.0,0.0,0.0,0.9980925917625427,0.0013790441444143653,0.00025567106786184013,3.5589848266681656e-05,1.4890459169691894e-05,2.0997731553507037e-05,3.103429116890766e-05,3.034676774404943e-05,0.00013984055840410292
3204,bone_marrow,bone_marrow,1,0.0,0.0,0.0,0.0,1.0,0.0,0.0,0.0,0.0,0.00014738907339051366,0.18437708914279938,0.0004849172255489975,0.07668690383434296,0.734857976436615,0.0002558017149567604,0.0003001142176799476,0.00020108174066990614,0.002688812557607889
560,muscle,muscle,1,0.0,0.0,1.0,0.0,0.0,0.0,0.0,0.0,0.0,0.0002380909863859415,0.0002204549527959898,0.9993523955345154,2.270070581289474e-05,6.236710760276765e-05,1.7194846805068664e-05,1.848851934482809e-05,2.6553789211902767e-05,4.181431359029375e-05
299,liver,liver,1,0.0,1.0,0.0,0.0,0.0,0.0,0.0,0.0,0.0,0.1940053254365921,0.8046187162399292,0.0003826139436569065,0.0005707693053409457,4.0181294025387615e-05,6.553198181791231e-05,0.0001243452716153115,0.0001302257733186707,6.234318425413221e-05
3069,muscle,muscle,1,0.0,0.0,1.0,0.0,0.0,0.0,0.0,0.0,0.0,0.03730873391032219,0.005502878222614527,0.9562118053436279,0.0004832367121707648,0.00012244650861248374,3.396311876713298e-05,4.784052725881338e-05,5.9938036429230124e-05,0.00022920109040569514
2658,lung_epithelium,lung_epithelium,1,1.0,0.0,0.0,0.0,0.0,0.0,0.0,0.0,0.0,0.9995326995849609,0.0001576124777784571,0.00012962648179382086,3.056801142520271e-05,1.2019632777082734e-05,1.0940004358417355e-05,1.964897455764003e-05,1.9162403987138532e-05,8.774597517913207e-05
3052,muscle,muscle,1,0.0,0.0,1.0,0.0,0.0,0.0,0.0,0.0,0.0,0.0019455914152786136,0.001034350716508925,0.9965946078300476,0.00016596409841440618,9.935833077179268e-05,1.6538542695343494e-05,2.0125358787481673e-05,2.4898616175050847e-05,9.867260087048635e-05
1336,lung_epithelium,lung_epithelium,1,1.0,0.0,0.0,0.0,0.0,0.0,0.0,0.0,0.0,0.9996324777603149,8.035965583985671e-05,0.00011388040002202615,2.393281101831235e-05,1.3132371350366157e-05,1.3195884093875065e-05,2.2369189537130296e-05,2.3305974536924623e-05,7.729247590759769e-05
2259,lung_epithelium,lung_epithelium,1,1.0,0.0,0.0,0.0,0.0,0.0,0.0,0.0,0.0,0.9994773268699646,0.00022205986897461116,0.00016007678641472012,2.7701646104105748e-05,2.8406831916072406e-05,1.765215529303532e-05,2.6921787139144726e-05,2.366107582929544e-05,1.6335336113115773e-05
1908,lung_epithelium,lung_epithelium,1,1.0,0.0,0.0,0.0,0.0,0.0,0.0,0.0,0.0,0.9992127418518066,4.6067983930697665e-05,0.0005391687154769897,3.8235029933275655e-05,2.811002741509583e-05,2.3054179109749384e-05,3.400285277166404e-05,4.0105027437675744e-05,3.8525762647623196e-05
994,muscle,muscle,1,0.0,0.0,1.0,0.0,0.0,0.0,0.0,0.0,0.0,0.0003360595437698066,0.0008410346345044672,0.9986405968666077,4.497234840528108e-05,4.2941406718455255e-05,1.7742613636073656e-05,2.3767635866533965e-05,2.3893153411336243e-05,2.8956275855307467e-05
2892,liver,liver,1,0.0,0.20000000298023224,0.0,0.20000000298023224,0.0,0.20000000298023224,0.20000000298023224,0.20000000298023224,0.0,0.07450512796640396,0.4561765491962433,0.01459652092307806,0.11229240149259567,0.00022493788856081665,0.10137200355529785,0.10870569199323654,0.13165993988513947,0.00046684013796038926
2514,lung_epithelium,lung_epithelium,1,1.0,0.0,0.0,0.0,0.0,0.0,0.0,0.0,0.0,0.999119222164154,5.7475735957268625e-05,0.0006004017777740955,3.236066913814284e-05,3.602066863095388e-05,2.240357207483612e-05,3.1962223147274926e-05,4.125428677070886e-05,5.899223106098361e-05
720,muscle,muscle,1,0.0,0.0,1.0,0.0,0.0,0.0,0.0,0.0,0.0,4.9793041398515925e-05,9.272998431697488e-05,0.9996809959411621,1.3510796634363942e-05,5.00049973197747e-05,2.037907142948825e-05,1.7679018128546886e-05,2.4589637177996337e-05,5.040012547397055e-05
3011,liver,liver,1,0.0,1.0,0.0,0.0,0.0,0.0,0.0,0.0,0.0,0.002821870381012559,0.9932178854942322,0.00024533100076951087,0.0005913277273066342,1.3879528523830231e-05,0.00012333558697719127,0.0001221830170834437,0.00013565970584750175,0.002728529740124941
637,muscle,muscle,1,0.0,0.0,1.0,0.0,0.0,0.0,0.0,0.0,0.0,0.00013326482439879328,0.00016048841644078493,0.9995230436325073,2.0410878278198652e-05,5.2330840844661e-05,2.0092405975447036e-05,2.077247881970834e-05,2.6402460207464173e-05,4.328117938712239e-05
20,liver,liver,1,0.0,1.0,0.0,0.0,0.0,0.0,0.0,0.0,0.0,0.018070463091135025,0.7480472922325134,0.00011643546895356849,0.2321988046169281,0.0007432603742927313,9.784738358575851e-05,0.00011474537313915789,0.00013064713857602328,0.000480582908494398
365,liver,liver,1,0.0,1.0,0.0,0.0,0.0,0.0,0.0,0.0,0.0,0.19562657177448273,0.802672266960144,0.0011601835722103715,0.00016816235438454896,7.340461161220446e-05,5.2724026318173856e-05,9.187020623357967e-05,0.00010804833436850458,4.676545722759329e-05
564,muscle,muscle,1,0.0,0.0,1.0,0.0,0.0,0.0,0.0,0.0,0.0,0.00018289162835571915,0.00024150859098881483,0.9993909597396851,2.018500708800275e-05,4.661697676056065e-05,1.9389843146200292e-05,2.0569010303006507e-05,2.8350550564937294e-05,4.9484620831208304e-05
1355,lung_epithelium,lung_epithelium,1,1.0,0.0,0.0,0.0,0.0,0.0,0.0,0.0,0.0,0.9997305274009705,8.414255717070773e-05,5.762734872405417e-05,9.710269296192564e-06,1.8887631085817702e-05,1.472157509851968e-05,2.4787743313936517e-05,2.200796006945893e-05,3.750154792214744e-05
1452,lung_epithelium,lung_epithelium,1,1.0,0.0,0.0,0.0,0.0,0.0,0.0,0.0,0.0,0.9997026324272156,7.537994679296389e-05,4.127499050810002e-05,1.6713478544261307e-05,1.9020029867533594e-05,1.3870728253095876e-05,2.4575001589255407e-05,2.033879718510434e-05,8.60294749145396e-05
961,liver,liver,1,0.0,0.5,0.0,0.5,0.0,0.0,0.0,0.0,0.0,0.000247826159466058,0.6110644936561584,0.00137101742438972,0.3837651312351227,0.0026613071095198393,0.00013537872291635722,0.00016025308286771178,0.00012385005538817495,0.0004707785265054554
1971,lung_epithelium,lung_epithelium,1,1.0,0.0,0.0,0.0,0.0,0.0,0.0,0.0,0.0,0.9997209906578064,8.601514127803966e-05,2.42000533035025e-05,1.8787281078402884e-05,1.9771749066421762e-05,1.326912570220884e-05,2.3322334527620114e-05,1.7692293113213964e-05,7.596935756737366e-05
2674,lung_epithelium,lung_epithelium,1,1.0,0.0,0.0,0.0,0.0,0.0,0.0,0.0,0.0,0.9994415640830994,5.4090724006528035e-05,0.00017252123507205397,2.4368999220314436e-05,3.100770481978543e-05,2.2700523913954385e-05,2.5617327992222272e-05,2.937066528829746e-05,0.00019870430696755648
1900,lung_epithelium,lung_epithelium,1,1.0,0.0,0.0,0.0,0.0,0.0,0.0,0.0,0.0,0.9996522665023804,0.000122595505672507,2.8282205676077865e-05,8.594051178079098e-05,2.4821047190926038e-05,1.336335208179662e-05,2.265526018163655e-05,2.297674109286163e-05,2.719341682677623e-05
2127,lung_epithelium,lung_epithelium,1,1.0,0.0,0.0,0.0,0.0,0.0,0.0,0.0,0.0,0.9991263747215271,8.148885535774752e-05,0.0006013002130202949,3.532304253894836e-05,2.650331225595437e-05,2.5386678316863254e-05,3.4685912396525964e-05,3.7853867979720235e-05,3.0989322112873197e-05
2860,lung_epithelium,lung_epithelium,1,1.0,0.0,0.0,0.0,0.0,0.0,0.0,0.0,0.0,0.9993640780448914,6.397649849532172e-05,0.00039420468965545297,2.579141619207803e-05,2.9279764930834062e-05,2.421204771962948e-05,3.2642728911014274e-05,3.1885592761682346e-05,3.3978565625147894e-05
328,liver,liver,1,0.0,1.0,0.0,0.0,0.0,0.0,0.0,0.0,0.0,0.06797420233488083,0.9305382966995239,0.0004652526986319572,0.0007464882801286876,4.334595723776147e-05,3.7081274058436975e-05,6.243430834729224e-05,8.125421300064772e-05,5.1742532377829775e-05
1391,lung_epithelium,lung_epithelium,1,1.0,0.0,0.0,0.0,0.0,0.0,0.0,0.0,0.0,0.9993969202041626,6.456597475335002e-05,0.0003581722849048674,2.497786954336334e-05,2.7982825486105867e-05,2.400483936071396e-05,3.123773421975784e-05,3.206805922673084e-05,4.002960486104712e-05
1627,lung_epithelium,lung_epithelium,1,1.0,0.0,0.0,0.0,0.0,0.0,0.0,0.0,0.0,0.9997785687446594,5.8348050515633076e-05,3.843861850327812e-05,1.59613282448845e-05,2.4225324523285963e-05,9.821305866353214e-06,1.908767626446206e-05,1.4772871509194374e-05,4.070406430400908e-05
2937,liver,muscle,0,0.0,0.20000000298023224,0.0,0.20000000298023224,0.0,0.20000000298023224,0.20000000298023224,0.20000000298023224,0.0,0.0019913064315915108,0.2530125379562378,0.346442848443985,0.06244302913546562,0.000195407381397672,0.11034045368432999,0.11563212424516678,0.10830548405647278,0.0016367725329473615
3110,muscle,muscle,1,0.0,0.0,1.0,0.0,0.0,0.0,0.0,0.0,0.0,0.001068390323780477,0.0014659404987469316,0.9971218705177307,0.0001317064743489027,4.67824938823469e-05,1.8887061742134392e-05,2.15800082514761e-05,2.5344617824885063e-05,9.944418707164004e-05
1493,lung_epithelium,lung_epithelium,1,1.0,0.0,0.0,0.0,0.0,0.0,0.0,0.0,0.0,0.9994188547134399,3.723683039424941e-05,0.0003461662563495338,3.291194298071787e-05,2.787763878586702e-05,2.2965417883824557e-05,3.174297307850793e-05,3.7173176679061726e-05,4.498774069361389e-05
2116,lung_epithelium,lung_epithelium,1,1.0,0.0,0.0,0.0,0.0,0.0,0.0,0.0,0.0,0.9994106292724609,4.3763397115981206e-05,0.0003425177128519863,3.6730933061335236e-05,2.373509414610453e-05,2.2631018509855494e-05,3.2024181564338505e-05,3.73917500837706e-05,5.06129908899311e-05
3283,ear,bone_marrow,0,0.0,0.0,0.0,0.0,0.0,0.0,0.0,0.0,1.0,0.002629938768222928,0.002536121988669038,8.64453031681478e-05,0.0004889792180620134,0.7093268632888794,0.00026465128757990897,0.000179383103386499,0.00024174273130483925,0.28424587845802307
1178,lung_epithelium,lung_epithelium,1,1.0,0.0,0.0,0.0,0.0,0.0,0.0,0.0,0.0,0.9996782541275024,5.825951666338369e-05,3.623709926614538e-05,1.8782498955260962e-05,1.9631022951216437e-05,1.590323881828226e-05,2.6586269086692482e-05,2.3926970243337564e-05,0.00012236183101776987
1886,lung_epithelium,lung_epithelium,1,1.0,0.0,0.0,0.0,0.0,0.0,0.0,0.0,0.0,0.9996943473815918,6.340284016914666e-05,0.00011845120025100186,2.3276072170119733e-05,1.5307068679248914e-05,1.1254960554651916e-05,2.129960193997249e-05,1.9873661585734226e-05,3.2729214581195265e-05
2210,lung_epithelium,lung_epithelium,1,1.0,0.0,0.0,0.0,0.0,0.0,0.0,0.0,0.0,0.9997027516365051,8.7004154920578e-05,2.6184368834947236e-05,6.992000271566212e-05,3.3215528674190864e-05,1.3347826097742654e-05,2.028258859354537e-05,2.2260926925810054e-05,2.494437103450764e-05
1668,lung_epithelium,lung_epithelium,1,1.0,0.0,0.0,0.0,0.0,0.0,0.0,0.0,0.0,0.9995543360710144,3.519540041452274e-05,0.00016931822756305337,1.831263398344163e-05,3.1172981834970415e-05,2.3742695702821948e-05,2.9592536520794965e-05,2.94803121505538e-05,0.0001088172648451291
1654,lung_epithelium,lung_epithelium,1,1.0,0.0,0.0,0.0,0.0,0.0,0.0,0.0,0.0,0.9997491240501404,5.5024360335664824e-05,4.887363684247248e-05,1.9312346921651624e-05,1.8647257093107328e-05,1.1787422408815473e-05,2.1565465431194752e-05,1.8827808162313886e-05,5.688933379133232e-05
2574,lung_epithelium,lung_epithelium,1,1.0,0.0,0.0,0.0,0.0,0.0,0.0,0.0,0.0,0.9994791150093079,7.788569200783968e-05,0.00031637249048799276,1.9682091078720987e-05,3.8340680475812405e-05,1.4143715816317126e-05,2.1508483769139275e-05,2.3487578800995834e-05,9.451048754272051e-06
2571,lung_epithelium,lung_epithelium,1,1.0,0.0,0.0,0.0,0.0,0.0,0.0,0.0,0.0,0.9991113543510437,4.8065285227494314e-05,0.0006261912640184164,3.167183604091406e-05,5.3893330914434046e-05,2.812398633977864e-05,3.8251680962275714e-05,4.472799992072396e-05,1.7764052245183848e-05
2972,liver,liver,1,0.0,1.0,0.0,0.0,0.0,0.0,0.0,0.0,0.0,0.0013173517072573304,0.9944154024124146,0.0023211243096739054,0.00029609943157993257,2.6690227969083935e-05,6.275060877669603e-05,6.33764429949224e-05,5.455559949041344e-05,0.0014427074929699302
598,muscle,muscle,1,0.0,0.0,1.0,0.0,0.0,0.0,0.0,0.0,0.0,0.00010224452125839889,0.00011345631355652586,0.9996190071105957,1.592279841133859e-05,5.153297388460487e-05,2.0548057364067063e-05,1.9025170331588015e-05,2.5810228180489503e-05,3.230348738725297e-05
3150,bone_marrow,bone_marrow,1,0.0,0.0,0.0,0.0,1.0,0.0,0.0,0.0,0.0,0.0012831403873860836,0.07007674127817154,8.394071483053267e-05,0.014173679053783417,0.9133577346801758,9.110287646763027e-05,0.00011208016076125205,8.513047214364633e-05,0.0007364997873082757
1378,lung_epithelium,lung_epithelium,1,1.0,0.0,0.0,0.0,0.0,0.0,0.0,0.0,0.0,0.9997162222862244,6.551904516527429e-05,8.004573464859277e-05,1.986017196031753e-05,1.668180811975617e-05,1.1425955563026946e-05,1.8277614799444564e-05,1.8839382391888648e-05,5.315176895237528e-05
343,liver,liver,1,0.0,1.0,0.0,0.0,0.0,0.0,0.0,0.0,0.0,0.031978677958250046,0.9674142003059387,0.00021392354392446578,0.00020898693765047938,4.353006443125196e-05,2.655613025126513e-05,4.258333137840964e-05,5.0723374442895874e-05,2.0904606572003104e-05
2276,lung_epithelium,lung_epithelium,1,1.0,0.0,0.0,0.0,0.0,0.0,0.0,0.0,0.0,0.9994103908538818,0.0003920104936696589,3.313561683171429e-05,4.943671592627652e-05,4.868637915933505e-05,1.3660155673278496e-05,2.266656701976899e-05,2.074499752779957e-05,9.240217877959367e-06
479,liver,liver,1,0.0,1.0,0.0,0.0,0.0,0.0,0.0,0.0,0.0,0.12966756522655487,0.8693837523460388,0.00019015578436665237,0.00034588255221024156,4.8036563384812325e-05,6.462608143920079e-05,0.000126245227875188,0.00012666718976106495,4.703585000243038e-05
2280,lung_epithelium,lung_epithelium,1,1.0,0.0,0.0,0.0,0.0,0.0,0.0,0.0,0.0,0.5887038707733154,0.36427149176597595,7.812852709321305e-05,0.034831512719392776,0.00034927428350783885,0.00041926224366761744,0.0004510932194534689,0.00045452304766513407,0.010440848767757416
353,liver,liver,1,0.0,1.0,0.0,0.0,0.0,0.0,0.0,0.0,0.0,0.014193889684975147,0.9853419065475464,6.604839290957898e-05,0.00021912863303441554,3.6254852602723986e-05,2.8176533305668272e-05,3.751853000721894e-05,4.902629734715447e-05,2.7981161110801622e-05
2709,lung_epithelium,lung_epithelium,1,1.0,0.0,0.0,0.0,0.0,0.0,0.0,0.0,0.0,0.9996138215065002,6.063124965294264e-05,5.946636520093307e-05,1.4972948520153295e-05,5.0888342229882255e-05,1.298252391279675e-05,1.7219892470166087e-05,2.1840494810021482e-05,0.00014807241677772254
3155,bone_marrow,bone_marrow,1,0.0,0.0,0.0,0.0,1.0,0.0,0.0,0.0,0.0,0.000746876117773354,0.1506967395544052,0.00023059689556248486,0.06812727451324463,0.7784594893455505,0.00015264362446032465,0.0001778183359419927,0.00014077848754823208,0.0012678441125899553
3091,muscle,muscle,1,0.0,0.0,1.0,0.0,0.0,0.0,0.0,0.0,0.0,0.0005559889250434935,0.0024267693515866995,0.9966906309127808,7.136645581340417e-05,2.505179145373404e-05,2.5265448130085133e-05,2.7453203074401245e-05,3.1310140911955386e-05,0.0001460764033254236
1898,lung_epithelium,lung_epithelium,1,1.0,0.0,0.0,0.0,0.0,0.0,0.0,0.0,0.0,0.9995672106742859,6.804089207435027e-05,0.00018288705905433744,2.0686884454335086e-05,2.807594501064159e-05,2.3186403268482536e-05,3.171194839524105e-05,2.729369589360431e-05,5.086636883788742e-05
673,muscle,muscle,1,0.0,0.0,1.0,0.0,0.0,0.0,0.0,0.0,0.0,0.00024818209931254387,0.0001912070147227496,0.9993698000907898,2.112342008331325e-05,6.231718725757673e-05,1.9060047634411603e-05,2.0988138203392737e-05,2.8024072889820673e-05,3.937047949875705e-05
712,muscle,muscle,1,0.0,0.0,1.0,0.0,0.0,0.0,0.0,0.0,0.0,4.8954385420074686e-05,0.00010296230902895331,0.9996776580810547,1.6733874872443266e-05,5.6887274695327505e-05,1.9101991711067967e-05,1.6998868886730634e-05,2.2758522391086444e-05,3.792304050875828e-05
3066,muscle,muscle,1,0.0,0.0,1.0,0.0,0.0,0.0,0.0,0.0,0.0,0.0018055199179798365,0.0015233376761898398,0.9961890578269958,5.190990850678645e-05,3.4743941796477884e-05,2.262953967147041e-05,2.539313936722465e-05,3.073921106988564e-05,0.0003166267997585237
2142,lung_epithelium,lung_epithelium,1,1.0,0.0,0.0,0.0,0.0,0.0,0.0,0.0,0.0,0.9994677901268005,4.27674749516882e-05,0.000200705646420829,2.3432721718563698e-05,2.5374125470989384e-05,2.4625433070468716e-05,3.0403623895836063e-05,3.2822717912495136e-05,0.00015200753114186227
771,muscle,muscle,1,0.0,0.0,1.0,0.0,0.0,0.0,0.0,0.0,0.0,8.130684000207111e-05,0.00010890791600104421,0.9996355772018433,1.6495283489348367e-05,5.973014049232006e-05,1.879692899819929e-05,1.7486396245658398e-05,2.3903916371637024e-05,3.7707126466557384e-05
938,liver,liver,1,0.0,0.5,0.0,0.5,0.0,0.0,0.0,0.0,0.0,0.0022544267121702433,0.5403534173965454,0.000515191990416497,0.45572328567504883,0.00048696636804379523,0.0001515695475973189,0.00022115284809842706,0.0001987196010304615,9.53146954998374e-05
1213,lung_epithelium,lung_epithelium,1,1.0,0.0,0.0,0.0,0.0,0.0,0.0,0.0,0.0,0.9993901252746582,2.937683166237548e-05,0.0003800023696385324,1.9394872651901096e-05,4.2651496187318116e-05,2.4801480321912095e-05,3.411153011256829e-05,4.095254553249106e-05,3.8647165638394654e-05
1878,lung_epithelium,lung_epithelium,1,1.0,0.0,0.0,0.0,0.0,0.0,0.0,0.0,0.0,0.9994033575057983,6.130462134024128e-05,0.00035969255259260535,2.4850840418366715e-05,2.86006870737765e-05,2.4037659386522137e-05,3.341552655911073e-05,3.163628207403235e-05,3.307174119981937e-05
1241,lung_epithelium,lung_epithelium,1,1.0,0.0,0.0,0.0,0.0,0.0,0.0,0.0,0.0,0.9994663596153259,3.416710387682542e-05,0.00031618837965652347,1.5362375052063726e-05,4.829158933716826e-05,2.1616457161144353e-05,2.5641038519097492e-05,3.3590848033782095e-05,3.8808342651464045e-05
2252,lung_epithelium,lung_epithelium,1,1.0,0.0,0.0,0.0,0.0,0.0,0.0,0.0,0.0,0.999384880065918,0.0001487554400227964,0.00034873257391154766,1.5015788449090905e-05,2.46842646447476e-05,1.5041716324049048e-05,2.5659865059424192e-05,2.4288270651595667e-05,1.2826500096707605e-05
3116,muscle,muscle,1,0.0,0.0,1.0,0.0,0.0,0.0,0.0,0.0,0.0,9.988202509703115e-05,0.0009479561122134328,0.9986422657966614,0.00012952546239830554,4.5990029320819303e-05,2.1712448869948275e-05,2.2938647816772573e-05,2.469623723300174e-05,6.491642125183716e-05
690,muscle,muscle,1,0.0,0.0,1.0,0.0,0.0,0.0,0.0,0.0,0.0,7.132349128369242e-05,9.143465285887942e-05,0.9996640682220459,1.469913240725873e-05,5.586144106928259e-05,1.94786462088814e-05,1.7765660231816582e-05,2.469019455020316e-05,4.07294173783157e-05
416,liver,liver,1,0.0,1.0,0.0,0.0,0.0,0.0,0.0,0.0,0.0,0.06471279263496399,0.9336722493171692,0.00024085152836050838,0.0010704118758440018,4.1444804082857445e-05,4.572714533424005e-05,7.299766002688557e-05,8.812617306830361e-05,5.53456848138012e-05
2247,lung_epithelium,lung_epithelium,1,1.0,0.0,0.0,0.0,0.0,0.0,0.0,0.0,0.0,0.999030590057373,4.961810554959811e-05,0.000702973862644285,2.6861320293392055e-05,4.078310666955076e-05,3.0132781830616295e-05,4.429422551766038e-05,4.993063703295775e-05,2.4862263671820983e-05
528,liver,liver,1,0.0,1.0,0.0,0.0,0.0,0.0,0.0,0.0,0.0,0.33953624963760376,0.6554561853408813,0.0036158771254122257,0.0008906537550501525,0.0001583159319125116,5.598339703283273e-05,9.667826088843867e-05,0.00012934155529364944,6.073713302612305e-05
341,liver,liver,1,0.0,1.0,0.0,0.0,0.0,0.0,0.0,0.0,0.0,0.12288930267095566,0.8759031891822815,0.00035256706178188324,0.0005518583348020911,5.271292320685461e-05,4.233773142914288e-05,7.416817970806733e-05,8.426595741184428e-05,4.970169538864866e-05
868,liver,liver,1,0.0,0.5,0.0,0.5,0.0,0.0,0.0,0.0,0.0,0.004992078524082899,0.5144241452217102,0.00034420742304064333,0.478140264749527,0.001563290017656982,9.807619062485173e-05,0.00011800049833254889,0.00012205698294565082,0.00019787822384387255
2808,lung_epithelium,lung_epithelium,1,1.0,0.0,0.0,0.0,0.0,0.0,0.0,0.0,0.0,0.9978824257850647,0.0015995310386642814,7.807097426848486e-05,0.00027297178166918457,8.120087295537814e-05,1.8110780729330145e-05,3.2017414923757315e-05,2.9427523259073496e-05,6.157517418614589e-06
2882,liver,muscle,0,0.0,0.20000000298023224,0.0,0.20000000298023224,0.0,0.20000000298023224,0.20000000298023224,0.20000000298023224,0.0,0.01503185834735632,0.21240411698818207,0.3168378472328186,0.09968595206737518,0.00018757606449071318,0.11288915574550629,0.10935621708631516,0.13328631222248077,0.0003210028517059982
2659,lung_epithelium,lung_epithelium,1,1.0,0.0,0.0,0.0,0.0,0.0,0.0,0.0,0.0,0.9995149374008179,0.0001520580699434504,0.00016407376097049564,3.6302812077337876e-05,1.2438681551429909e-05,1.11202925836551e-05,1.9713961592060514e-05,1.99656788026914e-05,6.944690539967269e-05
355,liver,liver,1,0.0,1.0,0.0,0.0,0.0,0.0,0.0,0.0,0.0,0.10154631733894348,0.8976866602897644,0.00013222724373918027,0.00012434425298124552,6.452341040130705e-05,6.641002983087674e-05,0.00010125200060429052,0.00012785775470547378,0.00015033592353574932
2973,liver,liver,1,0.0,1.0,0.0,0.0,0.0,0.0,0.0,0.0,0.0,0.0005922828568145633,0.9955352544784546,0.0013329286593943834,0.00019640983373392373,1.5083260223036632e-05,0.00010563311661826447,0.00010762033343780786,9.318125376012176e-05,0.00202158628962934
1846,lung_epithelium,lung_epithelium,1,1.0,0.0,0.0,0.0,0.0,0.0,0.0,0.0,0.0,0.9995666146278381,2.9758515665889718e-05,0.00022179588268045336,1.6481817510793917e-05,3.3638269087532535e-05,2.0995497834519483e-05,2.7652462449623272e-05,2.861692883016076e-05,5.46011833648663e-05
778,muscle,muscle,1,0.0,0.0,1.0,0.0,0.0,0.0,0.0,0.0,0.0,0.00011496557272039354,8.465380233246833e-05,0.9996178150177002,1.3555035366152879e-05,5.914659413974732e-05,1.9588715076679364e-05,1.957095810212195e-05,2.7327401767252013e-05,4.335283301770687e-05
2315,lung_epithelium,lung_epithelium,1,1.0,0.0,0.0,0.0,0.0,0.0,0.0,0.0,0.0,0.9991243481636047,9.543279884383082e-05,0.0005835592746734619,2.9665487090824172e-05,3.430142533034086e-05,2.6036235794890672e-05,3.239687066525221e-05,3.527015360305086e-05,3.891612504958175e-05
2334,lung_epithelium,lung_epithelium,1,1.0,0.0,0.0,0.0,0.0,0.0,0.0,0.0,0.0,0.999377965927124,9.308884909842163e-05,0.00030163576593622565,2.54837086686166e-05,3.185597597621381e-05,2.5621684471843764e-05,2.9807371902279556e-05,3.0881285056238994e-05,8.364445238839835e-05
3190,bone_marrow,bone_marrow,1,0.0,0.0,0.0,0.0,1.0,0.0,0.0,0.0,0.0,8.831107697915286e-05,0.005529623944312334,0.00010422142804600298,0.0010426180670037866,0.9896495342254639,7.443725189659745e-05,7.137823558878154e-05,6.079535887693055e-05,0.0033791440073400736
1855,lung_epithelium,lung_epithelium,1,1.0,0.0,0.0,0.0,0.0,0.0,0.0,0.0,0.0,0.9997648596763611,4.9893624236574396e-05,3.975416620960459e-05,2.193690488638822e-05,2.927980494860094e-05,1.1096806701971218e-05,2.1934645701549016e-05,1.9633624106063507e-05,4.1513914766255766e-05
1772,lung_epithelium,lung_epithelium,1,1.0,0.0,0.0,0.0,0.0,0.0,0.0,0.0,0.0,0.999462902545929,3.2511521567357704e-05,0.0003266494022682309,2.256560583191458e-05,3.2810035918373615e-05,2.2595862901653163e-05,3.2591364288236946e-05,3.465860208962113e-05,3.2770356483524665e-05
519,liver,liver,1,0.0,1.0,0.0,0.0,0.0,0.0,0.0,0.0,0.0,0.0485324002802372,0.9496036767959595,0.0005762394866906106,0.0010200907709077,3.730550815816969e-05,3.689339428092353e-05,6.226042751222849e-05,7.753380486974493e-05,5.355823304853402e-05
604,muscle,muscle,1,0.0,0.0,1.0,0.0,0.0,0.0,0.0,0.0,0.0,9.408405458088964e-05,0.0001280280266655609,0.9996150732040405,1.7175485481857322e-05,5.077816967968829e-05,2.0538454919005744e-05,1.868931394710671e-05,2.532409598643426e-05,3.0252112992457114e-05
1750,lung_epithelium,lung_epithelium,1,1.0,0.0,0.0,0.0,0.0,0.0,0.0,0.0,0.0,0.9997588992118835,4.5638349547516555e-05,8.043229900067672e-05,1.7343834770144895e-05,2.206684075645171e-05,1.01938830994186e-05,1.8171920601162128e-05,1.7828107957029715e-05,2.9431283110170625e-05
2356,lung_epithelium,lung_epithelium,1,1.0,0.0,0.0,0.0,0.0,0.0,0.0,0.0,0.0,0.9971272349357605,0.00019207631703466177,0.002159674884751439,0.0001253774098586291,0.00021369130990933627,1.6771649825386703e-05,3.0421537303482182e-05,4.0181483200285584e-05,9.451410733163357e-05
432,liver,liver,1,0.0,1.0,0.0,0.0,0.0,0.0,0.0,0.0,0.0,0.19174300134181976,0.8070523142814636,0.0004634367360267788,0.0003587360552046448,0.00011561623978195712,4.2272538848919794e-05,7.191095210146159e-05,9.113155829254538e-05,6.160345219541341e-05
1316,lung_epithelium,lung_epithelium,1,1.0,0.0,0.0,0.0,0.0,0.0,0.0,0.0,0.0,0.99957674741745,0.00012073177640559152,6.137750460766256e-05,2.0174054952804e-05,1.611127117939759e-05,1.6060781490523368e-05,2.5523924705339596e-05,2.3007149138720706e-05,0.00014032940089236945
3050,muscle,lung_epithelium,0,0.0,0.0,1.0,0.0,0.0,0.0,0.0,0.0,0.0,0.9580925703048706,0.0013117038179188967,0.03975006937980652,0.0002792376617435366,0.00018560836906544864,2.240576213807799e-05,3.629655475378968e-05,4.4103217078372836e-05,0.0002780249051284045
2407,lung_epithelium,lung_epithelium,1,1.0,0.0,0.0,0.0,0.0,0.0,0.0,0.0,0.0,0.9985941052436829,0.00018634409934747964,0.0009973847772926092,4.667376560973935e-05,3.136799205094576e-05,3.0627561500296e-05,4.209599501336925e-05,4.6916044084355235e-05,2.43740087171318e-05
3128,muscle,muscle,1,0.0,0.0,1.0,0.0,0.0,0.0,0.0,0.0,0.0,0.00010304389434168115,0.001077775377780199,0.9984329342842102,6.334657518891618e-05,4.687614273279905e-05,2.7525253244675696e-05,2.7053662051912397e-05,2.8522115826490335e-05,0.00019298834376968443
462,liver,liver,1,0.0,1.0,0.0,0.0,0.0,0.0,0.0,0.0,0.0,0.04613972082734108,0.9523126482963562,0.0007111273589543998,0.0006206876714713871,3.650052531156689e-05,2.9331235054996796e-05,5.4074436775408685e-05,6.111096445238218e-05,3.474776167422533e-05
2697,lung_epithelium,lung_epithelium,1,1.0,0.0,0.0,0.0,0.0,0.0,0.0,0.0,0.0,0.9994664788246155,5.3596799261868e-05,0.0001282653829548508,2.9078475563437678e-05,0.0001301316515309736,1.825263461796567e-05,2.7262643925496377e-05,3.868179192068055e-05,0.00010833182750502601
1562,lung_epithelium,lung_epithelium,1,1.0,0.0,0.0,0.0,0.0,0.0,0.0,0.0,0.0,0.999698281288147,5.9310983488103375e-05,6.753518391633406e-05,3.9797378121875226e-05,2.5735167582752183e-05,1.4316225133370608e-05,3.160155756631866e-05,3.112832928309217e-05,3.232231756555848e-05
470,liver,liver,1,0.0,1.0,0.0,0.0,0.0,0.0,0.0,0.0,0.0,0.07612814754247665,0.9224191308021545,0.0006926606874912977,0.000509411096572876,6.454451067838818e-05,2.919599319284316e-05,5.3014187869848683e-05,6.729037704644725e-05,3.649593054433353e-05
2293,lung_epithelium,lung_epithelium,1,1.0,0.0,0.0,0.0,0.0,0.0,0.0,0.0,0.0,0.9985536932945251,0.00018314507906325161,0.0010281912982463837,5.875917850062251e-05,2.8904041755595244e-05,2.5182365789078176e-05,3.2432762964162976e-05,3.8513680920004845e-05,5.113101360620931e-05
3255,bone_marrow,bone_marrow,1,0.0,0.0,0.0,0.0,1.0,0.0,0.0,0.0,0.0,0.007247574161738157,0.0012601070338860154,0.0001956189953489229,0.00030981353484094143,0.9885988235473633,6.880121509311721e-05,5.1929619075963274e-05,7.308911881409585e-05,0.0021941817831248045
2651,lung_epithelium,lung_epithelium,1,1.0,0.0,0.0,0.0,0.0,0.0,0.0,0.0,0.0,0.999030590057373,8.79489816725254e-05,0.0006980362231843174,2.9231468943180516e-05,4.7594283387297764e-05,2.457148366374895e-05,3.461963569861837e-05,3.554300565156154e-05,1.178049024019856e-05
438,liver,liver,1,0.0,1.0,0.0,0.0,0.0,0.0,0.0,0.0,0.0,0.06214570254087448,0.9352140426635742,0.0009402348659932613,0.0014258500887081027,5.443491681944579e-05,3.6859037209069356e-05,6.71186062390916e-05,7.510255818488076e-05,4.0657036151969805e-05
3175,bone_marrow,liver,0,0.0,0.0,0.0,0.0,1.0,0.0,0.0,0.0,0.0,0.0005033632623963058,0.5403212904930115,0.0014673871919512749,0.39137011766433716,0.06264614313840866,0.00016009173123165965,0.0001766482600942254,0.00014626537449657917,0.0032086865976452827
664,muscle,muscle,1,0.0,0.0,1.0,0.0,0.0,0.0,0.0,0.0,0.0,0.00013569903967436403,0.00011789973359555006,0.9995692372322083,1.547257306810934e-05,6.118021701695397e-05,2.0439523723325692e-05,1.899380367831327e-05,2.6247844289173372e-05,3.492422547424212e-05
66,liver,liver,1,0.0,1.0,0.0,0.0,0.0,0.0,0.0,0.0,0.0,0.005541632417589426,0.9321410655975342,5.222607433097437e-05,0.0613909475505352,0.0003048222279176116,0.00013276460231281817,0.0002305311500094831,0.00016586082347203046,4.004170841653831e-05
3049,liver,liver,1,0.0,1.0,0.0,0.0,0.0,0.0,0.0,0.0,0.0,0.09094861894845963,0.8989067077636719,0.0007214160868898034,0.0007329675718210638,5.2578670874936506e-05,0.0001219941332237795,0.00012750379391945899,0.00013837660662829876,0.008249940350651741
710,muscle,muscle,1,0.0,0.0,1.0,0.0,0.0,0.0,0.0,0.0,0.0,4.581805842462927e-05,7.809919043211266e-05,0.9997130036354065,1.2094098565285094e-05,3.7749407056253403e-05,2.0463548935367726e-05,1.8802240447257645e-05,2.5476940209046006e-05,4.852869824389927e-05
1778,lung_epithelium,lung_epithelium,1,1.0,0.0,0.0,0.0,0.0,0.0,0.0,0.0,0.0,0.9997139573097229,6.58962526358664e-05,0.00011169143544975668,2.1672516595572233e-05,2.111230423906818e-05,1.0010585356212687e-05,2.009704985539429e-05,1.7547290553920902e-05,1.7948035747394897e-05
3268,bone_marrow,bone_marrow,1,0.0,0.0,0.0,0.0,1.0,0.0,0.0,0.0,0.0,0.00013935637252870947,0.01445744838565588,0.00034975531161762774,0.0010104973334819078,0.9781988859176636,8.218607399612665e-05,7.373951666522771e-05,6.578342436114326e-05,0.005622388329356909
213,liver,liver,1,0.0,1.0,0.0,0.0,0.0,0.0,0.0,0.0,0.0,0.26328787207603455,0.7350040078163147,0.00044406589586287737,0.0007466244860552251,4.529056968749501e-05,7.995226042112336e-05,0.00014129454211797565,0.00016538660565856844,8.553770749131218e-05
1006,muscle,muscle,1,0.0,0.0,1.0,0.0,0.0,0.0,0.0,0.0,0.0,9.3239032139536e-05,0.0005837070639245212,0.9991600513458252,5.5866403272375464e-05,2.495297485438641e-05,1.658124165260233e-05,1.897221773106139e-05,2.0190545910736546e-05,2.6488842195249163e-05
1011,muscle,muscle,1,0.0,0.0,1.0,0.0,0.0,0.0,0.0,0.0,0.0,7.394354906864464e-05,0.00034557454637251794,0.9993101358413696,3.313776323921047e-05,7.991408347152174e-05,2.1767122234450653e-05,2.186768142564688e-05,2.127162770193536e-05,9.234793833456933e-05
2364,lung_epithelium,lung_epithelium,1,1.0,0.0,0.0,0.0,0.0,0.0,0.0,0.0,0.0,0.9989606142044067,0.0002249940880574286,0.0006545453798025846,4.2822732211789116e-05,4.7655350499553606e-05,7.18981345926295e-06,1.0372888937126845e-05,1.249210981768556e-05,3.93008413084317e-05
1497,lung_epithelium,lung_epithelium,1,1.0,0.0,0.0,0.0,0.0,0.0,0.0,0.0,0.0,0.999439537525177,5.774219971499406e-05,0.0003167336981277913,2.5887035008054227e-05,2.603258144517895e-05,2.301715903740842e-05,2.9057677238597535e-05,3.0899860576028004e-05,5.129080091137439e-05
2089,lung_epithelium,lung_epithelium,1,1.0,0.0,0.0,0.0,0.0,0.0,0.0,0.0,0.0,0.9996792078018188,5.3789444791618735e-05,3.1960196793079376e-05,2.879517705878243e-05,2.2566509869648144e-05,1.7940872567123733e-05,3.459750587353483e-05,3.261906749685295e-05,9.851843788055703e-05
174,liver,liver,1,0.0,1.0,0.0,0.0,0.0,0.0,0.0,0.0,0.0,0.0871640294790268,0.9105284214019775,0.0010975644690915942,0.0009183482616208494,4.804030686500482e-05,3.644060416263528e-05,6.26606706646271e-05,8.185830665752292e-05,6.264023977564648e-05
1864,lung_epithelium,lung_epithelium,1,1.0,0.0,0.0,0.0,0.0,0.0,0.0,0.0,0.0,0.9993734955787659,5.436333958641626e-05,0.00040141420322470367,2.340433820791077e-05,3.2004980312194675e-05,2.2752226868760772e-05,3.071107130381279e-05,3.0955776310293004e-05,3.081142494920641e-05
2505,lung_epithelium,lung_epithelium,1,1.0,0.0,0.0,0.0,0.0,0.0,0.0,0.0,0.0,0.9980735778808594,0.0006871004588901997,0.00033148075453937054,6.704257248202339e-05,2.917076380981598e-05,1.4884935808368027e-05,1.9899296603398398e-05,2.3537995730293915e-05,0.0007534059113822877
2662,lung_epithelium,lung_epithelium,1,1.0,0.0,0.0,0.0,0.0,0.0,0.0,0.0,0.0,0.9994194507598877,7.703017035964876e-05,0.00025773016386665404,2.764636155916378e-05,2.9306140277185477e-05,1.6017464076867327e-05,1.901507675938774e-05,2.055700679193251e-05,0.00013323474559001625
2400,lung_epithelium,lung_epithelium,1,1.0,0.0,0.0,0.0,0.0,0.0,0.0,0.0,0.0,0.9995869994163513,0.00016977812629193068,9.417656838195398e-05,2.3849041099310853e-05,1.967098614841234e-05,8.257673471234739e-06,1.0950306204904336e-05,1.3335617950360756e-05,7.306531915673986e-05
1703,lung_epithelium,lung_epithelium,1,1.0,0.0,0.0,0.0,0.0,0.0,0.0,0.0,0.0,0.9997113347053528,9.653690358391032e-05,5.462722037918866e-05,1.9413620975683443e-05,1.610557228559628e-05,1.0985791050188709e-05,2.191854036937002e-05,1.6491310816491023e-05,5.249747118796222e-05
383,liver,liver,1,0.0,1.0,0.0,0.0,0.0,0.0,0.0,0.0,0.0,0.06746871024370193,0.9310957193374634,0.0004804667551070452,0.0006770800682716072,4.283152156858705e-05,4.273726517567411e-05,7.941442891024053e-05,8.609773067291826e-05,2.6888843422057107e-05
911,liver,liver,1,0.0,0.5,0.0,0.5,0.0,0.0,0.0,0.0,0.0,0.0013529045972973108,0.5636541247367859,0.0002289345720782876,0.43346384167671204,0.0006877135601826012,0.0001327950885752216,0.00019728713959921151,0.0001597175869392231,0.00012280402006581426
802,liver,liver,1,0.0,1.0,0.0,0.0,0.0,0.0,0.0,0.0,0.0,0.10536111146211624,0.8840745091438293,0.0092014716938138,0.0001876575406640768,9.495784615864977e-05,9.699282236397266e-05,0.00011552297655725852,0.00011872561299242079,0.0007491505821235478
3215,bone_marrow,bone_marrow,1,0.0,0.0,0.0,0.0,1.0,0.0,0.0,0.0,0.0,0.00043832958908751607,0.29111239314079285,0.002207042183727026,0.12253414839506149,0.5807622075080872,0.00023340161715168506,0.0002669860259629786,0.00021070781804155558,0.002234790241345763
1523,lung_epithelium,lung_epithelium,1,1.0,0.0,0.0,0.0,0.0,0.0,0.0,0.0,0.0,0.9996883869171143,5.20672692800872e-05,0.00014917259977664798,1.8099242879543453e-05,2.5943680157070048e-05,9.433169907424599e-06,1.3787180250801612e-05,1.584523488418199e-05,2.7319661967339925e-05
1956,lung_epithelium,lung_epithelium,1,1.0,0.0,0.0,0.0,0.0,0.0,0.0,0.0,0.0,0.9989514350891113,0.00016175766359083354,5.573592716245912e-05,2.772017614915967e-05,3.0144221454975195e-05,1.9348774003447033e-05,2.5509201805107296e-05,3.0652670830022544e-05,0.0006976861623115838
2756,lung_epithelium,lung_epithelium,1,1.0,0.0,0.0,0.0,0.0,0.0,0.0,0.0,0.0,0.9995773434638977,7.7879085438326e-05,0.00013246807793620974,1.645218799239956e-05,3.199933053110726e-05,2.2967791664996184e-05,2.933529503934551e-05,2.446221697027795e-05,8.699580212123692e-05
2188,lung_epithelium,lung_epithelium,1,1.0,0.0,0.0,0.0,0.0,0.0,0.0,0.0,0.0,0.9994339346885681,8.011423051357269e-05,4.3255207856418565e-05,4.292858284316026e-05,1.5357481970568188e-05,2.2338228518492542e-05,3.664361793198623e-05,3.8730249798391014e-05,0.00028666213620454073
2712,lung_epithelium,lung_epithelium,1,1.0,0.0,0.0,0.0,0.0,0.0,0.0,0.0,0.0,0.9993135929107666,0.00034292455529794097,1.7396925613866188e-05,0.00010411749099148437,9.431283979211003e-05,1.100011922972044e-05,1.3605205822386779e-05,1.757381687639281e-05,8.551698556402698e-05
1099,muscle,muscle,1,0.0,0.0,1.0,0.0,0.0,0.0,0.0,0.0,0.0,0.0001548105792608112,0.000148608218296431,0.9981092214584351,3.619006020016968e-05,0.0009672041051089764,6.589659460587427e-05,6.02368927502539e-05,6.813117215642706e-05,0.00038973413757048547
826,liver,liver,1,0.0,1.0,0.0,0.0,0.0,0.0,0.0,0.0,0.0,0.0029969457536935806,0.9922406673431396,0.002700853394344449,0.0011453083716332912,0.00010998814832419157,0.0002514133811928332,0.0003423105808906257,0.00016362573660444468,4.879535117652267e-05
1619,lung_epithelium,lung_epithelium,1,1.0,0.0,0.0,0.0,0.0,0.0,0.0,0.0,0.0,0.9993583559989929,3.019961150130257e-05,0.00041917196358554065,2.7651078198687173e-05,4.213612919556908e-05,2.4452287107123993e-05,3.2995369110722095e-05,3.866577026201412e-05,2.6491243261261843e-05
2309,lung_epithelium,lung_epithelium,1,1.0,0.0,0.0,0.0,0.0,0.0,0.0,0.0,0.0,0.9990965127944946,0.00011638688010862097,0.000461978605017066,5.648017759085633e-05,2.4739512809901498e-05,2.08226283575641e-05,2.5378249119967222e-05,3.134309372399002e-05,0.00016642312402836978
631,muscle,muscle,1,0.0,0.0,1.0,0.0,0.0,0.0,0.0,0.0,0.0,0.0001781352038960904,0.00022378431458491832,0.9993957281112671,2.057807614619378e-05,7.64282449381426e-05,1.7546271919854917e-05,1.7480813767178915e-05,2.4278318960568868e-05,4.606578659149818e-05
2624,lung_epithelium,lung_epithelium,1,1.0,0.0,0.0,0.0,0.0,0.0,0.0,0.0,0.0,0.9994304776191711,6.909284275025129e-05,0.00023463657998945564,3.7034016713732854e-05,2.3610738935531117e-05,1.9991370209027082e-05,2.4947235942818224e-05,2.7801153919426724e-05,0.00013241312990430743
1318,lung_epithelium,lung_epithelium,1,1.0,0.0,0.0,0.0,0.0,0.0,0.0,0.0,0.0,0.9995104074478149,3.276969800936058e-05,0.00022589191212318838,2.829041113727726e-05,2.6399959097034298e-05,2.493341344234068e-05,3.111247860942967e-05,3.6681947676697746e-05,8.335093298228458e-05
1977,lung_epithelium,lung_epithelium,1,1.0,0.0,0.0,0.0,0.0,0.0,0.0,0.0,0.0,0.9994797110557556,3.5959066735813394e-05,0.00030449297628365457,2.814852268784307e-05,2.9051141609670594e-05,2.3798567781341262e-05,3.175840902258642e-05,3.494341945042834e-05,3.21135921694804e-05
2295,lung_epithelium,lung_epithelium,1,1.0,0.0,0.0,0.0,0.0,0.0,0.0,0.0,0.0,0.9930563569068909,0.005127273499965668,0.0008723707287572324,0.00023370444250758737,2.5127772460109554e-05,1.556240749778226e-05,1.9778768546530046e-05,2.6209885618300177e-05,0.0006236960762180388
1622,lung_epithelium,lung_epithelium,1,1.0,0.0,0.0,0.0,0.0,0.0,0.0,0.0,0.0,0.9997177720069885,3.5615041269920766e-05,0.00012982889893464744,1.919303940667305e-05,2.6943525881506503e-05,1.136735863838112e-05,1.8561611796030775e-05,1.957003951247316e-05,2.1254829334793612e-05
2308,lung_epithelium,lung_epithelium,1,1.0,0.0,0.0,0.0,0.0,0.0,0.0,0.0,0.0,0.9972485899925232,0.0008166931802406907,0.0014382197987288237,0.00019247012096457183,2.62256453424925e-05,1.2408382644935045e-05,1.7779393601813354e-05,2.4994944396894425e-05,0.00022253925271797925
483,liver,liver,1,0.0,1.0,0.0,0.0,0.0,0.0,0.0,0.0,0.0,0.2751557230949402,0.7233152389526367,0.0007702970178797841,0.0003692125901579857,0.00013767063501290977,3.622825533966534e-05,6.469746585935354e-05,7.984812691574916e-05,7.106751581886783e-05
917,liver,liver,1,0.0,0.5,0.0,0.5,0.0,0.0,0.0,0.0,0.0,0.0005495277582667768,0.5551161766052246,0.0007382677285932004,0.44173768162727356,0.0012203410733491182,0.00013696058886125684,0.00019548149430193007,0.0001547044375911355,0.00015083506877999753
845,liver,liver,1,0.0,0.5,0.0,0.5,0.0,0.0,0.0,0.0,0.0,0.0010756892152130604,0.6052594184875488,0.0007953291642479599,0.39155858755111694,0.0007201934931799769,0.0001196083176182583,0.00013219423999544233,0.00013052199210505933,0.0002084247098537162
1721,lung_epithelium,lung_epithelium,1,1.0,0.0,0.0,0.0,0.0,0.0,0.0,0.0,0.0,0.9993768334388733,3.5601231502369046e-05,0.00039219664176926017,3.2130319596035406e-05,2.7806339858216234e-05,2.5301815185230225e-05,3.45553235092666e-05,3.803950676228851e-05,3.7684607377741486e-05
22,liver,liver,1,0.0,1.0,0.0,0.0,0.0,0.0,0.0,0.0,0.0,0.0013559272047132254,0.700599730014801,0.00044005230301991105,0.2939525544643402,0.0025557689368724823,7.759044819977134e-05,7.898281182860956e-05,7.952465966809541e-05,0.0008599232533015311
2850,lung_epithelium,lung_epithelium,1,1.0,0.0,0.0,0.0,0.0,0.0,0.0,0.0,0.0,0.9992444515228271,6.979482714086771e-05,0.0005116850370541215,2.5920613552443683e-05,3.0453122235485353e-05,2.224734635092318e-05,2.9007927878410555e-05,3.100309186265804e-05,3.533520066412166e-05
2694,lung_epithelium,lung_epithelium,1,1.0,0.0,0.0,0.0,0.0,0.0,0.0,0.0,0.0,0.9974314570426941,0.0014739373000338674,3.018358074768912e-05,0.0008452768088318408,9.327988664153963e-05,1.3478042092174292e-05,1.8848364561563358e-05,2.3291344405151904e-05,7.025881495792419e-05
665,muscle,muscle,1,0.0,0.0,1.0,0.0,0.0,0.0,0.0,0.0,0.0,0.00015898619312793016,0.00011857938079629093,0.9995399713516235,1.3580011909652967e-05,5.806055196444504e-05,2.1256601030472666e-05,1.9292659999337047e-05,2.774775020952802e-05,4.254855593899265e-05
3299,ear,ear,1,0.0,0.0,0.0,0.0,0.0,0.0,0.0,0.0,1.0,0.006230034865438938,0.00017629953799769282,0.0018435708479955792,1.7336335076834075e-05,0.0003933702828362584,7.951096631586552e-05,6.522447802126408e-05,7.972736784722656e-05,0.9911148548126221
989,liver,liver,1,0.0,0.5,0.0,0.5,0.0,0.0,0.0,0.0,0.0,0.0004530071164481342,0.5627110600471497,0.0027885879389941692,0.429545521736145,0.003599573392421007,0.00022021931363269687,0.0003258807701058686,0.00018069075304083526,0.0001754164695739746
2144,lung_epithelium,lung_epithelium,1,1.0,0.0,0.0,0.0,0.0,0.0,0.0,0.0,0.0,0.9996730089187622,5.597066774498671e-05,5.6883862271206453e-05,3.452194869169034e-05,1.4806344552198425e-05,1.4159108104649931e-05,2.5944369554053992e-05,2.653402589203324e-05,9.824151493376121e-05
3277,bone_marrow,bone_marrow,1,0.0,0.0,0.0,0.0,1.0,0.0,0.0,0.0,0.0,0.00045661840704269707,0.0006600042688660324,0.0001556494098622352,7.866248051868752e-05,0.9766578674316406,0.0001264905440621078,9.83461068244651e-05,0.00011560122220544145,0.021650703623890877
1826,lung_epithelium,lung_epithelium,1,1.0,0.0,0.0,0.0,0.0,0.0,0.0,0.0,0.0,0.9997212290763855,5.4089709010440856e-05,0.00010599536472000182,1.928607889567502e-05,1.6920532289077528e-05,1.1899587661901023e-05,2.1332558389985934e-05,2.0208242858643644e-05,2.905735709646251e-05
1344,lung_epithelium,lung_epithelium,1,1.0,0.0,0.0,0.0,0.0,0.0,0.0,0.0,0.0,0.999666690826416,9.604920342098922e-05,6.0003305407008156e-05,1.268290179723408e-05,2.079532714560628e-05,1.1466693649708759e-05,1.991676981560886e-05,1.7357822798658162e-05,9.492485696682706e-05
1774,lung_epithelium,lung_epithelium,1,1.0,0.0,0.0,0.0,0.0,0.0,0.0,0.0,0.0,0.9997453093528748,7.227244350360706e-05,7.665451266802847e-05,1.9366349079064094e-05,2.1181253032409586e-05,9.393317668582313e-06,1.9234174033044837e-05,1.601474104973022e-05,2.0443707398953848e-05
411,liver,liver,1,0.0,1.0,0.0,0.0,0.0,0.0,0.0,0.0,0.0,0.29564353823661804,0.7027717232704163,0.0006692292517982423,0.0005049025639891624,0.00011881351383635774,4.684925443143584e-05,8.725989027880132e-05,9.992438572226092e-05,5.779579441878013e-05
1606,lung_epithelium,lung_epithelium,1,1.0,0.0,0.0,0.0,0.0,0.0,0.0,0.0,0.0,0.9993945360183716,4.7889043344184756e-05,0.00038128893356770277,2.4470062271575443e-05,2.9839720809832215e-05,2.2716087187291123e-05,2.9717377401539125e-05,3.18431957566645e-05,3.7811449146829545e-05
1341,lung_epithelium,lung_epithelium,1,1.0,0.0,0.0,0.0,0.0,0.0,0.0,0.0,0.0,0.99964439868927,5.664993659593165e-05,4.0357244870392606e-05,1.2428908121364657e-05,2.619877523102332e-05,1.373219674860593e-05,2.2473419448942877e-05,2.189743463532068e-05,0.00016186956781893969
2589,lung_epithelium,lung_epithelium,1,1.0,0.0,0.0,0.0,0.0,0.0,0.0,0.0,0.0,0.9989070892333984,0.00010884349467232823,0.0007803619373589754,4.392330811242573e-05,2.7599107852438465e-05,2.4151728212018497e-05,3.326295336592011e-05,3.7712252378696576e-05,3.702800313476473e-05
7,liver,liver,1,0.0,1.0,0.0,0.0,0.0,0.0,0.0,0.0,0.0,0.003910853061825037,0.8178528547286987,0.00023780738411005586,0.1769801676273346,0.0001441296626580879,0.00017468085570726544,0.00017082779959309846,0.00018698461644817144,0.000341626611771062
1405,lung_epithelium,lung_epithelium,1,1.0,0.0,0.0,0.0,0.0,0.0,0.0,0.0,0.0,0.999521017074585,7.627310696989298e-05,0.00021150657266844064,2.092561589961406e-05,2.9076762075419538e-05,2.4052713342825882e-05,3.116115112788975e-05,2.8354726964607835e-05,5.75995582039468e-05
3079,muscle,muscle,1,0.0,0.0,1.0,0.0,0.0,0.0,0.0,0.0,0.0,0.0702517107129097,0.000992698478512466,0.9275187849998474,0.00023878934734966606,0.00028986300458200276,4.106073538423516e-05,5.72542667214293e-05,7.32334447093308e-05,0.0005366628174670041
1014,muscle,muscle,1,0.0,0.0,1.0,0.0,0.0,0.0,0.0,0.0,0.0,7.549194560851902e-05,0.0002789998543448746,0.9994890689849854,2.080482227029279e-05,1.5705694750067778e-05,2.6493269615457393e-05,2.9914121114416048e-05,3.0015911761438474e-05,3.343417847645469e-05
805,liver,liver,1,0.0,1.0,0.0,0.0,0.0,0.0,0.0,0.0,0.0,0.050048936158418655,0.9436430931091309,0.005059842951595783,0.00036593322874978185,0.00017511038458906114,0.00019851540855597705,0.00026158615946769714,0.00019328074995428324,5.363011223380454e-05
926,liver,liver,1,0.0,0.5,0.0,0.5,0.0,0.0,0.0,0.0,0.0,0.0005901161930523813,0.5228411555290222,0.0011627132771536708,0.4716760218143463,0.003040057374164462,0.00012436490214895457,0.00017609677161090076,0.00013769195356871933,0.00025181027012877166
1950,lung_epithelium,lung_epithelium,1,1.0,0.0,0.0,0.0,0.0,0.0,0.0,0.0,0.0,0.9992621541023254,0.00013097950431983918,0.0002076069067697972,2.441069773340132e-05,2.3628790586371906e-05,2.7875128580490127e-05,3.2096071663545445e-05,3.5886874684365466e-05,0.000255416875006631
3033,liver,liver,1,0.0,1.0,0.0,0.0,0.0,0.0,0.0,0.0,0.0,0.0008582723676227033,0.9973216652870178,0.0008746145758777857,0.0004524658725131303,1.2938235158799216e-05,6.354899232974276e-05,6.909548392286524e-05,6.161265628179535e-05,0.0002857893123291433
1251,lung_epithelium,lung_epithelium,1,1.0,0.0,0.0,0.0,0.0,0.0,0.0,0.0,0.0,0.9995853304862976,4.903850276605226e-05,0.0001409126416547224,1.145807618740946e-05,4.4178548705531284e-05,2.126058825524524e-05,2.167435741284862e-05,2.443636731186416e-05,0.00010172502516070381
1374,lung_epithelium,lung_epithelium,1,1.0,0.0,0.0,0.0,0.0,0.0,0.0,0.0,0.0,0.9995291233062744,3.190290226484649e-05,0.00022651893959846348,2.438752562738955e-05,2.7936021069763228e-05,2.296642014698591e-05,2.87609964289004e-05,3.3274656743742526e-05,7.532266317866743e-05
2323,lung_epithelium,lung_epithelium,1,1.0,0.0,0.0,0.0,0.0,0.0,0.0,0.0,0.0,0.9993483424186707,4.266240284778178e-05,0.0004049445269629359,3.270381785114296e-05,3.4585100365802646e-05,2.328310984012205e-05,3.088140147156082e-05,3.757364538614638e-05,4.519695357885212e-05
1502,lung_epithelium,lung_epithelium,1,1.0,0.0,0.0,0.0,0.0,0.0,0.0,0.0,0.0,0.99960857629776,8.482482371618971e-05,9.050651715369895e-05,7.224457658594474e-05,2.9656097467523068e-05,1.5252772755047772e-05,3.095077408943325e-05,3.320407267892733e-05,3.485326305963099e-05
2611,lung_epithelium,lung_epithelium,1,1.0,0.0,0.0,0.0,0.0,0.0,0.0,0.0,0.0,0.9995880722999573,0.00013799997395835817,6.842512811999768e-05,2.874264828278683e-05,1.865342892415356e-05,1.1990978237008676e-05,1.687729854893405e-05,1.994089689105749e-05,0.00010922819637926295
1200,lung_epithelium,lung_epithelium,1,1.0,0.0,0.0,0.0,0.0,0.0,0.0,0.0,0.0,0.9995606541633606,2.7218346076551825e-05,0.0001889354462036863,1.9502096620271914e-05,3.087111690547317e-05,2.467241029080469e-05,2.997037699969951e-05,3.3154385164380074e-05,8.511749911122024e-05
970,liver,liver,1,0.0,0.5,0.0,0.5,0.0,0.0,0.0,0.0,0.0,0.0002637244760990143,0.7905489802360535,0.000430858664913103,0.19953469932079315,0.008406269364058971,0.00015253698802553117,0.00024871370987966657,0.00016082027286756784,0.0002532590297050774
891,liver,liver,1,0.0,0.5,0.0,0.5,0.0,0.0,0.0,0.0,0.0,0.0017377582844346762,0.5065001845359802,0.0009655000176280737,0.4866994321346283,0.0034993779845535755,9.508105722488835e-05,0.00010755574476206675,0.00010469015978742391,0.00029042575624771416
2039,lung_epithelium,lung_epithelium,1,1.0,0.0,0.0,0.0,0.0,0.0,0.0,0.0,0.0,0.9996029734611511,0.00011223648471059278,6.399483390850946e-05,2.7359355954104103e-05,1.2962687833351083e-05,1.720332511467859e-05,2.8914359063492157e-05,2.7602669433690608e-05,0.00010671895870473236
679,muscle,muscle,1,0.0,0.0,1.0,0.0,0.0,0.0,0.0,0.0,0.0,9.841907012742013e-05,0.0002081456477753818,0.9995285272598267,2.5529752747388557e-05,4.339498991612345e-05,1.993343721551355e-05,1.95574921235675e-05,2.5542247385601513e-05,3.101684706052765e-05
12,liver,liver,1,0.0,1.0,0.0,0.0,0.0,0.0,0.0,0.0,0.0,0.0046269758604466915,0.9480664730072021,7.064107921905816e-05,0.046440355479717255,0.0005196900456212461,5.704943396267481e-05,9.390876221004874e-05,6.651873991359025e-05,5.824814070365392e-05
265,liver,liver,1,0.0,1.0,0.0,0.0,0.0,0.0,0.0,0.0,0.0,0.05290231481194496,0.944105327129364,0.0008294330909848213,0.0018612851854413748,3.497766374493949e-05,4.4402258936315775e-05,8.074804645730183e-05,8.975331002147868e-05,5.176714330445975e-05
1513,lung_epithelium,lung_epithelium,1,1.0,0.0,0.0,0.0,0.0,0.0,0.0,0.0,0.0,0.9997403025627136,5.17266416864004e-05,4.757766146212816e-05,1.5328938388847746e-05,2.334181044716388e-05,1.0520425348659046e-05,1.66467871167697e-05,1.6633091945550404e-05,7.791630196152255e-05
428,liver,liver,1,0.0,1.0,0.0,0.0,0.0,0.0,0.0,0.0,0.0,0.0677749440073967,0.9301533102989197,0.0011415990302339196,0.0006653977907262743,9.57519150688313e-05,2.69281354121631e-05,5.006295032217167e-05,5.552000584430061e-05,3.644554453785531e-05
849,liver,liver,1,0.0,0.5,0.0,0.5,0.0,0.0,0.0,0.0,0.0,0.00995112955570221,0.5668880343437195,0.0005109875346533954,0.42160096764564514,0.0002873143239412457,0.00017951639892999083,0.0002166407648473978,0.00021182843192946166,0.00015359185636043549
1738,lung_epithelium,lung_epithelium,1,1.0,0.0,0.0,0.0,0.0,0.0,0.0,0.0,0.0,0.9993693232536316,5.979058551019989e-05,0.0003825809108093381,2.939552541647572e-05,2.827829848683905e-05,2.5165010811178945e-05,3.214966272935271e-05,3.619361450546421e-05,3.7123543734196573e-05
798,muscle,muscle,1,0.0,0.0,1.0,0.0,0.0,0.0,0.0,0.0,0.0,9.411351493326947e-05,0.00010062856745207682,0.9996353387832642,1.6089979908429086e-05,5.5030901421559975e-05,1.883882941910997e-05,1.835498187574558e-05,2.5815596018219367e-05,3.5764136555371806e-05
1885,lung_epithelium,lung_epithelium,1,1.0,0.0,0.0,0.0,0.0,0.0,0.0,0.0,0.0,0.9994540810585022,3.307862425572239e-05,0.00030917543335817754,2.7386919100536034e-05,2.6081017495016567e-05,2.444231722620316e-05,3.308941450086422e-05,3.5713688703253865e-05,5.69705298403278e-05
749,muscle,muscle,1,0.0,0.0,1.0,0.0,0.0,0.0,0.0,0.0,0.0,0.0001648309698794037,0.00012342678382992744,0.9995512366294861,1.4886174540151842e-05,3.9547023334307596e-05,2.4308836145792156e-05,2.1900070350966416e-05,3.3027052268153057e-05,2.6823496227734722e-05
1870,lung_epithelium,lung_epithelium,1,1.0,0.0,0.0,0.0,0.0,0.0,0.0,0.0,0.0,0.9993358254432678,2.9987362722749822e-05,0.00044044427340850234,2.87390412267996e-05,3.346465018694289e-05,2.331803807464894e-05,3.3107375202234834e-05,3.901947275153361e-05,3.606058453442529e-05
2633,lung_epithelium,lung_epithelium,1,1.0,0.0,0.0,0.0,0.0,0.0,0.0,0.0,0.0,0.9994387030601501,3.934223059331998e-05,0.0002843019610736519,2.5672359697637148e-05,3.683038812596351e-05,1.9691789930220693e-05,2.3811007849872112e-05,3.0322444217745215e-05,0.00010136770288227126
1171,lung_epithelium,lung_epithelium,1,1.0,0.0,0.0,0.0,0.0,0.0,0.0,0.0,0.0,0.9991772770881653,6.798341928515583e-05,0.0004416559240780771,3.457238562987186e-05,2.6502364562475123e-05,2.4383056370425038e-05,2.9008164347033016e-05,3.7676290958188474e-05,0.00016091790166683495
2921,liver,spleen,0,0.0,0.20000000298023224,0.0,0.20000000298023224,0.0,0.20000000298023224,0.20000000298023224,0.20000000298023224,0.0,0.0671803280711174,0.15301358699798584,0.00947289727628231,0.22599747776985168,0.0008232805412262678,0.17644867300987244,0.17614276707172394,0.1900227814912796,0.0008981554419733584
700,muscle,muscle,1,0.0,0.0,1.0,0.0,0.0,0.0,0.0,0.0,0.0,6.269245932344347e-05,8.897556108422577e-05,0.9996553659439087,1.2373459867376368e-05,6.312465120572597e-05,1.956592677743174e-05,1.7254902559216134e-05,2.4672535801073536e-05,5.586372208199464e-05
587,muscle,muscle,1,0.0,0.0,1.0,0.0,0.0,0.0,0.0,0.0,0.0,0.00014127072063274682,0.000127075458294712,0.9995483756065369,1.3631120054924395e-05,5.811660594190471e-05,2.1319903680705465e-05,1.8923276002169587e-05,2.6951576728606597e-05,4.426738087204285e-05
446,liver,liver,1,0.0,1.0,0.0,0.0,0.0,0.0,0.0,0.0,0.0,0.0232943557202816,0.9753659963607788,0.00038357387529686093,0.0007297212141565979,2.4993343686219305e-05,3.139541149721481e-05,5.10310783283785e-05,6.3310370023828e-05,5.57047278562095e-05
1279,lung_epithelium,lung_epithelium,1,1.0,0.0,0.0,0.0,0.0,0.0,0.0,0.0,0.0,0.9995203018188477,7.31645486666821e-05,0.00019304105080664158,2.13414150493918e-05,2.911728006438352e-05,2.6500641979509965e-05,3.318499511806294e-05,3.0115428671706468e-05,7.32409898773767e-05
2029,lung_epithelium,lung_epithelium,1,1.0,0.0,0.0,0.0,0.0,0.0,0.0,0.0,0.0,0.9994058609008789,8.865768904797733e-05,0.00030593076371587813,2.7195450456929393e-05,2.7384579880163074e-05,2.876433609344531e-05,3.914434273610823e-05,3.711307726916857e-05,4.007163443020545e-05
430,liver,liver,1,0.0,1.0,0.0,0.0,0.0,0.0,0.0,0.0,0.0,0.025824639946222305,0.9723219275474548,0.0006659772479906678,0.0009564653737470508,3.342958734720014e-05,3.08500457322225e-05,5.224613778409548e-05,6.330555333988741e-05,5.1246213843114674e-05
2753,lung_epithelium,lung_epithelium,1,1.0,0.0,0.0,0.0,0.0,0.0,0.0,0.0,0.0,0.999404788017273,5.492394484463148e-05,0.0003659923968371004,1.930781036207918e-05,3.008832391060423e-05,2.2672667910228483e-05,2.9908260330557823e-05,3.1896379368845373e-05,4.03427256969735e-05
1462,lung_epithelium,lung_epithelium,1,1.0,0.0,0.0,0.0,0.0,0.0,0.0,0.0,0.0,0.9997391104698181,4.580946551868692e-05,4.891488060820848e-05,1.4651348465122283e-05,2.244817187602166e-05,1.2532978871604428e-05,1.9164479454047978e-05,2.0279845557524823e-05,7.708464545430616e-05
886,liver,liver,1,0.0,0.5,0.0,0.5,0.0,0.0,0.0,0.0,0.0,0.0018376389052718878,0.5520148873329163,0.0005012818146497011,0.44391530752182007,0.0011987031903117895,9.71892150118947e-05,0.00011528909089975059,0.00011316857853671536,0.000206569631700404
2630,lung_epithelium,lung_epithelium,1,1.0,0.0,0.0,0.0,0.0,0.0,0.0,0.0,0.0,0.9993945360183716,5.195352423470467e-05,0.00035607226891443133,3.8978767406661063e-05,2.9444890969898552e-05,1.915973552968353e-05,2.6649004212231375e-05,3.2599735277472064e-05,5.0655587983783334e-05
857,liver,liver,1,0.0,0.5,0.0,0.5,0.0,0.0,0.0,0.0,0.0,0.001757063320837915,0.5827441215515137,0.0006269344594329596,0.41283199191093445,0.0015119996387511492,0.0001045242534019053,0.00011380625073798001,0.00011652574903564528,0.00019297325343359262
785,muscle,muscle,1,0.0,0.0,1.0,0.0,0.0,0.0,0.0,0.0,0.0,7.062565418891609e-05,9.841721475822851e-05,0.9996640682220459,1.5079604054335505e-05,5.160656291991472e-05,1.9361117665539496e-05,1.7726344594848342e-05,2.432753717585001e-05,3.8722104363841936e-05
2121,lung_epithelium,lung_epithelium,1,1.0,0.0,0.0,0.0,0.0,0.0,0.0,0.0,0.0,0.9996010661125183,0.00013125553959980607,0.00010778823343571275,3.218458004994318e-05,1.2043243259540759e-05,1.1764373994083144e-05,1.8881728465203196e-05,1.967355092347134e-05,6.543924246216193e-05
1543,lung_epithelium,lung_epithelium,1,1.0,0.0,0.0,0.0,0.0,0.0,0.0,0.0,0.0,0.9997135996818542,5.8526042266748846e-05,0.00010026361997006461,2.2008616724633612e-05,1.670362144068349e-05,1.0806753380165901e-05,1.8031165382126346e-05,1.8854811060009524e-05,4.1067971324082464e-05
1232,lung_epithelium,lung_epithelium,1,1.0,0.0,0.0,0.0,0.0,0.0,0.0,0.0,0.0,0.9997121691703796,4.6650726289954036e-05,0.0001262414880329743,2.341543950024061e-05,2.083852086798288e-05,1.0776810086099431e-05,1.9581226297304966e-05,1.9669583707582206e-05,2.064622640318703e-05
1249,lung_epithelium,lung_epithelium,1,1.0,0.0,0.0,0.0,0.0,0.0,0.0,0.0,0.0,0.9995926022529602,0.0001291991793550551,0.0001423126523150131,1.7233654943993315e-05,3.339965041959658e-05,1.7204918549396098e-05,2.0378221961436793e-05,1.9936216631322168e-05,2.773235974018462e-05
1537,lung_epithelium,lung_epithelium,1,1.0,0.0,0.0,0.0,0.0,0.0,0.0,0.0,0.0,0.9997019171714783,5.770335337729193e-05,4.7254463424906135e-05,2.0222772945999168e-05,1.7683656551525928e-05,1.2880442227469757e-05,2.2123764210846275e-05,2.0734314603032544e-05,9.954321285476908e-05
2948,ear,ear,1,0.0,0.0,0.0,0.0,0.0,0.0,0.0,0.0,1.0,0.012361844070255756,0.0007149427547119558,5.406463606050238e-05,0.00011055048526031896,7.27220976841636e-05,0.00016347295604646206,0.00016124917601700872,0.000215936015592888,0.9861451387405396
760,muscle,muscle,1,0.0,0.0,1.0,0.0,0.0,0.0,0.0,0.0,0.0,0.00018509170331526548,0.00016029400285333395,0.9994933605194092,1.612609594303649e-05,3.797786121140234e-05,2.5312463549198583e-05,2.2556805561180227e-05,3.373053186805919e-05,2.5634837584220804e-05
2095,lung_epithelium,lung_epithelium,1,1.0,0.0,0.0,0.0,0.0,0.0,0.0,0.0,0.0,0.9995858073234558,0.00019233793136663735,1.5571105905110016e-05,3.704517803271301e-05,4.42150303570088e-05,1.7276932339882478e-05,2.5311741410405375e-05,2.0793684598174877e-05,6.176460010465235e-05
425,liver,liver,1,0.0,1.0,0.0,0.0,0.0,0.0,0.0,0.0,0.0,0.009175642393529415,0.9903382658958435,4.961771264788695e-05,0.000250452954787761,3.17599369736854e-05,3.257303615100682e-05,4.31649386882782e-05,5.230065289651975e-05,2.6199941203230992e-05
620,muscle,muscle,1,0.0,0.0,1.0,0.0,0.0,0.0,0.0,0.0,0.0,0.000177035661181435,0.000260761909885332,0.9993754029273987,1.9661420083139092e-05,5.803848762298003e-05,1.8635681044543162e-05,1.8680198991205543e-05,2.6474166588741355e-05,4.531263402896002e-05
2072,lung_epithelium,lung_epithelium,1,1.0,0.0,0.0,0.0,0.0,0.0,0.0,0.0,0.0,0.9995160102844238,7.131374150048941e-05,0.0002137722767656669,2.1243104129098356e-05,2.8647455110331066e-05,2.4342522010556422e-05,3.1244970159605145e-05,2.8774282327503897e-05,6.46455810056068e-05
3138,muscle,muscle,1,0.0,0.0,1.0,0.0,0.0,0.0,0.0,0.0,0.0,0.00038771668914705515,0.0005961965071037412,0.9984437823295593,3.991316771134734e-05,8.814386819722131e-05,2.0926778233842924e-05,2.1091655071359128e-05,2.354618663957808e-05,0.0003787057939916849
388,liver,liver,1,0.0,1.0,0.0,0.0,0.0,0.0,0.0,0.0,0.0,0.18732689321041107,0.7787988781929016,0.03221410512924194,0.0009321098914369941,0.00021834475046489388,8.55796824907884e-05,0.00014202720194589347,0.0001766665664035827,0.00010528919665375724
2989,liver,liver,1,0.0,1.0,0.0,0.0,0.0,0.0,0.0,0.0,0.0,0.02708880789577961,0.9629495739936829,0.0002675545692909509,0.001264807884581387,3.486161949695088e-05,0.00021558113803621382,0.00020863737154286355,0.0001976846542675048,0.007772557437419891
2819,lung_epithelium,lung_epithelium,1,1.0,0.0,0.0,0.0,0.0,0.0,0.0,0.0,0.0,0.9995662569999695,0.00020875684276688844,2.8525148081826046e-05,4.622725100489333e-05,9.080268500838429e-05,1.2458410310500767e-05,1.896961657621432e-05,1.731899283186067e-05,1.0623954949551262e-05
449,liver,liver,1,0.0,1.0,0.0,0.0,0.0,0.0,0.0,0.0,0.0,0.027584491297602654,0.9711315631866455,0.0005290420958772302,0.0005263866623863578,3.7902278563706204e-05,2.728730942180846e-05,4.389174864627421e-05,5.8884914324153215e-05,6.0479698731796816e-05
1290,lung_epithelium,lung_epithelium,1,1.0,0.0,0.0,0.0,0.0,0.0,0.0,0.0,0.0,0.9995738863945007,2.94985238724621e-05,0.0002103797160089016,1.2376427548588254e-05,4.523091411101632e-05,2.261100416944828e-05,2.6425263058627024e-05,2.914395918196533e-05,5.0438095058780164e-05
2950,ear,ear,1,0.0,0.0,0.0,0.0,0.0,0.0,0.0,0.0,1.0,0.012822819873690605,0.0015247223200276494,5.27244592376519e-05,0.00012298864021431655,7.681085116928443e-05,0.0002024055429501459,0.00020294036949053407,0.00023960474936757237,0.9847550392150879
2986,liver,liver,1,0.0,1.0,0.0,0.0,0.0,0.0,0.0,0.0,0.0,0.048667728900909424,0.9441333413124084,0.006340533494949341,0.00018956686835736036,6.493544788099825e-05,6.198044866323471e-05,6.937629950698465e-05,7.649834878975525e-05,0.00039595962152816355
3225,bone_marrow,bone_marrow,1,0.0,0.0,0.0,0.0,1.0,0.0,0.0,0.0,0.0,0.00047249236376956105,0.06384170055389404,9.716401109471917e-05,0.009548514150083065,0.9239494204521179,0.0001092509992304258,0.00014098719111643732,0.00010809006926137954,0.0017323802458122373
2316,lung_epithelium,lung_epithelium,1,1.0,0.0,0.0,0.0,0.0,0.0,0.0,0.0,0.0,0.9995282888412476,0.00010998543439200148,4.9217389459954575e-05,2.5172976165777072e-05,2.0733714336529374e-05,1.3599955309473444e-05,1.9401088138693012e-05,2.1743819161201827e-05,0.00021189777180552483
2691,lung_epithelium,lung_epithelium,1,1.0,0.0,0.0,0.0,0.0,0.0,0.0,0.0,0.0,0.9996681213378906,9.170862176688388e-05,7.609650492668152e-05,3.557260788511485e-05,2.7292628146824427e-05,8.451176654489245e-06,1.3013302122999448e-05,1.6097919797175564e-05,6.368484173435718e-05
1376,lung_epithelium,lung_epithelium,1,1.0,0.0,0.0,0.0,0.0,0.0,0.0,0.0,0.0,0.9994182586669922,3.7712878111051396e-05,0.0003539116296451539,2.937871977337636e-05,2.980456338264048e-05,2.3464946934836917e-05,3.1613471946911886e-05,3.711137833306566e-05,3.871114313369617e-05
2245,lung_epithelium,lung_epithelium,1,1.0,0.0,0.0,0.0,0.0,0.0,0.0,0.0,0.0,0.9995631575584412,0.00016164584667421877,2.6142888600588776e-05,0.00013787089847028255,2.4458115149172954e-05,1.3292194125824608e-05,2.2976164473220706e-05,2.4276090698549524e-05,2.6202042135992087e-05
1838,lung_epithelium,lung_epithelium,1,1.0,0.0,0.0,0.0,0.0,0.0,0.0,0.0,0.0,0.9997099041938782,9.025486360769719e-05,2.653779120009858e-05,5.750631680712104e-05,2.9704538974328898e-05,1.42855951708043e-05,2.184220102208201e-05,2.363349631195888e-05,2.6319876269553788e-05
228,liver,liver,1,0.0,1.0,0.0,0.0,0.0,0.0,0.0,0.0,0.0,0.06618485599756241,0.9324641823768616,0.0001204033542308025,0.000689700071234256,2.1065679902676493e-05,8.274309948319569e-05,0.00013346706691663712,0.00015546989743597806,0.00014824504614807665
1351,lung_epithelium,lung_epithelium,1,1.0,0.0,0.0,0.0,0.0,0.0,0.0,0.0,0.0,0.9996960163116455,3.899777220794931e-05,0.00011502885172376409,1.3071827197563834e-05,2.6860991056310013e-05,1.1817196536867414e-05,1.7332922652713023e-05,2.0979237888241187e-05,5.990752106299624e-05
934,liver,liver,1,0.0,0.5,0.0,0.5,0.0,0.0,0.0,0.0,0.0,0.0006780297262594104,0.555958092212677,0.0010080122156068683,0.4408043324947357,0.0009559221798554063,0.00012635765597224236,0.00016937863256316632,0.0001468520931666717,0.00015298773359972984
1862,lung_epithelium,lung_epithelium,1,1.0,0.0,0.0,0.0,0.0,0.0,0.0,0.0,0.0,0.9996069073677063,0.00018154045392293483,1.7766236851457506e-05,3.765217843465507e-05,6.765128637198359e-05,1.3343095815798733e-05,1.9249602701165713e-05,1.595201320014894e-05,3.9910912164486945e-05
342,liver,liver,1,0.0,1.0,0.0,0.0,0.0,0.0,0.0,0.0,0.0,0.15609301626682281,0.8425469994544983,0.0008636516868136823,0.00016425875946879387,5.7988967455457896e-05,4.777021604240872e-05,7.926984108053148e-05,0.00010127334098797292,4.570066084852442e-05
1331,lung_epithelium,lung_epithelium,1,1.0,0.0,0.0,0.0,0.0,0.0,0.0,0.0,0.0,0.9993731379508972,3.663143070298247e-05,0.0003694213810376823,3.1589679565513507e-05,2.466248770360835e-05,2.5410634407307953e-05,3.581939745345153e-05,4.277451807865873e-05,6.0525908338604495e-05
553,muscle,muscle,1,0.0,0.0,1.0,0.0,0.0,0.0,0.0,0.0,0.0,5.606444028671831e-05,0.00014639229630120099,0.9996246099472046,1.81681098183617e-05,4.908567279926501e-05,1.9518640328897163e-05,1.755258381308522e-05,2.2579484721063636e-05,4.611656186170876e-05
1578,lung_epithelium,lung_epithelium,1,1.0,0.0,0.0,0.0,0.0,0.0,0.0,0.0,0.0,0.9996094107627869,6.957424920983613e-05,0.00014438052312470973,1.8693128367885947e-05,3.021180964424275e-05,2.171590858779382e-05,2.9583752620965242e-05,2.489353937562555e-05,5.1418785005807877e-05
923,liver,liver,1,0.0,0.5,0.0,0.5,0.0,0.0,0.0,0.0,0.0,0.00037929462268948555,0.5339964628219604,0.0008665737113915384,0.4623289704322815,0.0016911821439862251,0.000149575003888458,0.0001876051683211699,0.00015855928359087557,0.00024178360763471574
1427,lung_epithelium,lung_epithelium,1,1.0,0.0,0.0,0.0,0.0,0.0,0.0,0.0,0.0,0.9996278285980225,6.057211066945456e-05,0.00017577809921931475,2.39546898228582e-05,1.4612935956392903e-05,1.3096565453452058e-05,2.315828351129312e-05,2.3836506443331018e-05,3.7150573916733265e-05
1681,lung_epithelium,lung_epithelium,1,1.0,0.0,0.0,0.0,0.0,0.0,0.0,0.0,0.0,0.9997182488441467,9.577051241649315e-05,4.6734687202842906e-05,1.786910434020683e-05,1.8935428670374677e-05,1.1943106983380858e-05,2.2254562281887047e-05,1.728309507598169e-05,5.0855869631050155e-05
838,liver,liver,1,0.0,0.5,0.0,0.5,0.0,0.0,0.0,0.0,0.0,0.0007939477218315005,0.636573851108551,0.0014425537083297968,0.359619140625,0.0010424875654280186,0.0001351998362224549,0.00017242047761101276,0.00014358031330630183,7.673670188523829e-05
1098,muscle,muscle,1,0.0,0.0,1.0,0.0,0.0,0.0,0.0,0.0,0.0,0.0002526653406675905,0.00013359705917537212,0.9977249503135681,2.8150336220278405e-05,0.0013499351916834712,5.743889414588921e-05,4.903459921479225e-05,6.0384030803106725e-05,0.00034377985866740346
1486,lung_epithelium,lung_epithelium,1,1.0,0.0,0.0,0.0,0.0,0.0,0.0,0.0,0.0,0.9996589422225952,6.830174243077636e-05,4.436572271515615e-05,2.609079092508182e-05,1.6113146557472646e-05,1.3938039046479389e-05,2.2683514544041827e-05,2.222157854703255e-05,0.00012725240958388895
1061,muscle,muscle,1,0.0,0.0,1.0,0.0,0.0,0.0,0.0,0.0,0.0,0.0003168022376485169,0.0010282933944836259,0.9984638690948486,5.569321001530625e-05,4.897918552160263e-05,1.7843634850578383e-05,2.0578012481564656e-05,2.1456477043102495e-05,2.6510602765483782e-05
2396,lung_epithelium,lung_epithelium,1,1.0,0.0,0.0,0.0,0.0,0.0,0.0,0.0,0.0,0.9994268417358398,7.626810111105442e-05,0.0002240400353912264,6.068469519959763e-05,6.429883069358766e-05,1.371595044474816e-05,2.332349686184898e-05,3.108790042460896e-05,7.976259803399444e-05
867,liver,liver,1,0.0,0.5,0.0,0.5,0.0,0.0,0.0,0.0,0.0,0.0021565500646829605,0.5289051532745361,0.0009232827578671277,0.4667455852031708,0.0007362291216850281,0.00011411283048801124,0.00013438393943943083,0.00013344004401005805,0.00015123406774364412
1753,lung_epithelium,lung_epithelium,1,1.0,0.0,0.0,0.0,0.0,0.0,0.0,0.0,0.0,0.9997517466545105,4.740925942314789e-05,8.735662413528189e-05,1.7345497326459736e-05,2.1893771190661937e-05,1.0184714483330026e-05,1.814157258195337e-05,1.773710027919151e-05,2.817662971210666e-05
2024,lung_epithelium,lung_epithelium,1,1.0,0.0,0.0,0.0,0.0,0.0,0.0,0.0,0.0,0.9996441602706909,4.766104757436551e-05,0.0001259598066098988,1.4841867596260272e-05,3.979495886596851e-05,2.1568897864199243e-05,2.7928474082727917e-05,2.307856448169332e-05,5.5016065743984655e-05
1085,muscle,muscle,1,0.0,0.0,1.0,0.0,0.0,0.0,0.0,0.0,0.0,0.000625129381660372,0.0004348456859588623,0.9986782670021057,3.4376840631011873e-05,0.00014034211926627904,1.3536820915760472e-05,1.4825237485638354e-05,1.7084994397009723e-05,4.146551145822741e-05
1566,lung_epithelium,lung_epithelium,1,1.0,0.0,0.0,0.0,0.0,0.0,0.0,0.0,0.0,0.9997386336326599,6.078160004108213e-05,8.592400990892202e-05,1.8655207895790227e-05,1.7387104890076444e-05,1.0219976502412464e-05,1.9435454305494204e-05,1.757738573360257e-05,3.139007822028361e-05
1172,lung_epithelium,lung_epithelium,1,1.0,0.0,0.0,0.0,0.0,0.0,0.0,0.0,0.0,0.9983910322189331,0.00010271413339069113,0.001278087729588151,4.575698767439462e-05,3.476108031463809e-05,2.890657924581319e-05,3.8827267417218536e-05,4.800603710464202e-05,3.191627183696255e-05
2120,lung_epithelium,lung_epithelium,1,1.0,0.0,0.0,0.0,0.0,0.0,0.0,0.0,0.0,0.9994049072265625,6.989850226091221e-05,0.0003299831005278975,2.929355832748115e-05,2.2684022042085417e-05,2.32912916544592e-05,2.998892159666866e-05,3.20588042086456e-05,5.806644185213372e-05
2594,lung_epithelium,lung_epithelium,1,1.0,0.0,0.0,0.0,0.0,0.0,0.0,0.0,0.0,0.9217873811721802,0.04672158509492874,0.00013621833932120353,0.030659619718790054,0.00016670920012984425,6.808016769355163e-05,0.00010319826833438128,0.00010880768240895122,0.0002483801217749715
2053,lung_epithelium,lung_epithelium,1,1.0,0.0,0.0,0.0,0.0,0.0,0.0,0.0,0.0,0.9992832541465759,7.530040602432564e-05,0.00045789778232574463,2.695763760129921e-05,3.118049062322825e-05,2.5115277821896598e-05,3.4384054742986336e-05,3.447095878073014e-05,3.1302613933803514e-05
3185,bone_marrow,bone_marrow,1,0.0,0.0,0.0,0.0,1.0,0.0,0.0,0.0,0.0,0.00014338578330352902,0.004205591510981321,0.0001051418439601548,0.000877915124874562,0.9921184778213501,6.0160218708915636e-05,5.8522429753793404e-05,5.1530591008486226e-05,0.0023792420979589224
1030,muscle,muscle,1,0.0,0.0,1.0,0.0,0.0,0.0,0.0,0.0,0.0,3.72206668544095e-05,0.00038477955968119204,0.999363362789154,7.614298374392092e-05,3.587610262911767e-05,2.5935640223906375e-05,2.7846914235851727e-05,2.8741063943016343e-05,2.0077128283446655e-05
484,liver,lung_epithelium,0,0.0,1.0,0.0,0.0,0.0,0.0,0.0,0.0,0.0,0.5741593241691589,0.4246480464935303,0.00046633571037091315,0.00029438879573717713,0.00012501730816438794,4.59304174000863e-05,8.331292337970808e-05,0.00010583210678305477,7.171045581344515e-05
1414,lung_epithelium,lung_epithelium,1,1.0,0.0,0.0,0.0,0.0,0.0,0.0,0.0,0.0,0.9996864795684814,5.8723260735860094e-05,5.427513679023832e-05,2.052656600426417e-05,1.5047689885250293e-05,1.4513278983940836e-05,2.7399635655456223e-05,2.43447684624698e-05,9.87677849479951e-05
887,liver,liver,1,0.0,0.5,0.0,0.5,0.0,0.0,0.0,0.0,0.0,0.0006870470242574811,0.6786258816719055,0.000742643722333014,0.3186136782169342,0.0006372814532369375,0.00013398416922427714,0.0001380504691042006,0.00014375719183590263,0.00027769446023739874
1067,muscle,muscle,1,0.0,0.0,1.0,0.0,0.0,0.0,0.0,0.0,0.0,0.00029041533707641065,0.000863543595187366,0.9986686706542969,4.778202492161654e-05,4.8936697567114606e-05,2.0298259187256917e-05,2.1001977074774913e-05,2.1841931811650284e-05,1.7595668396097608e-05
981,liver,liver,1,0.0,0.5,0.0,0.5,0.0,0.0,0.0,0.0,0.0,0.0033577033318579197,0.5418838858604431,0.00045910710468888283,0.4528736472129822,0.0008952111820690334,0.00011457652726676315,0.0001290231302846223,0.00013758009299635887,0.00014925024879630655
3032,liver,liver,1,0.0,1.0,0.0,0.0,0.0,0.0,0.0,0.0,0.0,0.0010849967366084456,0.9873738884925842,0.009801993146538734,0.0010208195308223367,2.1131989342393354e-05,9.597575262887403e-05,0.00010271694918628782,9.016973490361124e-05,0.00040830616489984095
2707,lung_epithelium,lung_epithelium,1,1.0,0.0,0.0,0.0,0.0,0.0,0.0,0.0,0.0,0.9993785619735718,5.270449400995858e-05,0.00023861549561843276,1.741623600537423e-05,4.212524800095707e-05,2.3042504835757427e-05,2.5085837478400208e-05,3.107780503341928e-05,0.0001913252635858953
346,liver,liver,1,0.0,1.0,0.0,0.0,0.0,0.0,0.0,0.0,0.0,0.05996585637331009,0.9387325644493103,0.0002121940051438287,0.0007787321228533983,2.765018871286884e-05,4.49309591203928e-05,7.586341962451115e-05,9.117946319747716e-05,7.089121208991855e-05
1553,lung_epithelium,lung_epithelium,1,1.0,0.0,0.0,0.0,0.0,0.0,0.0,0.0,0.0,0.9997132420539856,4.118648575968109e-05,4.9957183364313096e-05,2.5095338060054928e-05,1.8983011614182033e-05,1.3579879123426508e-05,2.368364221183583e-05,2.4145900169969536e-05,9.012597001856193e-05
1941,lung_epithelium,lung_epithelium,1,1.0,0.0,0.0,0.0,0.0,0.0,0.0,0.0,0.0,0.9991577863693237,0.00020021483942400664,0.0003861681034322828,2.7084226530860178e-05,2.55604008998489e-05,2.9374845325946808e-05,3.449221549089998e-05,3.641936928033829e-05,0.00010281840513926
1100,muscle,muscle,1,0.0,0.0,1.0,0.0,0.0,0.0,0.0,0.0,0.0,0.0031891735270619392,0.0005242031184025109,0.9959831237792969,4.846641604672186e-05,0.00015579475439153612,2.0159483028692193e-05,2.3757525923429057e-05,2.554360980866477e-05,2.9836690373485908e-05
1399,lung_epithelium,lung_epithelium,1,1.0,0.0,0.0,0.0,0.0,0.0,0.0,0.0,0.0,0.9997062087059021,6.673223833786324e-05,8.468041778542101e-05,2.250183024443686e-05,1.488526049797656e-05,1.1421569979574997e-05,1.9100571080343798e-05,1.983436413866002e-05,5.4634703701594844e-05
3278,bone_marrow,bone_marrow,1,0.0,0.0,0.0,0.0,1.0,0.0,0.0,0.0,0.0,0.0002692804264370352,0.05247532203793526,7.75474400143139e-05,0.002920091850683093,0.9394954442977905,0.00010223111166851595,0.0001122346002375707,9.293711627833545e-05,0.004454901907593012
433,liver,liver,1,0.0,1.0,0.0,0.0,0.0,0.0,0.0,0.0,0.0,0.01997661218047142,0.9795204401016235,7.670502236578614e-05,0.0002375428011873737,3.906319398083724e-05,2.9326565709197894e-05,3.9203325286507607e-05,5.157177656656131e-05,2.9612836442538537e-05
1080,muscle,muscle,1,0.0,0.0,1.0,0.0,0.0,0.0,0.0,0.0,0.0,0.0011757760075852275,0.00046713926712982357,0.9979556798934937,2.245060750283301e-05,0.00024354651395697147,2.0510871763690375e-05,2.2018934032530524e-05,2.4486853362759575e-05,6.829430640209466e-05
879,liver,liver,1,0.0,0.5,0.0,0.5,0.0,0.0,0.0,0.0,0.0,0.0027191564440727234,0.5386043190956116,0.00033503322629258037,0.45701318979263306,0.0008016968495212495,0.00011355546303093433,0.00013008847599849105,0.00012498012802097946,0.00015790638281032443
1210,lung_epithelium,lung_epithelium,1,1.0,0.0,0.0,0.0,0.0,0.0,0.0,0.0,0.0,0.9997774958610535,4.093654570169747e-05,3.447189737926237e-05,1.0214332178293262e-05,3.0013636205694638e-05,1.2844222510466352e-05,2.2634942069998942e-05,2.0422792658791877e-05,5.106017488287762e-05
517,liver,liver,1,0.0,1.0,0.0,0.0,0.0,0.0,0.0,0.0,0.0,0.17235127091407776,0.8262571692466736,0.00017008463328238577,0.0007067914120852947,3.862096127704717e-05,8.165794133674353e-05,0.00013703096192330122,0.00015933388203848153,9.806609887164086e-05
1746,lung_epithelium,lung_epithelium,1,1.0,0.0,0.0,0.0,0.0,0.0,0.0,0.0,0.0,0.9997085928916931,5.052761116530746e-05,6.310996104730293e-05,3.574380752979778e-05,3.969699901062995e-05,1.3790458979201503e-05,2.9018690838711336e-05,3.210692011634819e-05,2.739862429734785e-05
2046,lung_epithelium,lung_epithelium,1,1.0,0.0,0.0,0.0,0.0,0.0,0.0,0.0,0.0,0.9991146922111511,0.00011219225416425616,3.127806121483445e-05,4.130906017962843e-05,1.7398007912561297e-05,3.372595529071987e-05,5.717212115996517e-05,5.1439725211821496e-05,0.000540702196303755
1702,lung_epithelium,lung_epithelium,1,1.0,0.0,0.0,0.0,0.0,0.0,0.0,0.0,0.0,0.9996086955070496,7.468103285646066e-05,0.00019812570826616138,2.798760760924779e-05,1.5997657101252116e-05,1.0997860044881236e-05,2.095047602779232e-05,1.9107797925244085e-05,2.3568129108753055e-05
963,liver,liver,1,0.0,0.5,0.0,0.5,0.0,0.0,0.0,0.0,0.0,0.00043342774733901024,0.5565429329872131,0.0005290561821311712,0.44045865535736084,0.0013625241117551923,0.00014078257663641125,0.0001872428401838988,0.00015279720537364483,0.00019254758080933243
588,muscle,muscle,1,0.0,0.0,1.0,0.0,0.0,0.0,0.0,0.0,0.0,7.429320976370946e-05,0.00016765498730819672,0.9995997548103333,2.1139727323316038e-05,3.569155160221271e-05,2.0922334442730062e-05,1.976933162950445e-05,2.608297836559359e-05,3.466506677796133e-05
1845,lung_epithelium,lung_epithelium,1,1.0,0.0,0.0,0.0,0.0,0.0,0.0,0.0,0.0,0.9997264742851257,0.00010453956929268315,4.8747686378192157e-05,2.0276183931855485e-05,2.2990876459516585e-05,1.0000099791795947e-05,1.8994889614987187e-05,1.5068656466610264e-05,3.294654379715212e-05
942,liver,liver,1,0.0,0.5,0.0,0.5,0.0,0.0,0.0,0.0,0.0,0.0003917832509614527,0.6208457946777344,0.0010487569961696863,0.3763936161994934,0.0006162843201309443,0.00017244053015019745,0.0002271294069942087,0.0001806990767363459,0.00012342895206529647
3126,muscle,muscle,1,0.0,0.0,1.0,0.0,0.0,0.0,0.0,0.0,0.0,0.00013749522622674704,0.0020848552230745554,0.9974395036697388,7.696016109548509e-05,1.3760417459707242e-05,4.313481258577667e-05,4.083349267602898e-05,4.406513107824139e-05,0.00011937058297917247
1518,lung_epithelium,lung_epithelium,1,1.0,0.0,0.0,0.0,0.0,0.0,0.0,0.0,0.0,0.999487042427063,3.0063549274927936e-05,0.0002952645590994507,2.3577758838655427e-05,3.4508120734244585e-05,1.968388278328348e-05,2.533350925659761e-05,2.9850565624656156e-05,5.4569041822105646e-05
3246,bone_marrow,bone_marrow,1,0.0,0.0,0.0,0.0,1.0,0.0,0.0,0.0,0.0,0.001305219018831849,0.0003816107928287238,0.00019089139823336154,6.834496889496222e-05,0.9783431887626648,0.00016973148740362376,0.00012895594409201294,0.00017296941950917244,0.019239211454987526
1771,lung_epithelium,lung_epithelium,1,1.0,0.0,0.0,0.0,0.0,0.0,0.0,0.0,0.0,0.999722421169281,0.00010105087858391926,5.903494457015768e-05,2.0508949091890827e-05,2.190162740589585e-05,1.01253990578698e-05,2.065423541353084e-05,1.620525108592119e-05,2.8058191674062982e-05
2297,lung_epithelium,lung_epithelium,1,1.0,0.0,0.0,0.0,0.0,0.0,0.0,0.0,0.0,0.9952932000160217,0.0004598472733050585,0.003558648517355323,0.00036496901884675026,8.965650340542197e-05,2.1197662135818973e-05,3.633567030192353e-05,5.124385643284768e-05,0.00012485653860494494
1912,lung_epithelium,lung_epithelium,1,1.0,0.0,0.0,0.0,0.0,0.0,0.0,0.0,0.0,0.9991965889930725,7.589548476971686e-05,0.0005373997264541686,3.212228693882935e-05,2.57806277659256e-05,2.3630103896721266e-05,3.129775359411724e-05,3.4923457860713825e-05,4.2482213757466525e-05
2124,lung_epithelium,lung_epithelium,1,1.0,0.0,0.0,0.0,0.0,0.0,0.0,0.0,0.0,0.9994382262229919,9.677246998762712e-05,0.0002644291671458632,2.5253179046558216e-05,2.5861165340756997e-05,2.501404014765285e-05,3.207406552974135e-05,3.012915658473503e-05,6.223681702977046e-05
175,liver,liver,1,0.0,1.0,0.0,0.0,0.0,0.0,0.0,0.0,0.0,0.06786301732063293,0.9308997988700867,0.0002499963156878948,0.0007338363793678582,4.7535777412122115e-05,3.438978819758631e-05,5.9509889979381114e-05,6.884858885314316e-05,4.3027270294260234e-05
2783,lung_epithelium,lung_epithelium,1,1.0,0.0,0.0,0.0,0.0,0.0,0.0,0.0,0.0,0.9994856119155884,7.692324288655072e-05,0.00020705259521491826,2.0448302166187204e-05,2.884764580812771e-05,2.7148047593072988e-05,3.402076617931016e-05,3.2688571081962436e-05,8.738260657992214e-05
1894,lung_epithelium,lung_epithelium,1,1.0,0.0,0.0,0.0,0.0,0.0,0.0,0.0,0.0,0.9995191097259521,3.997303792857565e-05,0.00018383459246251732,1.891987085400615e-05,2.7952690288657323e-05,2.511581806174945e-05,3.195205863448791e-05,3.0751478334423155e-05,0.0001223241415573284
1466,lung_epithelium,lung_epithelium,1,1.0,0.0,0.0,0.0,0.0,0.0,0.0,0.0,0.0,0.9997325539588928,4.2559393477858976e-05,4.3259009544271976e-05,1.4696089237986598e-05,2.3769856852595694e-05,1.3575688171840739e-05,2.1319599909475073e-05,2.2559319404535927e-05,8.565660391468555e-05
2289,lung_epithelium,lung_epithelium,1,1.0,0.0,0.0,0.0,0.0,0.0,0.0,0.0,0.0,0.9996311664581299,0.000133647583425045,2.4879747797967866e-05,8.711780537851155e-05,2.2422642359742895e-05,1.4626814845541958e-05,2.4414963263552636e-05,2.5848055884125642e-05,3.592770008253865e-05
2967,liver,liver,1,0.0,1.0,0.0,0.0,0.0,0.0,0.0,0.0,0.0,0.0005099080153740942,0.9928435683250427,0.005064134020358324,0.00041263471939601004,1.3134831533534452e-05,0.00013445629156194627,0.00015085555787663907,0.00012729616719298065,0.0007440296467393637
117,lung_epithelium,lung_epithelium,1,0.5,0.0,0.5,0.0,0.0,0.0,0.0,0.0,0.0,0.9800007939338684,0.0006684435647912323,0.01881360076367855,6.955450953682885e-05,9.124311327468604e-05,7.327445200644433e-05,0.00010054340964416042,0.0001549663138575852,2.7547763238544576e-05
676,muscle,muscle,1,0.0,0.0,1.0,0.0,0.0,0.0,0.0,0.0,0.0,0.0001741485029924661,0.00020645058248192072,0.9994425177574158,2.5057934180949815e-05,3.933574043912813e-05,2.1634028598782606e-05,2.374060386500787e-05,3.1461928301723674e-05,3.5686545743374154e-05
1784,lung_epithelium,lung_epithelium,1,1.0,0.0,0.0,0.0,0.0,0.0,0.0,0.0,0.0,0.9992293119430542,0.0003234444302506745,0.00017455291526857764,2.712426612561103e-05,7.504249515477568e-05,2.499614674889017e-05,5.9952468291157857e-05,5.544442683458328e-05,3.010372893186286e-05
1432,lung_epithelium,lung_epithelium,1,1.0,0.0,0.0,0.0,0.0,0.0,0.0,0.0,0.0,0.999152660369873,6.204505916684866e-05,0.0005935662775300443,2.840668093995191e-05,2.9498833100660704e-05,2.7060772481490858e-05,3.806667882599868e-05,4.0268671000376344e-05,2.829706500051543e-05
1093,muscle,muscle,1,0.0,0.0,1.0,0.0,0.0,0.0,0.0,0.0,0.0,0.00016027496894821525,0.0003494809498079121,0.9993041753768921,3.145061418763362e-05,6.44045285298489e-05,1.5595456716255285e-05,1.6771964510553516e-05,1.8302553144167177e-05,3.957859371439554e-05
2242,lung_epithelium,lung_epithelium,1,1.0,0.0,0.0,0.0,0.0,0.0,0.0,0.0,0.0,0.9994764924049377,3.777555320993997e-05,0.0002576379629317671,2.3321543267229572e-05,2.6402336516184732e-05,2.5267419914598577e-05,3.202064544893801e-05,3.359160473337397e-05,8.740022167330608e-05
482,liver,liver,1,0.0,1.0,0.0,0.0,0.0,0.0,0.0,0.0,0.0,0.008328165858983994,0.9911762475967407,6.526648212457076e-05,0.00025715920492075384,3.26867047988344e-05,2.7839381800731644e-05,3.7364541640272364e-05,4.6403776650549844e-05,2.8882084734505042e-05
985,liver,liver,1,0.0,0.5,0.0,0.5,0.0,0.0,0.0,0.0,0.0,0.0011121146380901337,0.680436372756958,0.0003881872398778796,0.31581610441207886,0.0010733628878369927,0.00012230788706801832,0.0001160254905698821,0.0001102512251236476,0.0008252626284956932
964,liver,liver,1,0.0,0.5,0.0,0.5,0.0,0.0,0.0,0.0,0.0,0.00021903536980971694,0.5575889348983765,0.001449867500923574,0.432997465133667,0.004592450335621834,0.00035361494519747794,0.00043692695908248425,0.00024105094780679792,0.00212066899985075
2795,lung_epithelium,lung_epithelium,1,1.0,0.0,0.0,0.0,0.0,0.0,0.0,0.0,0.0,0.9984985589981079,0.0007859373581595719,1.9868526578648016e-05,0.0005130573990754783,7.887910032877699e-05,1.17251593110268e-05,1.8831120542017743e-05,2.033874625340104e-05,5.2713305194629356e-05
144,lung_epithelium,lung_epithelium,1,1.0,0.0,0.0,0.0,0.0,0.0,0.0,0.0,0.0,0.9891393780708313,0.00042850931640714407,0.010024133138358593,6.1121849284973e-05,6.312729965429753e-05,5.418712680693716e-05,7.66584271332249e-05,0.00011865438136737794,3.43277097272221e-05
79,liver,liver,1,0.0,1.0,0.0,0.0,0.0,0.0,0.0,0.0,0.0,0.005871172528713942,0.9405211806297302,3.7572026485577226e-05,0.05264895781874657,0.0004283290181774646,0.00011120922135887668,0.00020041997777298093,0.00014278960588853806,3.841796569759026e-05
18,liver,liver,1,0.0,1.0,0.0,0.0,0.0,0.0,0.0,0.0,0.0,0.003269449807703495,0.9519965648651123,7.015860319370404e-05,0.044010911136865616,0.00031823161407373846,7.136321073630825e-05,0.00012145058281021193,8.029782475205138e-05,6.152826244942844e-05
2704,lung_epithelium,lung_epithelium,1,1.0,0.0,0.0,0.0,0.0,0.0,0.0,0.0,0.0,0.9992401599884033,0.00033297837944701314,1.4344834198709577e-05,0.00012708219583146274,0.0001435974845662713,1.100409463106189e-05,1.3868568203179166e-05,1.8578453818918206e-05,9.844934538705274e-05
925,liver,liver,1,0.0,0.5,0.0,0.5,0.0,0.0,0.0,0.0,0.0,0.0006758534000255167,0.5180031061172485,0.0008440408273600042,0.47672808170318604,0.0030759174842387438,0.00012178222823422402,0.00017111236229538918,0.00013899942860007286,0.00024107203353196383
2448,lung_epithelium,lung_epithelium,1,1.0,0.0,0.0,0.0,0.0,0.0,0.0,0.0,0.0,0.9957284331321716,0.0005389850120991468,0.0031559737399220467,0.0003056489222217351,6.791092891944572e-05,2.026406946242787e-05,3.8599540857831016e-05,4.8823992983670905e-05,9.532773401588202e-05
987,liver,spleen,0,0.0,0.5,0.0,0.5,0.0,0.0,0.0,0.0,0.0,0.00044203136349096894,0.4364791214466095,0.01284891925752163,0.5031808018684387,0.03536330536007881,0.0015251500299200416,0.002109372988343239,0.0010482983198016882,0.007003023289144039
360,liver,liver,1,0.0,1.0,0.0,0.0,0.0,0.0,0.0,0.0,0.0,0.05209873616695404,0.944789469242096,0.0009283215622417629,0.0018815945368260145,4.308051575208083e-05,4.252881990396418e-05,7.431679841829464e-05,8.808924758341163e-05,5.383971074479632e-05
147,lung_epithelium,lung_epithelium,1,1.0,0.0,0.0,0.0,0.0,0.0,0.0,0.0,0.0,0.9773877263069153,0.0010335786500945687,0.021021366119384766,0.0001039096896420233,9.919520380208269e-05,7.329586514970288e-05,0.00010675036901375279,0.0001535495393909514,2.0665391275542788e-05
734,muscle,muscle,1,0.0,0.0,1.0,0.0,0.0,0.0,0.0,0.0,0.0,5.1360471843509004e-05,9.067741484614089e-05,0.9996954202651978,1.4231730347091798e-05,4.291369259590283e-05,2.0947478333255276e-05,1.8792030459735543e-05,2.575227881607134e-05,3.9886894228402525e-05
318,liver,liver,1,0.0,1.0,0.0,0.0,0.0,0.0,0.0,0.0,0.0,0.21070730686187744,0.7873103022575378,0.0014100256375968456,0.00019823295588139445,7.670658669667318e-05,5.0990904128411785e-05,8.911776239983737e-05,0.00010975405893987045,4.75619817734696e-05
765,muscle,muscle,1,0.0,0.0,1.0,0.0,0.0,0.0,0.0,0.0,0.0,9.337814844911918e-05,9.373700595460832e-05,0.9996311664581299,1.423647699994035e-05,6.121552723925561e-05,1.8281061784364283e-05,1.7942988051800057e-05,2.5781733711482957e-05,4.4213662476977333e-05
2933,liver,liver,1,0.0,0.20000000298023224,0.0,0.20000000298023224,0.0,0.20000000298023224,0.20000000298023224,0.20000000298023224,0.0,0.002185576129704714,0.46925705671310425,0.03269956633448601,0.0924258679151535,0.00014389010902959853,0.13666512072086334,0.13174234330654144,0.13255678117275238,0.0023238505236804485
2764,lung_epithelium,lung_epithelium,1,1.0,0.0,0.0,0.0,0.0,0.0,0.0,0.0,0.0,0.9994712471961975,5.7659068261273205e-05,0.00020927638979628682,2.502553070371505e-05,2.063701867882628e-05,2.7027894248021767e-05,3.64268671546597e-05,3.7653961044270545e-05,0.00011510513286339119
1917,lung_epithelium,lung_epithelium,1,1.0,0.0,0.0,0.0,0.0,0.0,0.0,0.0,0.0,0.9993801116943359,0.00010719236161094159,0.0002844325208570808,8.055156649788842e-05,3.414383900235407e-05,1.4810211723670363e-05,3.1974472221918404e-05,3.532898335834034e-05,3.134430880891159e-05
1246,lung_epithelium,lung_epithelium,1,1.0,0.0,0.0,0.0,0.0,0.0,0.0,0.0,0.0,0.9997223019599915,0.00010705781460274011,5.5026561312843114e-05,9.679835784481838e-06,4.374586933408864e-05,1.0405696230009198e-05,1.3388627849053591e-05,1.3219415450294036e-05,2.510674312361516e-05
3084,muscle,muscle,1,0.0,0.0,1.0,0.0,0.0,0.0,0.0,0.0,0.0,0.00012014476669719443,0.00048635550774633884,0.9991747736930847,4.1260595025960356e-05,2.3104252250050195e-05,2.3605982278240845e-05,2.3740154574625194e-05,2.7614538339548744e-05,7.940258365124464e-05
2941,liver,muscle,0,0.0,0.20000000298023224,0.0,0.20000000298023224,0.0,0.20000000298023224,0.20000000298023224,0.20000000298023224,0.0,0.00177826639264822,0.23657965660095215,0.28147923946380615,0.07009997963905334,0.00030991091625764966,0.14065341651439667,0.134573832154274,0.13255272805690765,0.0019729735795408487
3142,muscle,muscle,1,0.0,0.0,1.0,0.0,0.0,0.0,0.0,0.0,0.0,0.0050806403160095215,0.0016171453753486276,0.9928499460220337,8.011273166630417e-05,0.000224963208893314,2.8385977202560753e-05,4.053794691571966e-05,4.7016052121762186e-05,3.1220228265738115e-05
191,liver,liver,1,0.0,1.0,0.0,0.0,0.0,0.0,0.0,0.0,0.0,0.07134675234556198,0.9265332818031311,0.00090331572573632,0.0009655185276642442,5.402430906542577e-05,3.4593696909723803e-05,6.54222458251752e-05,6.929016672074795e-05,2.7785392376245e-05
468,liver,liver,1,0.0,1.0,0.0,0.0,0.0,0.0,0.0,0.0,0.0,0.19785813987255096,0.8007742762565613,0.0003767981252167374,0.0005419645458459854,5.323060031514615e-05,5.809572758153081e-05,9.422980656381696e-05,0.00011980850104009733,0.00012348838208708912
6,liver,liver,1,0.0,1.0,0.0,0.0,0.0,0.0,0.0,0.0,0.0,0.0010052341967821121,0.8242613077163696,0.00036147848004475236,0.17344920337200165,0.0002179750008508563,0.00014335190644487739,0.0001391159021295607,0.00014001272211316973,0.00028230907628312707
3180,bone_marrow,bone_marrow,1,0.0,0.0,0.0,0.0,1.0,0.0,0.0,0.0,0.0,0.0035379198379814625,0.15389341115951538,0.00014872883912175894,0.033277835696935654,0.808000385761261,0.00010651322372723371,0.00012426558532752097,0.00010410827962914482,0.000806839088909328
612,muscle,muscle,1,0.0,0.0,1.0,0.0,0.0,0.0,0.0,0.0,0.0,8.108592737698928e-05,0.00016703095752745867,0.9995880722999573,1.7837526684161276e-05,3.709291559061967e-05,1.9831451936624944e-05,1.9395924027776346e-05,2.537173349992372e-05,4.425440783961676e-05
1993,lung_epithelium,lung_epithelium,1,1.0,0.0,0.0,0.0,0.0,0.0,0.0,0.0,0.0,0.9991841912269592,7.277043187059462e-05,0.0005618602153845131,2.8841066523455083e-05,3.272449612268247e-05,2.4419830879196525e-05,3.436143379076384e-05,3.490757808322087e-05,2.5825906050158665e-05
291,liver,liver,1,0.0,1.0,0.0,0.0,0.0,0.0,0.0,0.0,0.0,0.08919745683670044,0.9084818363189697,0.0009107328369282186,0.0010362130124121904,5.3549072617897764e-05,6.115105497883633e-05,0.00010021358320955187,0.00011518012615852058,4.3613505113171414e-05
1583,lung_epithelium,lung_epithelium,1,1.0,0.0,0.0,0.0,0.0,0.0,0.0,0.0,0.0,0.9990882873535156,7.59999529691413e-05,0.0006541413604281843,2.6633371817297302e-05,3.5598081012722105e-05,2.4377071895287372e-05,3.167804970871657e-05,3.3849923056550324e-05,2.9440137950587086e-05
1292,lung_epithelium,lung_epithelium,1,1.0,0.0,0.0,0.0,0.0,0.0,0.0,0.0,0.0,0.9994262456893921,3.514852505759336e-05,0.0003595416492316872,1.6156200217665173e-05,4.6949495299486443e-05,2.373267852817662e-05,3.002461562573444e-05,3.4696255170274526e-05,2.754627712420188e-05
3018,liver,liver,1,0.0,1.0,0.0,0.0,0.0,0.0,0.0,0.0,0.0,0.002058097394183278,0.9941470623016357,7.227774040075019e-05,0.00028416383429430425,2.066282286250498e-05,0.00013582689280156046,0.00013011904957238585,0.00013417356240097433,0.0030176315922290087
948,liver,liver,1,0.0,0.5,0.0,0.5,0.0,0.0,0.0,0.0,0.0,0.0004789515514858067,0.5557530522346497,0.001680963090620935,0.4403829872608185,0.0010587520664557815,0.00014170241774991155,0.0001828263484640047,0.00014590872160624713,0.00017485418356955051
323,liver,liver,1,0.0,1.0,0.0,0.0,0.0,0.0,0.0,0.0,0.0,0.01976053975522518,0.9797168374061584,0.00020909614977426827,0.00011447453289292753,7.680115231778473e-05,2.2643822376267053e-05,3.1755826057633385e-05,3.669973375508562e-05,3.116832522209734e-05
3195,bone_marrow,bone_marrow,1,0.0,0.0,0.0,0.0,1.0,0.0,0.0,0.0,0.0,0.0005330441636033356,0.004592204000800848,6.237569323275238e-05,0.0009783293353393674,0.9924431443214417,4.917215119348839e-05,5.1273433200549334e-05,4.7328001528512686e-05,0.0012430023634806275
986,liver,liver,1,0.0,0.5,0.0,0.5,0.0,0.0,0.0,0.0,0.0,0.0006390996277332306,0.6134482026100159,0.0011068973690271378,0.38211843371391296,0.002078389050439,0.00010251537605654448,0.0001197013771161437,0.00010179250239161775,0.00028495292644947767
2649,lung_epithelium,lung_epithelium,1,1.0,0.0,0.0,0.0,0.0,0.0,0.0,0.0,0.0,0.9992749094963074,0.0002350351569475606,0.00022331872605718672,2.198922447860241e-05,0.00013799437147099525,1.784401865734253e-05,3.821749851340428e-05,3.689870209200308e-05,1.3865850633010268e-05
1662,lung_epithelium,lung_epithelium,1,1.0,0.0,0.0,0.0,0.0,0.0,0.0,0.0,0.0,0.9995118379592896,4.515165710472502e-05,0.0002686120569705963,2.142588527931366e-05,2.9537593945860863e-05,2.2193362383404747e-05,2.9390048439381644e-05,2.9227929189801216e-05,4.2601888708304614e-05
2462,lung_epithelium,lung_epithelium,1,1.0,0.0,0.0,0.0,0.0,0.0,0.0,0.0,0.0,0.9993448853492737,0.00012603047071024776,0.00020828550623264164,0.00011201484448974952,3.416666731936857e-05,1.6910131307668053e-05,2.9755376090179197e-05,3.712316902237944e-05,9.08172078197822e-05
844,liver,liver,1,0.0,0.5,0.0,0.5,0.0,0.0,0.0,0.0,0.0,0.014986793510615826,0.5196371078491211,0.00042381114326417446,0.46378573775291443,0.0003954747808165848,0.0001855824957601726,0.0002282135683344677,0.00022992516460362822,0.00012730690650641918
1320,lung_epithelium,lung_epithelium,1,1.0,0.0,0.0,0.0,0.0,0.0,0.0,0.0,0.0,0.9994168281555176,3.821870268438943e-05,0.00034317586687393486,3.272277899668552e-05,2.8424165066098794e-05,2.5029155949596316e-05,3.363174982951023e-05,3.976705556851812e-05,4.213256397633813e-05
2302,lung_epithelium,lung_epithelium,1,1.0,0.0,0.0,0.0,0.0,0.0,0.0,0.0,0.0,0.9988542795181274,8.830532169668004e-05,0.0008212695829570293,6.301231769612059e-05,3.07392911054194e-05,2.159699761250522e-05,3.073201878578402e-05,3.8304293411783874e-05,5.1829458243446425e-05
2381,lung_epithelium,lung_epithelium,1,1.0,0.0,0.0,0.0,0.0,0.0,0.0,0.0,0.0,0.9989724159240723,0.00043828642810694873,7.413939601974562e-05,3.9453130739275366e-05,1.633692954783328e-05,2.0170760762994178e-05,3.0316334232338704e-05,2.7349738957127556e-05,0.00038155957008711994
148,lung_epithelium,lung_epithelium,1,1.0,0.0,0.0,0.0,0.0,0.0,0.0,0.0,0.0,0.9800007939338684,0.0006684442632831633,0.01881360448896885,6.955464778002352e-05,9.124311327468604e-05,7.327445200644433e-05,0.00010054340964416042,0.0001549663138575852,2.7547763238544576e-05
1309,lung_epithelium,lung_epithelium,1,1.0,0.0,0.0,0.0,0.0,0.0,0.0,0.0,0.0,0.9996700286865234,5.4796044423710555e-05,0.00015825500304345042,2.3163547666626982e-05,1.959666951734107e-05,1.229429108207114e-05,2.05979395104805e-05,2.1263747839839198e-05,1.996158061956521e-05
2828,lung_epithelium,lung_epithelium,1,1.0,0.0,0.0,0.0,0.0,0.0,0.0,0.0,0.0,0.9992844462394714,0.0001017462054733187,0.0004564042610581964,2.7366344511392526e-05,3.0802013498032466e-05,2.200527160312049e-05,3.2031988666858524e-05,3.169342744513415e-05,1.344006432191236e-05
2700,lung_epithelium,lung_epithelium,1,1.0,0.0,0.0,0.0,0.0,0.0,0.0,0.0,0.0,0.9995872378349304,5.9490761486813426e-05,5.600094300461933e-05,1.4783728147449438e-05,5.934456567047164e-05,1.393512593494961e-05,1.8281985830981284e-05,2.3112865164875984e-05,0.00016785990737844259
2084,lung_epithelium,lung_epithelium,1,1.0,0.0,0.0,0.0,0.0,0.0,0.0,0.0,0.0,0.9997288584709167,8.316879393532872e-05,4.427233579917811e-05,1.7390582797816023e-05,1.7879776351037435e-05,1.1983405784121715e-05,2.193188811361324e-05,1.813811468309723e-05,5.622316530207172e-05
1362,lung_epithelium,lung_epithelium,1,1.0,0.0,0.0,0.0,0.0,0.0,0.0,0.0,0.0,0.9991790652275085,4.973710747435689e-05,0.0005651235696859658,2.371127084188629e-05,3.8224770833039656e-05,2.9817245376762003e-05,4.040984276798554e-05,4.701574653154239e-05,2.679934368643444e-05
507,liver,liver,1,0.0,1.0,0.0,0.0,0.0,0.0,0.0,0.0,0.0,0.359890878200531,0.6383167505264282,0.0008473282214254141,0.0005648394580930471,0.00010049268166767433,4.3715375795727596e-05,8.176451228791848e-05,9.625691018300131e-05,5.805264299851842e-05
3061,muscle,muscle,1,0.0,0.0,1.0,0.0,0.0,0.0,0.0,0.0,0.0,0.00027427091845311224,0.0004728227504529059,0.9989846348762512,6.402207509381697e-05,9.511527605354786e-05,1.5923715181997977e-05,1.7859822037280537e-05,2.1102156097185798e-05,5.424851769930683e-05
1476,lung_epithelium,lung_epithelium,1,1.0,0.0,0.0,0.0,0.0,0.0,0.0,0.0,0.0,0.9996633529663086,7.549409929197282e-05,4.771271051140502e-05,1.3664342077390756e-05,2.147680424968712e-05,1.3839172424923163e-05,2.1502482923096977e-05,2.0475979908951558e-05,0.00012250267900526524
1268,lung_epithelium,lung_epithelium,1,1.0,0.0,0.0,0.0,0.0,0.0,0.0,0.0,0.0,0.9993990659713745,3.894353358191438e-05,0.0003613114822655916,3.26117587974295e-05,2.8073445719201118e-05,2.5533485313644633e-05,3.50116788467858e-05,4.026063106721267e-05,3.902588287019171e-05
254,liver,liver,1,0.0,1.0,0.0,0.0,0.0,0.0,0.0,0.0,0.0,0.08027928322553635,0.9181495308876038,0.0008185507613234222,0.0004872152640018612,5.984325616736896e-05,3.550705514498986e-05,6.343601125990972e-05,7.506154361180961e-05,3.1627372663933784e-05
423,liver,liver,1,0.0,1.0,0.0,0.0,0.0,0.0,0.0,0.0,0.0,0.050956252962350845,0.9482590556144714,0.000327963731251657,0.00022073916625231504,8.933702338254079e-05,2.7965093977400102e-05,4.577738218358718e-05,5.337386755854823e-05,1.9576064005377702e-05
402,liver,liver,1,0.0,1.0,0.0,0.0,0.0,0.0,0.0,0.0,0.0,0.017643578350543976,0.9812214970588684,0.00031256722286343575,0.0006257535424083471,2.643007792357821e-05,2.8428063160390593e-05,4.701221769209951e-05,5.6421064073219895e-05,3.82947655452881e-05
2563,lung_epithelium,lung_epithelium,1,1.0,0.0,0.0,0.0,0.0,0.0,0.0,0.0,0.0,0.9969362020492554,0.00046715920325368643,9.554115968057886e-05,4.3662665120791644e-05,1.9371402231627144e-05,3.715060302056372e-05,5.583107122220099e-05,6.155091250548139e-05,0.0022835007403045893
908,liver,liver,1,0.0,0.5,0.0,0.5,0.0,0.0,0.0,0.0,0.0,0.0003030677617061883,0.5649317502975464,0.0009845375316217542,0.43068212270736694,0.00233737681992352,0.00013562827371060848,0.0001767348003340885,0.00013662946003023535,0.000312140240566805
843,liver,liver,1,0.0,0.5,0.0,0.5,0.0,0.0,0.0,0.0,0.0,0.0008403390529565513,0.5749056935310364,0.0011239227605983615,0.42063286900520325,0.0018881753785535693,0.00010437453602207825,0.0001135186612373218,0.00010673726501408964,0.0002843884867615998
231,liver,liver,1,0.0,1.0,0.0,0.0,0.0,0.0,0.0,0.0,0.0,0.036660317331552505,0.9618024230003357,0.0003961428883485496,0.0008627071511000395,2.7729376597562805e-05,3.865640246658586e-05,6.419915007427335e-05,8.219767187256366e-05,6.571945414179936e-05
686,muscle,muscle,1,0.0,0.0,1.0,0.0,0.0,0.0,0.0,0.0,0.0,6.747928273398429e-05,0.00010565541015239432,0.9996521472930908,1.5279789295163937e-05,5.894815330975689e-05,1.8550803360994905e-05,1.681652429397218e-05,2.317917642358225e-05,4.1983992559835315e-05
1398,lung_epithelium,lung_epithelium,1,1.0,0.0,0.0,0.0,0.0,0.0,0.0,0.0,0.0,0.9995054006576538,3.339390241308138e-05,0.00024888303596526384,2.6931353204417974e-05,2.58016079897061e-05,2.3080840037437156e-05,2.983628655783832e-05,3.463044049567543e-05,7.191432814579457e-05
2216,lung_epithelium,lung_epithelium,1,1.0,0.0,0.0,0.0,0.0,0.0,0.0,0.0,0.0,0.9995372295379639,4.495490065892227e-05,0.00023693055845797062,1.8433640434523113e-05,2.9361151973716915e-05,2.2856589566799812e-05,3.0085308026173152e-05,2.933271935035009e-05,5.092211358714849e-05
2718,lung_epithelium,lung_epithelium,1,1.0,0.0,0.0,0.0,0.0,0.0,0.0,0.0,0.0,0.9994003772735596,0.0002433588815620169,0.00014164680032990873,6.997328455327079e-05,1.6632431652396917e-05,9.478700121690053e-06,1.4784136510570534e-05,1.864085606939625e-05,8.502954005962238e-05
14,liver,liver,1,0.0,1.0,0.0,0.0,0.0,0.0,0.0,0.0,0.0,0.0005191171076148748,0.9863477945327759,4.232094215694815e-05,0.01161606702953577,0.001206839457154274,5.778940612799488e-05,0.00010295818356098607,5.691761543857865e-05,5.02679031342268e-05
3193,bone_marrow,bone_marrow,1,0.0,0.0,0.0,0.0,1.0,0.0,0.0,0.0,0.0,0.00028098802431486547,0.15734001994132996,0.0035053614992648363,0.07099013030529022,0.74321049451828,0.0003050366649404168,0.0002794687170535326,0.00023051587049849331,0.023857921361923218
2394,lung_epithelium,lung_epithelium,1,1.0,0.0,0.0,0.0,0.0,0.0,0.0,0.0,0.0,0.9993752837181091,0.0002416257484583184,5.0905317038996145e-05,2.374672840232961e-05,1.9685152437887155e-05,1.111265373765491e-05,1.5041671758808661e-05,1.7172820662381127e-05,0.0002454460191074759
1694,lung_epithelium,lung_epithelium,1,1.0,0.0,0.0,0.0,0.0,0.0,0.0,0.0,0.0,0.9995296001434326,0.0001444157969672233,0.00012376156519167125,7.119654037524015e-05,2.541449066484347e-05,1.4412418749998324e-05,3.5970024327980354e-05,3.129710603388958e-05,2.393279100942891e-05
1281,lung_epithelium,lung_epithelium,1,1.0,0.0,0.0,0.0,0.0,0.0,0.0,0.0,0.0,0.9993700385093689,0.000244661612669006,1.913755295390729e-05,0.00020898475486319512,2.7938420316786505e-05,1.652399259910453e-05,2.6272788090864196e-05,2.978286829602439e-05,5.661872637574561e-05
1920,lung_epithelium,lung_epithelium,1,1.0,0.0,0.0,0.0,0.0,0.0,0.0,0.0,0.0,0.999665379524231,7.678490510443226e-05,9.336228686152026e-05,3.329027094878256e-05,1.2814434739993885e-05,1.1708014426403679e-05,2.0315843357820995e-05,2.2274469301919453e-05,6.395416858140379e-05
1948,lung_epithelium,lung_epithelium,1,1.0,0.0,0.0,0.0,0.0,0.0,0.0,0.0,0.0,0.9970297813415527,0.0010592768667265773,4.674847150454298e-05,5.6123852118616924e-05,2.5216118956450373e-05,3.4459411835996434e-05,4.303054083720781e-05,4.682253711507656e-05,0.0016585710691288114
1929,lung_epithelium,lung_epithelium,1,1.0,0.0,0.0,0.0,0.0,0.0,0.0,0.0,0.0,0.9963629841804504,0.00045263292849995196,4.727781197289005e-05,4.7611094487365335e-05,3.56726668542251e-05,4.0577579056844115e-05,5.3270719945430756e-05,6.326615402940661e-05,0.002896747086197138
841,liver,liver,1,0.0,0.5,0.0,0.5,0.0,0.0,0.0,0.0,0.0,0.002248189877718687,0.5399622321128845,0.0004573690821416676,0.455720454454422,0.0010967857670038939,0.00010620846296660602,0.00012068820797139779,0.00011798796913353726,0.00017011571617331356
1096,muscle,muscle,1,0.0,0.0,1.0,0.0,0.0,0.0,0.0,0.0,0.0,0.00019392317335586995,0.00019498445908538997,0.9993426203727722,2.1826639567734674e-05,0.00014058717351872474,1.646910641284194e-05,1.6503854567417875e-05,1.933815838128794e-05,5.36678489879705e-05
70,liver,liver,1,0.0,1.0,0.0,0.0,0.0,0.0,0.0,0.0,0.0,0.0022951976861804724,0.9365152716636658,5.025120117352344e-05,0.06027180701494217,0.000412329682148993,0.00010892793216044083,0.00018481069128029048,0.00012711886665783823,3.4185301046818495e-05
667,muscle,muscle,1,0.0,0.0,1.0,0.0,0.0,0.0,0.0,0.0,0.0,0.00013717245019506663,0.00012023565068375319,0.9995644688606262,1.4718709280714393e-05,6.018898420734331e-05,2.0080098693142645e-05,1.8214377632830292e-05,2.5913936042343266e-05,3.888187347911298e-05
3108,muscle,muscle,1,0.0,0.0,1.0,0.0,0.0,0.0,0.0,0.0,0.0,0.0014519086107611656,0.0017293664859607816,0.9964514970779419,9.143420174950734e-05,2.7717996999854222e-05,2.2788985006627627e-05,2.5498075046925806e-05,2.953186231025029e-05,0.0001702317240415141
376,liver,liver,1,0.0,1.0,0.0,0.0,0.0,0.0,0.0,0.0,0.0,0.01745174638926983,0.9820218086242676,3.365747397765517e-05,0.00015194524894468486,5.256804433884099e-05,6.652762385783717e-05,9.128620877163485e-05,9.239882638212293e-05,3.808334076893516e-05
2145,lung_epithelium,lung_epithelium,1,1.0,0.0,0.0,0.0,0.0,0.0,0.0,0.0,0.0,0.9994857311248779,4.0491966501576826e-05,0.000229771772865206,2.6981826522387564e-05,2.4440669221803546e-05,2.386232154094614e-05,2.998682793986518e-05,3.295611168141477e-05,0.00010585596464807168
1647,lung_epithelium,lung_epithelium,1,1.0,0.0,0.0,0.0,0.0,0.0,0.0,0.0,0.0,0.9994078874588013,3.625443059718236e-05,0.00037980370689183474,1.783422521839384e-05,4.4584314309759066e-05,2.3536580556537956e-05,3.084247509832494e-05,3.499863305478357e-05,2.4304817998199724e-05
599,muscle,muscle,1,0.0,0.0,1.0,0.0,0.0,0.0,0.0,0.0,0.0,0.0001495613978477195,0.00014823935634922236,0.999519944190979,1.7629236026550643e-05,5.902686825720593e-05,1.895725290523842e-05,1.8976588762598112e-05,2.596789454401005e-05,4.170792817603797e-05
807,liver,liver,1,0.0,1.0,0.0,0.0,0.0,0.0,0.0,0.0,0.0,0.00922695454210043,0.9864576458930969,0.0031411699019372463,0.00023528104065917432,0.00048591368249617517,0.00012787665764335543,0.00018152834672946483,0.00010898552864091471,3.466148700681515e-05
2478,lung_epithelium,lung_epithelium,1,1.0,0.0,0.0,0.0,0.0,0.0,0.0,0.0,0.0,0.957777738571167,0.025362752377986908,7.61574920034036e-05,0.015938403084874153,0.00014118809485808015,6.030071381246671e-05,8.502320270054042e-05,9.723474795464426e-05,0.00046111177653074265
1101,lung_epithelium,lung_epithelium,1,1.0,0.0,0.0,0.0,0.0,0.0,0.0,0.0,0.0,0.9960911870002747,0.0004931210423819721,0.0030294887255877256,0.00013758843124378473,4.629197792382911e-05,4.1725819755811244e-05,5.855555718881078e-05,6.551179103553295e-05,3.6486420867731795e-05
883,liver,liver,1,0.0,0.5,0.0,0.5,0.0,0.0,0.0,0.0,0.0,0.0006049948278814554,0.6044490337371826,0.0005407317657954991,0.39072734117507935,0.0031705056317150593,0.00012851365318056196,0.0001635773660382256,0.00013681981363333762,7.841623300919309e-05
99,liver,liver,1,0.0,1.0,0.0,0.0,0.0,0.0,0.0,0.0,0.0,0.004202876705676317,0.9894612431526184,0.001848953659646213,0.0040365238673985004,0.00023425825929734856,5.131573198013939e-05,8.077302481979132e-05,6.650267459917814e-05,1.761396197252907e-05
1599,lung_epithelium,lung_epithelium,1,1.0,0.0,0.0,0.0,0.0,0.0,0.0,0.0,0.0,0.9997475743293762,3.5314038541400805e-05,5.280854747979902e-05,1.966221498150844e-05,2.0455299818422645e-05,1.2894168321508914e-05,2.2593032554141246e-05,2.2682801500195637e-05,6.59249271848239e-05
589,muscle,muscle,1,0.0,0.0,1.0,0.0,0.0,0.0,0.0,0.0,0.0,0.00011264938075328246,0.0001915030152304098,0.999543309211731,1.824958235374652e-05,4.7328005166491494e-05,1.7409671272616833e-05,1.5961089957272634e-05,2.321253123227507e-05,3.0483502996503375e-05
3078,muscle,muscle,1,0.0,0.0,1.0,0.0,0.0,0.0,0.0,0.0,0.0,0.0034327872563153505,0.0014518863754346967,0.9947149157524109,0.00017789604316931218,4.1624720324762166e-05,2.244207280455157e-05,2.9531804102589376e-05,3.421850851736963e-05,9.470838267588988e-05
497,liver,liver,1,0.0,1.0,0.0,0.0,0.0,0.0,0.0,0.0,0.0,0.0340273417532444,0.9642887115478516,0.0005837355856783688,0.0008428540895693004,5.15581268700771e-05,3.055134220630862e-05,5.028055966249667e-05,6.349866453092545e-05,6.136304727988318e-05
223,liver,liver,1,0.0,1.0,0.0,0.0,0.0,0.0,0.0,0.0,0.0,0.030031129717826843,0.9684074521064758,0.00032345883664675057,0.0009015275281853974,2.095354830089491e-05,4.445199738256633e-05,7.024214573903009e-05,9.319933451479301e-05,0.00010747841588454321
530,liver,liver,1,0.0,1.0,0.0,0.0,0.0,0.0,0.0,0.0,0.0,0.01649332605302334,0.9813761711120605,0.0007446901290677488,0.0011546119349077344,5.3289822972146794e-05,3.266793646616861e-05,5.1706207159440964e-05,5.688360397471115e-05,3.665393160190433e-05
3198,bone_marrow,bone_marrow,1,0.0,0.0,0.0,0.0,1.0,0.0,0.0,0.0,0.0,7.235057273646817e-05,0.004365107975900173,0.00017960624245461076,0.0013316840631887317,0.9903629422187805,7.701868889853358e-05,7.249430200317875e-05,6.32943629170768e-05,0.003475504694506526
1335,lung_epithelium,lung_epithelium,1,1.0,0.0,0.0,0.0,0.0,0.0,0.0,0.0,0.0,0.9994285702705383,5.644073462462984e-05,0.00030937872361391783,2.407088686595671e-05,2.3638653146917932e-05,2.4884102458599955e-05,3.2278578146360815e-05,3.395792009541765e-05,6.668151036137715e-05
169,liver,liver,1,0.0,1.0,0.0,0.0,0.0,0.0,0.0,0.0,0.0,0.017408262938261032,0.9812875390052795,0.0003514666750561446,0.0007582685793749988,3.933545303880237e-05,2.6059917217935435e-05,4.199258182779886e-05,4.9069309170590714e-05,3.796551391133107e-05
3222,bone_marrow,liver,0,0.0,0.0,0.0,0.0,1.0,0.0,0.0,0.0,0.0,0.002629911992698908,0.43710628151893616,0.00048440287355333567,0.3262162506580353,0.22762762010097504,0.0001662689755903557,0.00019004556816071272,0.00017118330288212746,0.00540799368172884
224,liver,liver,1,0.0,1.0,0.0,0.0,0.0,0.0,0.0,0.0,0.0,0.04908943176269531,0.9493510127067566,0.00024582643527537584,0.0009690372389741242,2.799294270516839e-05,4.629499017028138e-05,7.445957453455776e-05,9.722006507217884e-05,9.86773447948508e-05
278,liver,liver,1,0.0,1.0,0.0,0.0,0.0,0.0,0.0,0.0,0.0,0.031148269772529602,0.9673064351081848,0.00045250391121953726,0.0008710797992534935,3.380771886440925e-05,3.24140528391581e-05,5.4721389460610226e-05,6.53947499813512e-05,3.5376131563680246e-05
1463,lung_epithelium,lung_epithelium,1,1.0,0.0,0.0,0.0,0.0,0.0,0.0,0.0,0.0,0.9992859959602356,6.411648791981861e-05,0.000473297230200842,2.392346505075693e-05,3.3785949199227616e-05,2.3829605197533965e-05,3.0655770387966186e-05,3.269027001806535e-05,3.170414493069984e-05
1417,lung_epithelium,lung_epithelium,1,1.0,0.0,0.0,0.0,0.0,0.0,0.0,0.0,0.0,0.9996833801269531,6.733732152497396e-05,5.159215288585983e-05,1.938342029461637e-05,1.50997111632023e-05,1.4359534361574333e-05,2.700899676710833e-05,2.325329842278734e-05,9.851386130321771e-05
319,liver,liver,1,0.0,1.0,0.0,0.0,0.0,0.0,0.0,0.0,0.0,0.047222163528203964,0.9515039324760437,0.00025594962062314153,0.0007628505700267851,4.089483627467416e-05,3.518258381518535e-05,5.637677895720117e-05,7.056855974951759e-05,5.2088456868659705e-05
643,muscle,muscle,1,0.0,0.0,1.0,0.0,0.0,0.0,0.0,0.0,0.0,0.00017418016796000302,0.0002184902405133471,0.9994288086891174,2.421756653347984e-05,4.515315958997235e-05,2.038019010797143e-05,2.1780486349598505e-05,2.931443668785505e-05,3.766324516618624e-05
281,liver,liver,1,0.0,1.0,0.0,0.0,0.0,0.0,0.0,0.0,0.0,0.050528474152088165,0.9473854303359985,0.0008256345172412694,0.0009905233746394515,4.6363060391740873e-05,3.514242416713387e-05,6.138366006780416e-05,7.790014205966145e-05,4.923588130623102e-05
1582,lung_epithelium,lung_epithelium,1,1.0,0.0,0.0,0.0,0.0,0.0,0.0,0.0,0.0,0.9992130994796753,6.086842040531337e-05,0.000547788105905056,2.5376250050612725e-05,3.342245690873824e-05,2.3155034796218388e-05,2.94064921035897e-05,3.19849859806709e-05,3.475979610811919e-05
594,muscle,muscle,1,0.0,0.0,1.0,0.0,0.0,0.0,0.0,0.0,0.0,0.00011290593101875857,0.00012071499804733321,0.9995970129966736,1.4517973795591388e-05,5.157579289516434e-05,2.118713928211946e-05,1.9013614291907288e-05,2.618147300381679e-05,3.695092527777888e-05
2920,liver,liver,1,0.0,0.20000000298023224,0.0,0.20000000298023224,0.0,0.20000000298023224,0.20000000298023224,0.20000000298023224,0.0,0.1455318182706833,0.7020689845085144,0.012835642322897911,0.06095084175467491,0.00027162989135831594,0.021977176889777184,0.02534445933997631,0.03089052438735962,0.0001289380161324516
2512,lung_epithelium,lung_epithelium,1,1.0,0.0,0.0,0.0,0.0,0.0,0.0,0.0,0.0,0.9993175268173218,5.580140350502916e-05,0.0003886414924636483,2.8451768230297603e-05,3.0895294912625104e-05,2.0136400053161196e-05,2.7435455194790848e-05,3.4841687011066824e-05,9.622759534977376e-05
2077,lung_epithelium,lung_epithelium,1,1.0,0.0,0.0,0.0,0.0,0.0,0.0,0.0,0.0,0.9995243549346924,7.507517875637859e-05,0.00022324435121845454,2.1398853277787566e-05,3.124204158666544e-05,2.4255987227661535e-05,3.426767580094747e-05,3.0074163078097627e-05,3.607124017435126e-05
1293,lung_epithelium,lung_epithelium,1,1.0,0.0,0.0,0.0,0.0,0.0,0.0,0.0,0.0,0.9995875954627991,5.2796265663346276e-05,0.00020198538550175726,1.2865919416071847e-05,3.917342110071331e-05,2.019461680902168e-05,2.4406355805695057e-05,2.398589094809722e-05,3.6962701415177435e-05
2099,lung_epithelium,lung_epithelium,1,1.0,0.0,0.0,0.0,0.0,0.0,0.0,0.0,0.0,0.9994226694107056,4.038001497974619e-05,0.0003490423841867596,3.04756667901529e-05,2.9155144147807732e-05,1.9660568796098232e-05,2.6460906155989505e-05,3.11038747895509e-05,5.0949987780768424e-05
2608,lung_epithelium,lung_epithelium,1,1.0,0.0,0.0,0.0,0.0,0.0,0.0,0.0,0.0,0.99913090467453,0.0003377676766831428,5.991043508402072e-05,2.6351281121606007e-05,2.1388937966548838e-05,1.8097072825185023e-05,2.526880234654527e-05,2.3789987608324736e-05,0.00035647753975354135
770,muscle,muscle,1,0.0,0.0,1.0,0.0,0.0,0.0,0.0,0.0,0.0,3.7850364606129006e-05,7.897606701590121e-05,0.9997144341468811,1.3450233382172883e-05,4.3711246689781547e-05,2.1615453078993596e-05,1.899632661661599e-05,2.541941103118006e-05,4.554422775981948e-05
184,liver,liver,1,0.0,1.0,0.0,0.0,0.0,0.0,0.0,0.0,0.0,0.028267666697502136,0.9705281853675842,0.000338632904458791,0.0006139231263659894,2.366751323279459e-05,3.436116821831092e-05,5.540486017707735e-05,7.148510485421866e-05,6.673268944723532e-05
1349,lung_epithelium,lung_epithelium,1,1.0,0.0,0.0,0.0,0.0,0.0,0.0,0.0,0.0,0.9994519352912903,4.3787167669506744e-05,0.00031271096668206155,1.612387495697476e-05,3.2683106837794185e-05,2.171022970287595e-05,2.6496707505430095e-05,3.0202641937648878e-05,6.438684067688882e-05
1674,lung_epithelium,lung_epithelium,1,1.0,0.0,0.0,0.0,0.0,0.0,0.0,0.0,0.0,0.9996891021728516,9.758943633642048e-05,2.5466662918915972e-05,7.639281830051914e-05,3.2421306968899444e-05,1.2517730283434503e-05,2.008463161473628e-05,2.1870966520509683e-05,2.4664641387062147e-05
1127,lung_epithelium,lung_epithelium,1,1.0,0.0,0.0,0.0,0.0,0.0,0.0,0.0,0.0,0.9979665279388428,0.00026168982731178403,0.0014861610252410173,6.371884228428826e-05,3.235213807784021e-05,2.8584690880961716e-05,3.904054392478429e-05,4.3375508539611474e-05,7.869397813919932e-05
846,liver,liver,1,0.0,0.5,0.0,0.5,0.0,0.0,0.0,0.0,0.0,0.005368852522224188,0.6002943515777588,0.0005145930335856974,0.39285528659820557,0.0003427300835028291,0.00014728005044162273,0.00018187386740464717,0.00017924160056281835,0.0001157998267444782
1064,muscle,muscle,1,0.0,0.0,1.0,0.0,0.0,0.0,0.0,0.0,0.0,0.00030366695136763155,0.0007976788911037147,0.9986999034881592,5.539793710340746e-05,6.293040496530011e-05,1.707378396531567e-05,1.9627232177299447e-05,2.08342225960223e-05,2.2788752175983973e-05
1343,lung_epithelium,lung_epithelium,1,1.0,0.0,0.0,0.0,0.0,0.0,0.0,0.0,0.0,0.99955815076828,3.850818029604852e-05,0.00010135129559785128,2.6482846806175075e-05,7.738850399618968e-05,1.8079499568557367e-05,3.374082734808326e-05,4.474492743611336e-05,0.00010157917131436989
1347,lung_epithelium,lung_epithelium,1,1.0,0.0,0.0,0.0,0.0,0.0,0.0,0.0,0.0,0.9997151494026184,4.414465729496442e-05,8.251413964899257e-05,1.2513569345173892e-05,2.519454574212432e-05,1.1313189133943524e-05,1.745419649523683e-05,2.0008110368507914e-05,7.176012150011957e-05
584,muscle,muscle,1,0.0,0.0,1.0,0.0,0.0,0.0,0.0,0.0,0.0,0.00012866570614278316,0.00013894141011405736,0.9995710253715515,1.7304791981587186e-05,4.62612952105701e-05,2.115541610692162e-05,1.9564611648092978e-05,2.6916404749499634e-05,3.018311872438062e-05
1372,lung_epithelium,lung_epithelium,1,1.0,0.0,0.0,0.0,0.0,0.0,0.0,0.0,0.0,0.9996633529663086,0.00010148373985430226,5.727917960030027e-05,1.7857288185041398e-05,1.7668409782345407e-05,1.3132801541360095e-05,2.237971784779802e-05,1.9139484720653854e-05,8.787394472165033e-05
2992,liver,liver,1,0.0,1.0,0.0,0.0,0.0,0.0,0.0,0.0,0.0,0.006724461913108826,0.9865700602531433,0.00017694577400106937,0.00017581507563591003,2.595147816464305e-05,0.00011692479165503755,0.00011047341831726953,0.00010966399713652208,0.005989787634462118
1725,lung_epithelium,lung_epithelium,1,1.0,0.0,0.0,0.0,0.0,0.0,0.0,0.0,0.0,0.9996360540390015,6.77428106428124e-05,0.00017688825028017163,2.6818199330591597e-05,1.672189864621032e-05,1.187469024443999e-05,2.1888816263526678e-05,2.116151517839171e-05,2.081427192024421e-05
1003,muscle,muscle,1,0.0,0.0,1.0,0.0,0.0,0.0,0.0,0.0,0.0,0.00020335314911790192,0.002145616104826331,0.9971355199813843,2.9740345780737698e-05,0.00032268266659229994,3.359061520313844e-05,3.3386349969077855e-05,2.9219796488177963e-05,6.682158709736541e-05
1949,lung_epithelium,lung_epithelium,1,1.0,0.0,0.0,0.0,0.0,0.0,0.0,0.0,0.0,0.9994152784347534,6.283001130213961e-05,0.00022720685228705406,2.5943914806703106e-05,2.5603832909837365e-05,2.5115292373811826e-05,3.1627158023184165e-05,3.747363734873943e-05,0.0001488689740654081
367,liver,liver,1,0.0,1.0,0.0,0.0,0.0,0.0,0.0,0.0,0.0,0.08133769035339355,0.9176861643791199,0.000366382795618847,0.00033841823460534215,7.232240750454366e-05,3.329473111080006e-05,5.9757931012427434e-05,7.499377534259111e-05,3.0969586077844724e-05
2329,lung_epithelium,lung_epithelium,1,1.0,0.0,0.0,0.0,0.0,0.0,0.0,0.0,0.0,0.9995575547218323,6.987731467233971e-05,0.00013114199100527912,6.135128205642104e-05,4.893478035228327e-05,1.603721102583222e-05,2.8287320674280636e-05,3.554388240445405e-05,5.128937482368201e-05
874,liver,liver,1,0.0,0.5,0.0,0.5,0.0,0.0,0.0,0.0,0.0,0.004858784377574921,0.5462363362312317,0.0005592410452663898,0.4472602307796478,0.0004450045817065984,0.00015377099043689668,0.00019399879965931177,0.00019102108490187675,0.00010168150038225576
1186,lung_epithelium,lung_epithelium,1,1.0,0.0,0.0,0.0,0.0,0.0,0.0,0.0,0.0,0.9995313882827759,2.8192805984872393e-05,0.00020218583813402802,2.2251930204220116e-05,2.9879347493988462e-05,2.6875299226958305e-05,3.2781539630377665e-05,3.663999086711556e-05,8.987142064142972e-05
2413,lung_epithelium,lung_epithelium,1,1.0,0.0,0.0,0.0,0.0,0.0,0.0,0.0,0.0,0.9992269277572632,8.25454480946064e-05,0.0004817993612959981,4.241714486852288e-05,2.5612267563701607e-05,2.5053701392607763e-05,3.657933120848611e-05,4.191186235402711e-05,3.716153514687903e-05
2671,lung_epithelium,lung_epithelium,1,1.0,0.0,0.0,0.0,0.0,0.0,0.0,0.0,0.0,0.999351441860199,6.183115328894928e-05,0.00016384631453547627,2.31190297199646e-05,3.2061372621683404e-05,2.421211320324801e-05,2.6869767680182122e-05,3.077870496781543e-05,0.0002857955696526915
2177,lung_epithelium,lung_epithelium,1,1.0,0.0,0.0,0.0,0.0,0.0,0.0,0.0,0.0,0.9994731545448303,3.947852019337006e-05,0.00024257715267594904,3.254849434597418e-05,2.3563516151625663e-05,2.58757354458794e-05,3.2803054637042806e-05,3.843695230898447e-05,9.157529711956158e-05
490,liver,liver,1,0.0,1.0,0.0,0.0,0.0,0.0,0.0,0.0,0.0,0.21996952593326569,0.7781476974487305,0.0009228239068761468,0.0006091230898164213,8.935674850363284e-05,4.1781971958698705e-05,7.565318810520694e-05,9.520770981907845e-05,4.8899248213274404e-05
1965,lung_epithelium,lung_epithelium,1,1.0,0.0,0.0,0.0,0.0,0.0,0.0,0.0,0.0,0.9995039701461792,0.00010783348989207298,8.235365385189652e-05,2.5176779672619887e-05,2.7732043236028403e-05,1.3843763554177713e-05,1.8269951397087425e-05,2.294946534675546e-05,0.0001977961219381541
15,liver,liver,1,0.0,1.0,0.0,0.0,0.0,0.0,0.0,0.0,0.0,0.012637200765311718,0.9432108402252197,4.399869794724509e-05,0.04312271997332573,0.0006653578602708876,5.619737203232944e-05,8.28454940347001e-05,6.879703141748905e-05,0.00011204451584490016
3038,liver,liver,1,0.0,1.0,0.0,0.0,0.0,0.0,0.0,0.0,0.0,0.03407145291566849,0.9394194483757019,0.00016259209951385856,0.0008838626672513783,4.795317363459617e-05,0.00041960220551118255,0.00041163177229464054,0.0004224765580147505,0.024160996079444885
912,liver,liver,1,0.0,0.5,0.0,0.5,0.0,0.0,0.0,0.0,0.0,0.0002783929230645299,0.590610682964325,0.001201448729261756,0.40552008152008057,0.0016116496408358216,0.0001420567714376375,0.00017396564362570643,0.00013990828301757574,0.0003218346100766212
1041,muscle,muscle,1,0.0,0.0,1.0,0.0,0.0,0.0,0.0,0.0,0.0,0.0001214946896652691,0.0004024746303912252,0.999330997467041,3.4530974517110735e-05,3.376061067683622e-05,1.539772165415343e-05,1.7510632460471243e-05,1.772533869370818e-05,2.6158857508562505e-05
2549,lung_epithelium,lung_epithelium,1,1.0,0.0,0.0,0.0,0.0,0.0,0.0,0.0,0.0,0.999424934387207,7.594533963128924e-05,0.00030315015465021133,1.7226297131855972e-05,3.156632010359317e-05,2.3313557903748006e-05,2.817013046296779e-05,2.9675598852918483e-05,6.601505447179079e-05
1852,lung_epithelium,lung_epithelium,1,1.0,0.0,0.0,0.0,0.0,0.0,0.0,0.0,0.0,0.9997418522834778,6.531378312502056e-05,8.273563435068354e-05,1.931745464389678e-05,2.2610016458202153e-05,9.354130270367023e-06,1.795519347069785e-05,1.562679790367838e-05,2.5155744879157282e-05
501,liver,liver,1,0.0,1.0,0.0,0.0,0.0,0.0,0.0,0.0,0.0,0.12082017958164215,0.8777893781661987,0.00029502910911105573,0.000596909667365253,3.233683673897758e-05,8.46137190819718e-05,0.00015507893112953752,0.0001681456487858668,5.839111327077262e-05
1924,lung_epithelium,lung_epithelium,1,1.0,0.0,0.0,0.0,0.0,0.0,0.0,0.0,0.0,0.9914299845695496,0.0044693127274513245,5.994648381602019e-05,0.003819850506260991,5.5194544984260574e-05,2.4071443476714194e-05,3.813996954704635e-05,4.508904385147616e-05,5.8436653489479795e-05
437,liver,liver,1,0.0,1.0,0.0,0.0,0.0,0.0,0.0,0.0,0.0,0.3579918146133423,0.6397786736488342,0.0012843527365475893,0.0004619559913408011,0.00013119356299284846,5.5186348618008196e-05,9.639826748752967e-05,0.00012169473484391347,7.864707004046068e-05
113,liver,liver,1,0.0,1.0,0.0,0.0,0.0,0.0,0.0,0.0,0.0,0.0048125009052455425,0.9900571703910828,0.002298811450600624,0.002453635912388563,0.00020001801021862775,4.10653228755109e-05,5.9854686696780846e-05,5.3438052418641746e-05,2.345830580452457e-05
696,muscle,muscle,1,0.0,0.0,1.0,0.0,0.0,0.0,0.0,0.0,0.0,8.17265608930029e-05,8.275319123640656e-05,0.9996708631515503,1.4135466699372046e-05,4.2247858800692484e-05,2.0129267795709893e-05,2.0138506442890503e-05,2.8239554012543522e-05,3.977424057666212e-05
1114,lung_epithelium,lung_epithelium,1,1.0,0.0,0.0,0.0,0.0,0.0,0.0,0.0,0.0,0.9933607578277588,0.0009088810184039176,0.005201153457164764,0.00020856580522377044,5.489380782819353e-05,5.422215326689184e-05,8.362757944269106e-05,8.473116758977994e-05,4.307390554458834e-05
2643,lung_epithelium,lung_epithelium,1,1.0,0.0,0.0,0.0,0.0,0.0,0.0,0.0,0.0,0.9995861649513245,0.00017490894242655486,0.0001165011344710365,2.265576767968014e-05,3.717893923749216e-05,1.163185606856132e-05,1.9719203919521533e-05,1.6409803720307536e-05,1.4878419278829824e-05
1670,lung_epithelium,lung_epithelium,1,1.0,0.0,0.0,0.0,0.0,0.0,0.0,0.0,0.0,0.9997518658638,3.9198963349917904e-05,5.103403964312747e-05,2.337658588658087e-05,1.970643461390864e-05,1.2584195246745367e-05,2.3440814402420074e-05,2.16005792026408e-05,5.719777982449159e-05
2471,lung_epithelium,lung_epithelium,1,1.0,0.0,0.0,0.0,0.0,0.0,0.0,0.0,0.0,0.9993502497673035,0.00012533474364317954,0.00020786018285434693,0.00010911560093518347,3.393787483219057e-05,1.6667212548782118e-05,2.9648717827512883e-05,3.726820432348177e-05,8.985838940134272e-05
1672,lung_epithelium,lung_epithelium,1,1.0,0.0,0.0,0.0,0.0,0.0,0.0,0.0,0.0,0.9995966553688049,6.256328924791887e-05,0.00016306040924973786,2.0258767108316533e-05,2.9966709917061962e-05,2.20186138903955e-05,2.9292779800016433e-05,2.6447043637745082e-05,4.9787511670729145e-05
1287,lung_epithelium,lung_epithelium,1,1.0,0.0,0.0,0.0,0.0,0.0,0.0,0.0,0.0,0.9996609687805176,5.984500967315398e-05,3.899574221577495e-05,1.4643931535829324e-05,0.0001165979920187965,1.605752549949102e-05,2.954673436761368e-05,3.171431671944447e-05,3.174772427882999e-05
2093,lung_epithelium,lung_epithelium,1,1.0,0.0,0.0,0.0,0.0,0.0,0.0,0.0,0.0,0.9995256662368774,4.789016747963615e-05,0.0001039486814988777,1.611410334589891e-05,3.2899799407459795e-05,2.8279757316340692e-05,3.3999716833932325e-05,2.970866444229614e-05,0.00018147706578020006
1157,lung_epithelium,lung_epithelium,1,1.0,0.0,0.0,0.0,0.0,0.0,0.0,0.0,0.0,0.8651742339134216,0.11519171297550201,0.0005443504778668284,0.01844516582787037,0.00013071864668745548,0.00012435679673217237,0.00016602923278696835,0.00018286658450961113,4.0606548282084987e-05
967,liver,liver,1,0.0,0.5,0.0,0.5,0.0,0.0,0.0,0.0,0.0,0.00035388756077736616,0.6056717038154602,0.003424659837037325,0.3861895203590393,0.003183692926540971,0.0002627823268994689,0.00042875236249528825,0.00021694341558031738,0.00026807337417267263
820,liver,liver,1,0.0,1.0,0.0,0.0,0.0,0.0,0.0,0.0,0.0,0.0036689063999801874,0.9931485056877136,0.0008688800735399127,0.0001961786620086059,0.0017395042814314365,8.890705794328824e-05,0.00014147761976346374,7.089883729349822e-05,7.675854430999607e-05
561,muscle,muscle,1,0.0,0.0,1.0,0.0,0.0,0.0,0.0,0.0,0.0,0.00020407879492267966,0.0001929083955474198,0.9994279742240906,2.3189233615994453e-05,4.2469404434086755e-05,1.908602462208364e-05,2.0944291463820264e-05,3.048312646569684e-05,3.880177973769605e-05
2230,lung_epithelium,lung_epithelium,1,1.0,0.0,0.0,0.0,0.0,0.0,0.0,0.0,0.0,0.9993157386779785,3.6622692277887836e-05,0.0004475761379580945,3.274919436080381e-05,2.7573218176257797e-05,2.4765929993009195e-05,3.616486719693057e-05,4.146523860981688e-05,3.743418710655533e-05
677,muscle,muscle,1,0.0,0.0,1.0,0.0,0.0,0.0,0.0,0.0,0.0,0.00013885275984648615,0.00015950169472489506,0.9995145797729492,1.659073132032063e-05,5.945354132563807e-05,1.9138531570206396e-05,1.895333844004199e-05,2.597585626062937e-05,4.687624459620565e-05
1517,lung_epithelium,lung_epithelium,1,1.0,0.0,0.0,0.0,0.0,0.0,0.0,0.0,0.0,0.9993578791618347,3.1875813874648884e-05,0.0004201777628622949,2.663057421159465e-05,3.7902304029557854e-05,2.0848048734478652e-05,2.878007580875419e-05,3.5432723962003365e-05,4.0385326428804547e-05
3000,liver,liver,1,0.0,1.0,0.0,0.0,0.0,0.0,0.0,0.0,0.0,0.00995419081300497,0.9877819418907166,0.00019653869094327092,0.0002686227089725435,2.267865238536615e-05,6.786730227759108e-05,6.800654227845371e-05,6.510454113595188e-05,0.0015750988386571407
2891,liver,muscle,0,0.0,0.20000000298023224,0.0,0.20000000298023224,0.0,0.20000000298023224,0.20000000298023224,0.20000000298023224,0.0,0.01662578620016575,0.1242976114153862,0.7495996952056885,0.021868176758289337,0.000115900686068926,0.025186721235513687,0.029958518221974373,0.032220855355262756,0.00012686177797149867
2955,ear,ear,1,0.0,0.0,0.0,0.0,0.0,0.0,0.0,0.0,1.0,0.0030865496955811977,0.013474786654114723,4.464628000278026e-05,0.00022066412202548236,0.0001081578666344285,0.00040196807822212577,0.00037045642966404557,0.00035505866981111467,0.9819377660751343
2009,lung_epithelium,lung_epithelium,1,1.0,0.0,0.0,0.0,0.0,0.0,0.0,0.0,0.0,0.9994507431983948,3.4371423680568114e-05,0.0003011438238900155,2.4525033950340003e-05,2.837053034454584e-05,2.349078749830369e-05,2.9590539270429872e-05,3.162408756907098e-05,7.61248156777583e-05
302,liver,liver,1,0.0,1.0,0.0,0.0,0.0,0.0,0.0,0.0,0.0,0.051318030804395676,0.9468762874603271,0.0007411091937683523,0.0008146042237058282,3.4548775147413835e-05,3.3982443710556254e-05,5.94322664255742e-05,7.121214730432257e-05,5.082052302896045e-05
865,liver,liver,1,0.0,0.5,0.0,0.5,0.0,0.0,0.0,0.0,0.0,0.0009964655619114637,0.6066060662269592,0.0007537851925007999,0.390064537525177,0.0009568035020492971,0.0001118533982662484,0.00011857575009344146,0.00011967715545324609,0.000272202305495739
97,liver,liver,1,0.0,1.0,0.0,0.0,0.0,0.0,0.0,0.0,0.0,0.004115714225918055,0.9887639284133911,0.002549574011936784,0.0040026321075856686,0.0003443316963966936,5.3316867706598714e-05,8.642462489660829e-05,6.510384264402092e-05,1.905137105495669e-05
538,liver,liver,1,0.0,1.0,0.0,0.0,0.0,0.0,0.0,0.0,0.0,0.022505011409521103,0.9417362809181213,0.02955610863864422,0.005382174625992775,9.130022226599976e-05,0.0001758374710334465,0.00027893035439774394,0.00025252712657675147,2.1823547285748646e-05
2525,lung_epithelium,lung_epithelium,1,1.0,0.0,0.0,0.0,0.0,0.0,0.0,0.0,0.0,0.9996970891952515,5.4698324674973264e-05,8.508123573847115e-05,1.9556313418434e-05,2.029905590461567e-05,1.1755264495150186e-05,1.6879475879250094e-05,2.0213748939568177e-05,7.445274241035804e-05
2927,liver,liver,1,0.0,0.20000000298023224,0.0,0.20000000298023224,0.0,0.20000000298023224,0.20000000298023224,0.20000000298023224,0.0,0.0019684326834976673,0.299911230802536,0.03421788290143013,0.1319144070148468,0.0001873383589554578,0.1844455748796463,0.1757136583328247,0.1691906899213791,0.002450824249535799
2013,lung_epithelium,lung_epithelium,1,1.0,0.0,0.0,0.0,0.0,0.0,0.0,0.0,0.0,0.9997522234916687,7.639668910996988e-05,2.7592499463935383e-05,1.4804737475060392e-05,2.991911424032878e-05,1.132272882387042e-05,2.0069166566827334e-05,1.52623288158793e-05,5.244131534709595e-05
458,liver,liver,1,0.0,1.0,0.0,0.0,0.0,0.0,0.0,0.0,0.0,0.06960932910442352,0.928592324256897,0.0007745493203401566,0.0007490030257031322,4.677165998145938e-05,3.4215710911666974e-05,6.145761290099472e-05,7.545277185272425e-05,5.6818189477780834e-05
2389,lung_epithelium,lung_epithelium,1,1.0,0.0,0.0,0.0,0.0,0.0,0.0,0.0,0.0,0.9912059903144836,0.005574300419539213,4.330691444920376e-05,0.002743941731750965,5.159653665032238e-05,3.819362245849334e-05,5.4502157581737265e-05,6.131711415946484e-05,0.00022671796614304185
1873,lung_epithelium,lung_epithelium,1,1.0,0.0,0.0,0.0,0.0,0.0,0.0,0.0,0.0,0.9992691874504089,3.611617285059765e-05,0.0005023977137170732,3.2200598070630804e-05,3.479962106212042e-05,2.3983280698303133e-05,3.426601688261144e-05,3.9163522160379216e-05,2.7824489734484814e-05
2446,lung_epithelium,lung_epithelium,1,1.0,0.0,0.0,0.0,0.0,0.0,0.0,0.0,0.0,0.9866985082626343,0.011770701967179775,0.0007799329468980432,0.00021378579549491405,2.0322891941759735e-05,1.6790027075330727e-05,2.3942360712680966e-05,2.981551006087102e-05,0.0004461861390154809
2876,lung_epithelium,lung_epithelium,1,1.0,0.0,0.0,0.0,0.0,0.0,0.0,0.0,0.0,0.9980074763298035,0.00031360224238596857,0.001401002868078649,0.00010294626554241404,3.608846236602403e-05,2.9633427402586676e-05,4.6382447180803865e-05,4.8740872443886474e-05,1.4184158317220863e-05
1525,lung_epithelium,lung_epithelium,1,1.0,0.0,0.0,0.0,0.0,0.0,0.0,0.0,0.0,0.9994667172431946,7.545377593487501e-05,0.00028494562138803303,1.9820688976324163e-05,3.185245441272855e-05,2.0953115381416865e-05,2.6387429898022674e-05,2.5971739887609147e-05,4.805354183190502e-05
1143,lung_epithelium,lung_epithelium,1,1.0,0.0,0.0,0.0,0.0,0.0,0.0,0.0,0.0,0.9989092350006104,9.686422708909959e-05,0.000765117525588721,5.572809459408745e-05,2.683987986529246e-05,2.88323026325088e-05,3.948552694055252e-05,4.5934022637084126e-05,3.201162689947523e-05
2832,lung_epithelium,lung_epithelium,1,1.0,0.0,0.0,0.0,0.0,0.0,0.0,0.0,0.0,0.9994094371795654,6.148761895019561e-05,0.00034623913234099746,2.4044615202001296e-05,2.7702670195139945e-05,2.5233770429622382e-05,3.4508535463828593e-05,3.3705480745993555e-05,3.7551475543295965e-05
2817,lung_epithelium,lung_epithelium,1,1.0,0.0,0.0,0.0,0.0,0.0,0.0,0.0,0.0,0.99908447265625,0.0005816694465465844,4.4314994738670066e-05,0.00010119502258021384,0.00013169714657124132,1.1931996596104e-05,1.9941233404097147e-05,1.67917060025502e-05,7.90234116720967e-06
735,muscle,muscle,1,0.0,0.0,1.0,0.0,0.0,0.0,0.0,0.0,0.0,4.3500560423126444e-05,7.60123148211278e-05,0.9997197985649109,1.3205080904299393e-05,2.9526587240980007e-05,2.4554341507609934e-05,2.284246147610247e-05,3.133917925879359e-05,3.9148762880358845e-05
2060,lung_epithelium,lung_epithelium,1,1.0,0.0,0.0,0.0,0.0,0.0,0.0,0.0,0.0,0.9996963739395142,6.285973358899355e-05,0.00010598634980851784,2.2063148207962513e-05,1.5640727724530734e-05,1.14549675345188e-05,1.8895056200562976e-05,1.9802397218882106e-05,4.6915094571886584e-05
1656,lung_epithelium,lung_epithelium,1,1.0,0.0,0.0,0.0,0.0,0.0,0.0,0.0,0.0,0.9996495246887207,7.269054185599089e-05,8.658962906338274e-05,5.644034899887629e-05,2.9643289963132702e-05,1.4434052900469396e-05,3.212768933735788e-05,3.3202893973793834e-05,2.5412888135178946e-05
1304,lung_epithelium,lung_epithelium,1,1.0,0.0,0.0,0.0,0.0,0.0,0.0,0.0,0.0,0.9994668364524841,3.088379526161589e-05,0.0003109874087385833,2.6279543817508966e-05,3.091488542850129e-05,2.444349229335785e-05,3.228714194847271e-05,3.612944783526473e-05,4.139465090702288e-05
1389,lung_epithelium,lung_epithelium,1,1.0,0.0,0.0,0.0,0.0,0.0,0.0,0.0,0.0,0.9995495676994324,0.00016882098861970007,1.809262357710395e-05,0.00012103941844543442,3.1151317671174183e-05,1.4002779607835691e-05,2.1440635464387015e-05,2.4819659302011132e-05,5.1063630962744355e-05
3028,liver,liver,1,0.0,1.0,0.0,0.0,0.0,0.0,0.0,0.0,0.0,0.013814408332109451,0.982395350933075,0.002774622291326523,0.00033251690911129117,4.9032918468583375e-05,3.188208938809112e-05,3.544783976394683e-05,3.256980562582612e-05,0.0005342547665350139
37,liver,liver,1,0.0,1.0,0.0,0.0,0.0,0.0,0.0,0.0,0.0,0.003464795183390379,0.822214663028717,0.0003289598389528692,0.17247313261032104,0.001117542153224349,9.689912258181721e-05,0.00014159899728838354,0.00011499474931042641,4.729995271191001e-05
1032,muscle,muscle,1,0.0,0.0,1.0,0.0,0.0,0.0,0.0,0.0,0.0,0.00014244711201172322,0.0010861807968467474,0.9985265731811523,0.0001145843998529017,2.596892045403365e-05,2.8769714845111594e-05,3.2298878068104386e-05,3.339812610647641e-05,9.724416486278642e-06
2794,lung_epithelium,lung_epithelium,1,1.0,0.0,0.0,0.0,0.0,0.0,0.0,0.0,0.0,0.9991915822029114,0.00042010899051092565,2.0405686882440932e-05,0.0002162567834602669,5.582300582318567e-05,1.0976164048770443e-05,1.679536399024073e-05,1.7912037947098725e-05,5.016575232730247e-05
1620,lung_epithelium,lung_epithelium,1,1.0,0.0,0.0,0.0,0.0,0.0,0.0,0.0,0.0,0.9995301961898804,3.739397652680054e-05,0.0002588144561741501,1.8208264009444974e-05,3.6840225220657885e-05,2.1947906134300865e-05,2.7596897780313157e-05,2.8356123948469758e-05,4.0634695324115455e-05
1624,lung_epithelium,lung_epithelium,1,1.0,0.0,0.0,0.0,0.0,0.0,0.0,0.0,0.0,0.9994893074035645,5.463878915179521e-05,0.0003013065434060991,2.0989147742511705e-05,3.349127291585319e-05,2.0216044504195452e-05,2.805842086672783e-05,2.5865052521112375e-05,2.6214178433292545e-05
48,liver,liver,1,0.0,1.0,0.0,0.0,0.0,0.0,0.0,0.0,0.0,0.045784469693899155,0.932629406452179,4.086442640982568e-05,0.020599164068698883,0.000619947852101177,6.247544661164284e-05,0.00010027335520135239,7.449906115652993e-05,8.887845615390688e-05
2111,lung_epithelium,lung_epithelium,1,1.0,0.0,0.0,0.0,0.0,0.0,0.0,0.0,0.0,0.999441921710968,4.643388092517853e-05,0.00029793946305289865,2.6415400498081e-05,2.8106502213631757e-05,2.0597717593773268e-05,2.533202678023372e-05,2.9299895686563104e-05,8.400114893447608e-05
2579,lung_epithelium,lung_epithelium,1,1.0,0.0,0.0,0.0,0.0,0.0,0.0,0.0,0.0,0.9986521601676941,0.0007261947030201554,0.0001244652521563694,4.6077315346337855e-05,1.71865031006746e-05,1.6730709830881096e-05,2.5791139705688693e-05,2.3078275262378156e-05,0.0003684893890749663
852,liver,liver,1,0.0,0.5,0.0,0.5,0.0,0.0,0.0,0.0,0.0,0.001289558713324368,0.5132175087928772,0.000848558556754142,0.4814987778663635,0.0025595726910978556,0.00010083395318360999,0.00010982688399963081,0.00010151389869861305,0.0002738433831837028
799,liver,liver,1,0.0,1.0,0.0,0.0,0.0,0.0,0.0,0.0,0.0,0.009011421352624893,0.9455172419548035,0.04233824089169502,0.00010592399485176429,0.00045732688158750534,0.00014725065557286143,0.00015797207015566528,0.00012882868759334087,0.0021357685327529907
1395,lung_epithelium,lung_epithelium,1,1.0,0.0,0.0,0.0,0.0,0.0,0.0,0.0,0.0,0.9996376037597656,7.481921056751162e-05,7.482713408535346e-05,6.434293754864484e-05,2.5494900910416618e-05,1.5576086298096925e-05,3.2904805266298354e-05,3.5904540709452704e-05,3.843646481982432e-05
548,muscle,muscle,1,0.0,0.0,1.0,0.0,0.0,0.0,0.0,0.0,0.0,0.00016568205319344997,0.00030727748526260257,0.9993513226509094,2.6547102606855333e-05,4.681042628362775e-05,2.2104912204667926e-05,1.9848057490889914e-05,2.6715411877376027e-05,3.366070086485706e-05
2436,lung_epithelium,lung_epithelium,1,1.0,0.0,0.0,0.0,0.0,0.0,0.0,0.0,0.0,0.9989239573478699,4.054237433592789e-05,0.000797658518422395,3.0144368793116882e-05,6.196026515681297e-05,2.3453880203305744e-05,3.183561420883052e-05,4.0996692405315116e-05,4.941878069075756e-05
1332,lung_epithelium,lung_epithelium,1,1.0,0.0,0.0,0.0,0.0,0.0,0.0,0.0,0.0,0.999448835849762,3.626183024607599e-05,0.000273065670626238,2.9010709113208577e-05,2.3484224584535696e-05,2.5583554815966636e-05,3.376806853339076e-05,3.87751788366586e-05,9.122502524405718e-05
2123,lung_epithelium,lung_epithelium,1,1.0,0.0,0.0,0.0,0.0,0.0,0.0,0.0,0.0,0.9994415640830994,0.00015866324247326702,5.044502904638648e-05,2.7954733013757505e-05,1.4064929928281344e-05,1.6994936231640168e-05,2.8290351110626943e-05,2.5068095055758022e-05,0.00023691760725341737
1235,lung_epithelium,lung_epithelium,1,1.0,0.0,0.0,0.0,0.0,0.0,0.0,0.0,0.0,0.999438464641571,7.819913298590109e-05,0.0003292827750556171,1.7371941794408485e-05,3.959580499213189e-05,2.066062188532669e-05,2.4084742108243518e-05,2.6366786187281832e-05,2.5917166567523964e-05
907,liver,liver,1,0.0,0.5,0.0,0.5,0.0,0.0,0.0,0.0,0.0,0.00036204542266204953,0.5396584272384644,0.0004976753261871636,0.4565930664539337,0.002195859095081687,0.00013460223271977156,0.00017704017227515578,0.00013783115718979388,0.00024349131854251027
1261,lung_epithelium,lung_epithelium,1,1.0,0.0,0.0,0.0,0.0,0.0,0.0,0.0,0.0,0.9995912909507751,6.992313865339383e-05,4.0488554077455774e-05,2.2710246412316337e-05,1.7160962670459412e-05,1.7396914699929766e-05,2.8716985980281606e-05,2.680071338545531e-05,0.0001854846195783466
2187,lung_epithelium,lung_epithelium,1,1.0,0.0,0.0,0.0,0.0,0.0,0.0,0.0,0.0,0.9991533756256104,7.300382276298478e-05,0.0005741362692788243,3.343512071296573e-05,2.71788849204313e-05,2.7609337848844007e-05,3.633102460298687e-05,4.0969400288304314e-05,3.4008484362857416e-05
1976,lung_epithelium,lung_epithelium,1,1.0,0.0,0.0,0.0,0.0,0.0,0.0,0.0,0.0,0.9997559189796448,6.846724136266857e-05,5.8234709285898134e-05,2.144675818271935e-05,1.731347401801031e-05,1.0556156667007599e-05,1.917853114719037e-05,1.673417864367366e-05,3.2165597076527774e-05
2510,lung_epithelium,lung_epithelium,1,1.0,0.0,0.0,0.0,0.0,0.0,0.0,0.0,0.0,0.9638537168502808,0.030605122447013855,0.00027035322273150086,7.181301771197468e-05,6.401677092071623e-05,5.6922111980384216e-05,6.488086364697665e-05,7.075348548823968e-05,0.004942338913679123
2883,liver,liver,1,0.0,0.20000000298023224,0.0,0.20000000298023224,0.0,0.20000000298023224,0.20000000298023224,0.20000000298023224,0.0,0.052442096173763275,0.31334739923477173,0.01324252039194107,0.13578644394874573,0.00018530254601500928,0.14786231517791748,0.15163666009902954,0.1849546879529953,0.0005425862036645412
137,lung_epithelium,lung_epithelium,1,1.0,0.0,0.0,0.0,0.0,0.0,0.0,0.0,0.0,0.5309734344482422,0.46757981181144714,0.0006724639097228646,0.0003332528576720506,0.0001272592635359615,4.746587001136504e-05,9.029835200635716e-05,0.00011029610323021188,6.562025373568758e-05
1754,lung_epithelium,lung_epithelium,1,1.0,0.0,0.0,0.0,0.0,0.0,0.0,0.0,0.0,0.9997261166572571,4.211366467643529e-05,0.00011653056571958587,1.9308070477563888e-05,2.2518745026900433e-05,1.0750527508207597e-05,1.8613387510413304e-05,1.9220455214963295e-05,2.484360447851941e-05
3306,ear,ear,1,0.0,0.0,0.0,0.0,0.0,0.0,0.0,0.0,1.0,0.0497049055993557,0.0001018508046399802,0.0003245985135436058,2.6006740881712176e-05,0.0019870270043611526,0.0002604452893137932,0.00023162341676652431,0.000296474143397063,0.9470670819282532
23,liver,liver,1,0.0,1.0,0.0,0.0,0.0,0.0,0.0,0.0,0.0,0.0005250557442195714,0.9803003072738647,2.3263972252607346e-05,0.007772182114422321,0.01097644492983818,7.670498598599806e-05,0.0001318657596129924,6.959554593777284e-05,0.00012453619274310768
520,liver,liver,1,0.0,1.0,0.0,0.0,0.0,0.0,0.0,0.0,0.0,0.05440082773566246,0.9440526962280273,0.0004518295172601938,0.0008309628465212882,3.991903577116318e-05,3.455294427112676e-05,6.053777178749442e-05,7.531914889113978e-05,5.330556086846627e-05
1889,lung_epithelium,lung_epithelium,1,1.0,0.0,0.0,0.0,0.0,0.0,0.0,0.0,0.0,0.999683141708374,6.603765359614044e-05,0.00012905166659038514,2.3158527255873196e-05,1.540410448797047e-05,1.1277817066002171e-05,2.1280562577885576e-05,1.9819175577140413e-05,3.100245157838799e-05
2162,lung_epithelium,lung_epithelium,1,1.0,0.0,0.0,0.0,0.0,0.0,0.0,0.0,0.0,0.9996986389160156,5.666387005476281e-05,5.933805005042814e-05,3.0195664294296876e-05,1.5639972843928263e-05,1.2070867342117708e-05,2.1422451027319767e-05,2.1782771000289358e-05,8.424240513704717e-05
3008,liver,liver,1,0.0,1.0,0.0,0.0,0.0,0.0,0.0,0.0,0.0,0.019184496253728867,0.9774706363677979,0.00039783300599083304,0.00021694053430110216,4.2200033931294456e-05,4.974437615601346e-05,5.146787952980958e-05,4.830885154660791e-05,0.0025384246837347746
1653,lung_epithelium,lung_epithelium,1,1.0,0.0,0.0,0.0,0.0,0.0,0.0,0.0,0.0,0.9993979930877686,6.407049659173936e-05,0.0003628726408351213,2.6311134206480347e-05,3.2497198844794184e-05,2.332596341148019e-05,3.325886791571975e-05,3.3051383070414886e-05,2.6575851734378375e-05
906,liver,liver,1,0.0,0.5,0.0,0.5,0.0,0.0,0.0,0.0,0.0,0.000529022712726146,0.5680765509605408,0.0007727744523435831,0.42929893732070923,0.000646019063424319,0.00015897478442639112,0.00020315739675424993,0.0001676449173828587,0.00014688525698147714
2898,liver,muscle,0,0.0,0.20000000298023224,0.0,0.20000000298023224,0.0,0.20000000298023224,0.20000000298023224,0.20000000298023224,0.0,0.0030777789652347565,0.02978833019733429,0.9440242648124695,0.0035355323925614357,6.471342931035906e-05,0.005513356998562813,0.0069710444658994675,0.006935221143066883,8.981444261735305e-05
2000,lung_epithelium,lung_epithelium,1,1.0,0.0,0.0,0.0,0.0,0.0,0.0,0.0,0.0,0.999663233757019,5.7861852837959304e-05,0.00016196866636164486,2.3570088160340674e-05,1.69552986335475e-05,1.0492842193343677e-05,1.842035817389842e-05,1.8498805729905143e-05,2.895487159548793e-05
349,liver,liver,1,0.0,1.0,0.0,0.0,0.0,0.0,0.0,0.0,0.0,0.2494145780801773,0.748233437538147,0.0017454163171350956,0.00017628491332288831,8.18900007288903e-05,6.273277540458366e-05,0.00011221723980270326,0.00012466602493077517,4.881004133494571e-05
3105,muscle,muscle,1,0.0,0.0,1.0,0.0,0.0,0.0,0.0,0.0,0.0,0.0005856562056578696,0.0004681435530073941,0.998654842376709,7.321024168049917e-05,4.9990747356787324e-05,1.5493278624489903e-05,1.760835039021913e-05,2.1575047867372632e-05,0.00011345795064698905
1097,muscle,muscle,1,0.0,0.0,1.0,0.0,0.0,0.0,0.0,0.0,0.0,0.00014799839118495584,0.00019654187781270593,0.9991683959960938,2.44591137743555e-05,0.000296206446364522,2.006660906772595e-05,1.9394678020034917e-05,2.235432475572452e-05,0.00010450233821757138
1793,lung_epithelium,lung_epithelium,1,1.0,0.0,0.0,0.0,0.0,0.0,0.0,0.0,0.0,0.999725878238678,9.493762627243996e-05,6.468499486800283e-05,1.174571934825508e-05,1.861106102296617e-05,1.254961625818396e-05,2.3495393179473467e-05,1.8500439182389528e-05,2.9531496693380177e-05
3054,muscle,muscle,1,0.0,0.0,1.0,0.0,0.0,0.0,0.0,0.0,0.0,0.05563974753022194,0.005109626334160566,0.9382508397102356,0.0004981482634320855,0.00011101930431323126,3.902283788193017e-05,5.459319072542712e-05,6.898409628774971e-05,0.0002280820335727185
1370,lung_epithelium,lung_epithelium,1,1.0,0.0,0.0,0.0,0.0,0.0,0.0,0.0,0.0,0.9996470212936401,5.90253112022765e-05,3.444843241595663e-05,2.0082083210581914e-05,1.958310531335883e-05,1.5799418179085478e-05,2.6060839445563033e-05,2.471384868840687e-05,0.0001532580645289272
236,liver,liver,1,0.0,1.0,0.0,0.0,0.0,0.0,0.0,0.0,0.0,0.031371116638183594,0.9674639701843262,3.0359304219018668e-05,0.00024154337006621063,5.1769300625892356e-05,0.00018284382531419396,0.0002105716266669333,0.00020024075638502836,0.0002475897199474275
2379,lung_epithelium,lung_epithelium,1,1.0,0.0,0.0,0.0,0.0,0.0,0.0,0.0,0.0,0.9990596175193787,0.00023863832757342607,5.29362223460339e-05,6.355436926241964e-05,1.463521857658634e-05,2.0598343326128088e-05,3.258855940657668e-05,3.521577309584245e-05,0.00048216775758191943
2993,liver,liver,1,0.0,1.0,0.0,0.0,0.0,0.0,0.0,0.0,0.0,0.014117732644081116,0.9693163633346558,0.0001572536421008408,0.0011982547584921122,3.2564621506026015e-05,0.00039377855136990547,0.0003652087179943919,0.0003947708464693278,0.01402414869517088
132,lung_epithelium,lung_epithelium,1,1.0,0.0,0.0,0.0,0.0,0.0,0.0,0.0,0.0,0.8082649111747742,0.18705162405967712,0.0038711302913725376,0.00010518592898733914,9.239295468432829e-05,0.00012442938168533146,0.0002119812706951052,0.00021822733106091619,6.017155101289973e-05
3210,bone_marrow,bone_marrow,1,0.0,0.0,0.0,0.0,1.0,0.0,0.0,0.0,0.0,0.02432928793132305,0.2899641692638397,0.00019931232964154333,0.08326733857393265,0.6012489795684814,0.00021682180522475392,0.0003218144702259451,0.00025649752933532,0.00019580374646466225
1658,lung_epithelium,lung_epithelium,1,1.0,0.0,0.0,0.0,0.0,0.0,0.0,0.0,0.0,0.9993900060653687,3.106180520262569e-05,0.0003830234636552632,3.018113420694135e-05,3.124738213955425e-05,2.3907528884592466e-05,3.398178159841336e-05,3.9516366086900234e-05,3.7122328649275005e-05
164,liver,liver,1,0.0,1.0,0.0,0.0,0.0,0.0,0.0,0.0,0.0,0.04090297594666481,0.9572730660438538,0.0004871964338235557,0.0010804581688717008,4.0168186387745664e-05,3.53713367076125e-05,6.027480776538141e-05,7.330670632654801e-05,4.716940384241752e-05
2367,lung_epithelium,lung_epithelium,1,1.0,0.0,0.0,0.0,0.0,0.0,0.0,0.0,0.0,0.9971930384635925,0.00018893352535087615,0.002109053311869502,0.00012147478992119431,0.0002073889336315915,1.651085949561093e-05,3.0263199732871726e-05,4.023624933324754e-05,9.306674473918974e-05
3035,liver,liver,1,0.0,1.0,0.0,0.0,0.0,0.0,0.0,0.0,0.0,0.006173740141093731,0.9911969900131226,0.00027269183192402124,0.0003284119884483516,1.8958646251121536e-05,6.667857815045863e-05,7.033754081930965e-05,7.805506902514026e-05,0.0017942148260772228
1857,lung_epithelium,lung_epithelium,1,1.0,0.0,0.0,0.0,0.0,0.0,0.0,0.0,0.0,0.9994864463806152,5.794355820398778e-05,0.00029390351846814156,1.9790442820522003e-05,3.539843964972533e-05,2.106366264342796e-05,2.9455943149514496e-05,2.7321022571413778e-05,2.85746282315813e-05
701,muscle,muscle,1,0.0,0.0,1.0,0.0,0.0,0.0,0.0,0.0,0.0,7.596006616950035e-05,8.601889567216858e-05,0.9996645450592041,1.2551287909445819e-05,5.386508928495459e-05,1.8290409570909105e-05,1.7103873688029125e-05,2.447462065902073e-05,4.714048918685876e-05
689,muscle,muscle,1,0.0,0.0,1.0,0.0,0.0,0.0,0.0,0.0,0.0,0.00013264462177176028,8.616784907644615e-05,0.9995788931846619,1.1889545930898748e-05,6.811336061218753e-05,1.990112468774896e-05,1.9955268726334907e-05,2.8681377443717793e-05,5.381072696764022e-05
3308,ear,ear,1,0.0,0.0,0.0,0.0,0.0,0.0,0.0,0.0,1.0,0.003764103166759014,8.547847392037511e-05,0.0007708121556788683,1.394759146933211e-05,0.00015961212920956314,7.50162434997037e-05,6.791056512156501e-05,8.709890971658751e-05,0.9949760437011719
944,liver,liver,1,0.0,0.5,0.0,0.5,0.0,0.0,0.0,0.0,0.0,0.0009406804456375539,0.49863800406455994,0.0003186117683071643,0.4969668984413147,0.002470259554684162,0.00010448905231896788,0.00013970158761367202,0.0001167397276731208,0.0003045531047973782
2005,lung_epithelium,lung_epithelium,1,1.0,0.0,0.0,0.0,0.0,0.0,0.0,0.0,0.0,0.9995299577713013,9.272490569856018e-05,0.00016914708248805255,6.53965980745852e-05,3.710784585564397e-05,1.4187694432621356e-05,3.308148370706476e-05,3.40372025675606e-05,2.4409673642367125e-05
2632,lung_epithelium,lung_epithelium,1,1.0,0.0,0.0,0.0,0.0,0.0,0.0,0.0,0.0,0.999342143535614,3.9233673305716366e-05,0.00039743364322930574,2.7682477593771182e-05,3.951078178943135e-05,2.067824243567884e-05,2.641279024828691e-05,3.5149594623362646e-05,7.166722207330167e-05
105,liver,liver,1,0.0,1.0,0.0,0.0,0.0,0.0,0.0,0.0,0.0,0.0013571834424510598,0.9936766028404236,0.0012115476420149207,0.0032397923059761524,0.0003347836318425834,4.016815000795759e-05,6.810199556639418e-05,4.940267535857856e-05,2.2426151190302335e-05
1073,muscle,muscle,1,0.0,0.0,1.0,0.0,0.0,0.0,0.0,0.0,0.0,0.0003041224554181099,0.0010256071109324694,0.9984139204025269,5.128118209540844e-05,0.00010574667976470664,1.9347975467098877e-05,2.0481558749452233e-05,2.2530595742864534e-05,3.687584467115812e-05
2752,lung_epithelium,lung_epithelium,1,1.0,0.0,0.0,0.0,0.0,0.0,0.0,0.0,0.0,0.9994271993637085,4.315186743042432e-05,0.00011450054444139823,1.4942453162802849e-05,3.496731733321212e-05,2.6216721380478702e-05,3.085851494688541e-05,3.0124341719783843e-05,0.0002780494396574795
2044,lung_epithelium,lung_epithelium,1,1.0,0.0,0.0,0.0,0.0,0.0,0.0,0.0,0.0,0.9993138313293457,6.116784788900986e-05,0.0001268074120162055,2.3509597667725757e-05,2.7826075893244706e-05,3.738962550414726e-05,4.38248498539906e-05,4.3171421566512436e-05,0.00032243694295175374
1699,lung_epithelium,lung_epithelium,1,1.0,0.0,0.0,0.0,0.0,0.0,0.0,0.0,0.0,0.9992449283599854,4.695785537478514e-05,0.000517968786880374,3.6203506169840693e-05,2.8750651836162433e-05,2.4190627300413325e-05,3.62142818630673e-05,3.771151750697754e-05,2.720723205129616e-05
2495,lung_epithelium,lung_epithelium,1,1.0,0.0,0.0,0.0,0.0,0.0,0.0,0.0,0.0,0.9992326498031616,8.686095679877326e-05,0.00037441178574226797,3.493071562843397e-05,2.711776141950395e-05,2.012338154600002e-05,2.620537270558998e-05,3.0467024771496654e-05,0.00016722716100048274
2380,lung_epithelium,lung_epithelium,1,1.0,0.0,0.0,0.0,0.0,0.0,0.0,0.0,0.0,0.9993450045585632,0.00019257073290646076,0.0001221410493599251,0.00015218061162158847,2.40349727391731e-05,1.8683553207665682e-05,3.595230373321101e-05,4.0307008021045476e-05,6.913425750099123e-05
1611,lung_epithelium,lung_epithelium,1,1.0,0.0,0.0,0.0,0.0,0.0,0.0,0.0,0.0,0.9993995428085327,5.3645879233954474e-05,0.00037014775443822145,2.3103479179553688e-05,3.8801488699391484e-05,2.337407750019338e-05,3.175998426740989e-05,3.281831959611736e-05,2.676229451026302e-05
3181,bone_marrow,bone_marrow,1,0.0,0.0,0.0,0.0,1.0,0.0,0.0,0.0,0.0,0.002924577798694372,0.11941717565059662,0.00038343644700944424,0.06751323491334915,0.7653335332870483,0.00016763497842475772,0.0001547550200484693,0.00017010995361488312,0.04393559694290161
1403,lung_epithelium,lung_epithelium,1,1.0,0.0,0.0,0.0,0.0,0.0,0.0,0.0,0.0,0.9996849298477173,6.365554872900248e-05,0.00011762608482968062,2.4767756258370355e-05,1.5057816199259833e-05,1.1639563126664143e-05,1.8811520931194536e-05,2.0398148990352638e-05,4.315369005780667e-05
1877,lung_epithelium,lung_epithelium,1,1.0,0.0,0.0,0.0,0.0,0.0,0.0,0.0,0.0,0.9997280240058899,5.81409694859758e-05,5.531398710445501e-05,2.1344547349144705e-05,1.5535717466264032e-05,1.2551941836136393e-05,2.429197593301069e-05,2.0579027477651834e-05,6.426229083444923e-05
1783,lung_epithelium,lung_epithelium,1,1.0,0.0,0.0,0.0,0.0,0.0,0.0,0.0,0.0,0.9997256398200989,9.579533070791513e-05,5.318528201314621e-05,1.0828496670001186e-05,2.1946150809526443e-05,1.4012273823027499e-05,2.905623841797933e-05,2.312565629836172e-05,2.646749089763034e-05
678,muscle,muscle,1,0.0,0.0,1.0,0.0,0.0,0.0,0.0,0.0,0.0,0.00013362134632188827,0.0001699617423582822,0.9995263814926147,1.8701846784097143e-05,4.903392255073413e-05,1.8945303963846527e-05,1.937703200383112e-05,2.6363371944171377e-05,3.758618549909443e-05
3090,muscle,muscle,1,0.0,0.0,1.0,0.0,0.0,0.0,0.0,0.0,0.0,0.0002580583095550537,0.0008618839201517403,0.9985926747322083,3.826622196356766e-05,3.338466922286898e-05,2.0904068151139654e-05,2.1666775865014642e-05,2.5084425942623056e-05,0.00014808714331593364
922,liver,liver,1,0.0,0.5,0.0,0.5,0.0,0.0,0.0,0.0,0.0,0.000401444238377735,0.5431002378463745,0.002814133185893297,0.4505351781845093,0.002426860388368368,0.0001485439424868673,0.00019560549117159098,0.00015912899107206613,0.00021895213285461068
543,muscle,muscle,1,0.0,0.0,1.0,0.0,0.0,0.0,0.0,0.0,0.0,0.00031349563505500555,0.00019358235294930637,0.9992879033088684,1.9180159142706543e-05,5.8042372984346e-05,1.968050310097169e-05,2.1423271391540766e-05,3.096948057645932e-05,5.575506293098442e-05
404,liver,liver,1,0.0,1.0,0.0,0.0,0.0,0.0,0.0,0.0,0.0,0.11278362572193146,0.8859879374504089,0.00023593018704559654,0.0005116832326166332,2.8911135814269073e-05,8.085549779934809e-05,0.0001387840457027778,0.00015537785657215863,7.687068136874586e-05
340,liver,liver,1,0.0,1.0,0.0,0.0,0.0,0.0,0.0,0.0,0.0,0.17947977781295776,0.8186314105987549,0.0010638663079589605,0.00046145456144586205,0.00013224412396084517,3.565104634617455e-05,6.961761391721666e-05,7.963018288137391e-05,4.630475086742081e-05
3114,muscle,muscle,1,0.0,0.0,1.0,0.0,0.0,0.0,0.0,0.0,0.0,0.00010763111640699208,0.0011644222540780902,0.9984258413314819,0.00012727991270367056,2.419489828753285e-05,2.81397151411511e-05,2.8581624064827338e-05,3.1190033041639253e-05,6.2811333918944e-05
2231,lung_epithelium,lung_epithelium,1,1.0,0.0,0.0,0.0,0.0,0.0,0.0,0.0,0.0,0.9994389414787292,3.440430373302661e-05,0.0003255146148148924,2.8686799851129763e-05,2.5876503059407696e-05,2.4213424694607966e-05,3.2958181691356e-05,3.635080065578222e-05,5.307402534526773e-05
2670,lung_epithelium,lung_epithelium,1,1.0,0.0,0.0,0.0,0.0,0.0,0.0,0.0,0.0,0.9995701909065247,8.048824383877218e-05,9.937833965523168e-05,5.9155958297196776e-05,4.402903141453862e-05,1.4826045116933528e-05,2.5078828912228346e-05,3.2118612580234185e-05,7.472610013792291e-05
2387,lung_epithelium,lung_epithelium,1,1.0,0.0,0.0,0.0,0.0,0.0,0.0,0.0,0.0,0.9993919134140015,0.00025149519206024706,9.719667286844924e-05,5.151984078111127e-05,1.271809742320329e-05,1.3681478776561562e-05,2.0350362319732085e-05,2.286240123794414e-05,0.00013822484470438212
2012,lung_epithelium,lung_epithelium,1,1.0,0.0,0.0,0.0,0.0,0.0,0.0,0.0,0.0,0.9995575547218323,0.00015009571507107466,3.26445369864814e-05,0.00015312194591388106,2.891734584409278e-05,1.2055221304763108e-05,2.0757590391440317e-05,2.281776505697053e-05,2.2103045921539888e-05
2623,lung_epithelium,lung_epithelium,1,1.0,0.0,0.0,0.0,0.0,0.0,0.0,0.0,0.0,0.999459445476532,0.0002006988215725869,0.00010138585639651865,7.058937626425177e-05,1.5668741980334744e-05,1.097006315831095e-05,1.8707569324760698e-05,2.082236642308999e-05,0.00010161002865061164
2877,lung_epithelium,lung_epithelium,1,1.0,0.0,0.0,0.0,0.0,0.0,0.0,0.0,0.0,0.9984839558601379,0.00016727566253393888,0.001111464574933052,5.426348798209801e-05,2.688769563974347e-05,2.7536740162759088e-05,3.70866218872834e-05,4.3509353417903185e-05,4.8033627535915e-05
1043,muscle,muscle,1,0.0,0.0,1.0,0.0,0.0,0.0,0.0,0.0,0.0,0.00039573185495100915,0.0012610903941094875,0.9981366395950317,4.6876040869392455e-05,7.150319288484752e-05,1.5784078641445376e-05,1.7761807612259872e-05,1.8533299225964583e-05,3.606292011681944e-05
1767,lung_epithelium,lung_epithelium,1,1.0,0.0,0.0,0.0,0.0,0.0,0.0,0.0,0.0,0.9995303153991699,6.878605199744925e-05,0.0002473594213370234,2.3985749066923745e-05,3.175314122927375e-05,1.9517152395565063e-05,2.9898385037085973e-05,2.7807083824882284e-05,2.0558481992338784e-05
1775,lung_epithelium,lung_epithelium,1,1.0,0.0,0.0,0.0,0.0,0.0,0.0,0.0,0.0,0.9994057416915894,3.8478156056953594e-05,0.00037838766002096236,2.609252078400459e-05,3.3903172152349725e-05,2.3248901925398968e-05,3.396223110030405e-05,3.525224019540474e-05,2.4902712539187633e-05
2496,lung_epithelium,lung_epithelium,1,1.0,0.0,0.0,0.0,0.0,0.0,0.0,0.0,0.0,0.9977104663848877,0.0014171218499541283,0.00029515489586628973,6.481664604507387e-05,2.715346090553794e-05,1.268492269446142e-05,1.6227420928771608e-05,1.85087865247624e-05,0.0004378699522931129
2666,lung_epithelium,lung_epithelium,1,1.0,0.0,0.0,0.0,0.0,0.0,0.0,0.0,0.0,0.9992815852165222,0.00013962833327241242,0.00038304453482851386,2.8789296266040765e-05,3.026256126759108e-05,1.9977223928435706e-05,2.393000067968387e-05,2.4307701096404344e-05,6.852141814306378e-05
3220,bone_marrow,bone_marrow,1,0.0,0.0,0.0,0.0,1.0,0.0,0.0,0.0,0.0,0.00044821022311225533,0.16974657773971558,0.0001806749787647277,0.02486465312540531,0.8022682070732117,0.00016677928215358406,0.00022573779278900474,0.00015812677156645805,0.001940979971550405
1151,lung_epithelium,lung_epithelium,1,1.0,0.0,0.0,0.0,0.0,0.0,0.0,0.0,0.0,0.9964019060134888,0.0008252669358626008,0.002353012328967452,0.00015502965834457427,6.795692752348259e-05,3.165744783473201e-05,6.623770605074242e-05,6.88760555931367e-05,3.0227223760448396e-05
1468,lung_epithelium,lung_epithelium,1,1.0,0.0,0.0,0.0,0.0,0.0,0.0,0.0,0.0,0.9996449947357178,0.00010543985990807414,7.271114736795425e-05,1.424180663889274e-05,1.9692022760864347e-05,1.2844296179537196e-05,2.0574376321746968e-05,1.8496950360713527e-05,9.103875345317647e-05
1499,lung_epithelium,lung_epithelium,1,1.0,0.0,0.0,0.0,0.0,0.0,0.0,0.0,0.0,0.9996756315231323,7.612168701598421e-05,0.00012008650810457766,2.801453047140967e-05,1.5331075701396912e-05,1.1299209290882573e-05,1.7278336599702016e-05,1.8478316633263603e-05,3.771129559027031e-05
2987,liver,liver,1,0.0,1.0,0.0,0.0,0.0,0.0,0.0,0.0,0.0,0.070845827460289,0.9223605394363403,0.006042193155735731,0.00022096710745245218,6.472952372860163e-05,6.505355122499168e-05,7.571741298306733e-05,8.538863767171279e-05,0.00023958204837981611
2475,lung_epithelium,lung_epithelium,1,1.0,0.0,0.0,0.0,0.0,0.0,0.0,0.0,0.0,0.9993057250976562,6.666377885267138e-05,0.0002507653262000531,3.5237218980910257e-05,2.5656141588115133e-05,2.425239290460013e-05,2.840358138200827e-05,3.403291339054704e-05,0.00022931821877136827
2304,lung_epithelium,lung_epithelium,1,1.0,0.0,0.0,0.0,0.0,0.0,0.0,0.0,0.0,0.9985450506210327,0.0002660283644217998,0.0009271162562072277,5.4107898904476315e-05,2.955318268504925e-05,2.7775171474786475e-05,3.303593257442117e-05,3.883948011207394e-05,7.860694313421845e-05
1942,lung_epithelium,lung_epithelium,1,1.0,0.0,0.0,0.0,0.0,0.0,0.0,0.0,0.0,0.9802420735359192,0.004532750695943832,4.880712367594242e-05,0.00012146186782047153,5.157798295840621e-05,0.00011234039993723854,0.0001359814195893705,0.00013461691560223699,0.014620433561503887
1646,lung_epithelium,lung_epithelium,1,1.0,0.0,0.0,0.0,0.0,0.0,0.0,0.0,0.0,0.9997726082801819,6.593998114112765e-05,6.242701783776283e-05,1.1550138879101723e-05,3.0363571568159387e-05,9.30616442929022e-06,1.6056377717177384e-05,1.3868128007743508e-05,1.7789341654861346e-05
1421,lung_epithelium,lung_epithelium,1,1.0,0.0,0.0,0.0,0.0,0.0,0.0,0.0,0.0,0.9993346333503723,3.454496982158162e-05,0.0004187369195278734,2.9714832635363564e-05,2.639725607878063e-05,2.6441750378580764e-05,3.787056994042359e-05,4.4187905587023124e-05,4.736928531201556e-05
1047,muscle,muscle,1,0.0,0.0,1.0,0.0,0.0,0.0,0.0,0.0,0.0,0.08646199107170105,0.026183759793639183,0.8857681751251221,0.0008025056449696422,0.0004772287211380899,3.8386489904951304e-05,5.0656250095926225e-05,6.247211422305554e-05,0.00015482184244319797
1128,lung_epithelium,lung_epithelium,1,1.0,0.0,0.0,0.0,0.0,0.0,0.0,0.0,0.0,0.9967948794364929,0.0002691879926715046,0.0026185393799096346,0.00011100585106760263,4.710096982307732e-05,3.4287473681615666e-05,5.021605102228932e-05,5.5473319662269205e-05,1.938987225003075e-05
2650,lung_epithelium,lung_epithelium,1,1.0,0.0,0.0,0.0,0.0,0.0,0.0,0.0,0.0,0.9995657801628113,6.589057011296973e-05,0.0002303694491274655,1.752355274220463e-05,3.6245121009415016e-05,1.7751111954567023e-05,2.268542448291555e-05,2.2740747226634994e-05,2.094967567245476e-05
2900,liver,liver,1,0.0,0.20000000298023224,0.0,0.20000000298023224,0.0,0.20000000298023224,0.20000000298023224,0.20000000298023224,0.0,0.23838989436626434,0.5762819051742554,0.007207701448351145,0.04872708022594452,0.0001694421371212229,0.035107336938381195,0.040433160960674286,0.05336351320147514,0.0003199696366209537
2975,liver,liver,1,0.0,1.0,0.0,0.0,0.0,0.0,0.0,0.0,0.0,0.0009161257185041904,0.996788501739502,0.0006942139589227736,0.00021104043116793036,1.3772381862509064e-05,7.250973430927843e-05,7.530937000410631e-05,6.83638354530558e-05,0.0011603140737861395
1602,lung_epithelium,lung_epithelium,1,1.0,0.0,0.0,0.0,0.0,0.0,0.0,0.0,0.0,0.9993190765380859,3.3425905712647364e-05,0.0004496830515563488,3.240757359890267e-05,3.374208608875051e-05,2.3731243345537223e-05,3.418149572098628e-05,4.014392470708117e-05,3.3567743230378255e-05
649,muscle,muscle,1,0.0,0.0,1.0,0.0,0.0,0.0,0.0,0.0,0.0,0.00018803296552505344,0.00017673062393441796,0.9994532465934753,1.8805547369993292e-05,6.696304626530036e-05,1.897063702926971e-05,1.7100224795285612e-05,2.45329320023302e-05,3.565223596524447e-05
227,liver,liver,1,0.0,1.0,0.0,0.0,0.0,0.0,0.0,0.0,0.0,0.021719040349125862,0.9771144986152649,0.00029430811991915107,0.0006175671005621552,2.5470013497397304e-05,3.331287734908983e-05,5.2410014177439734e-05,6.986411608522758e-05,7.34928107704036e-05
1964,lung_epithelium,lung_epithelium,1,1.0,0.0,0.0,0.0,0.0,0.0,0.0,0.0,0.0,0.9993969202041626,6.18714839220047e-05,0.00029895605985075235,2.3142050849855877e-05,2.878515442716889e-05,2.2564998289453797e-05,2.7683176085702144e-05,3.288110747234896e-05,0.00010704552551032975
2140,lung_epithelium,lung_epithelium,1,1.0,0.0,0.0,0.0,0.0,0.0,0.0,0.0,0.0,0.9996360540390015,7.789606024743989e-05,0.00014990421186666936,3.226576518500224e-05,1.4111511518422049e-05,1.1505689144541975e-05,1.916917426569853e-05,2.1055910110590048e-05,3.796191595029086e-05
1822,lung_epithelium,lung_epithelium,1,1.0,0.0,0.0,0.0,0.0,0.0,0.0,0.0,0.0,0.9996640682220459,6.941588071640581e-05,7.855137664591894e-05,4.5041368139209226e-05,2.4824181309668347e-05,1.7129492334788665e-05,3.738029772648588e-05,3.5752065741689876e-05,2.7860820409841835e-05
2771,lung_epithelium,lung_epithelium,1,1.0,0.0,0.0,0.0,0.0,0.0,0.0,0.0,0.0,0.9991735816001892,8.428838918916881e-05,0.0005592182860709727,3.2798725442262366e-05,2.538238732086029e-05,2.316226891707629e-05,3.239603029214777e-05,3.458785795373842e-05,3.454325633356348e-05
578,muscle,muscle,1,0.0,0.0,1.0,0.0,0.0,0.0,0.0,0.0,0.0,0.00013631694309879094,0.00014754706353414804,0.999550998210907,1.7555677914060652e-05,4.963761239196174e-05,2.1048053895356134e-05,1.9315075405756943e-05,2.6559699108474888e-05,3.0993625841801986e-05
576,muscle,muscle,1,0.0,0.0,1.0,0.0,0.0,0.0,0.0,0.0,0.0,0.00012291349412407726,0.00013194317580200732,0.9995762705802917,1.4747488421562593e-05,5.183117536944337e-05,1.9942242943216115e-05,1.7615120668779127e-05,2.5301362256868742e-05,3.934517008019611e-05
1614,lung_epithelium,lung_epithelium,1,1.0,0.0,0.0,0.0,0.0,0.0,0.0,0.0,0.0,0.999699592590332,4.186675141681917e-05,7.254410593304783e-05,3.471945092314854e-05,5.446313298307359e-05,1.4209331311576534e-05,2.770397622953169e-05,3.211881994502619e-05,2.289254916831851e-05
1904,lung_epithelium,lung_epithelium,1,1.0,0.0,0.0,0.0,0.0,0.0,0.0,0.0,0.0,0.9995614886283875,0.0001258739794138819,7.577628275612369e-05,2.4968761863419786e-05,1.2378540304780472e-05,1.2376805898384191e-05,1.9783870811806992e-05,2.073834002658259e-05,0.00014651294623035938
94,liver,liver,1,0.0,1.0,0.0,0.0,0.0,0.0,0.0,0.0,0.0,0.004285029601305723,0.9894067645072937,0.002030505333095789,0.003904622280970216,0.00016143341781571507,5.057208181824535e-05,7.706999167567119e-05,6.378009129548445e-05,2.0125375158386305e-05
2125,lung_epithelium,lung_epithelium,1,1.0,0.0,0.0,0.0,0.0,0.0,0.0,0.0,0.0,0.9995085000991821,0.00013966389815323055,0.00010049660340882838,0.0001027232501655817,2.1957879653200507e-05,1.6025584045564756e-05,3.427239425946027e-05,3.613005537772551e-05,4.024729787488468e-05
2601,lung_epithelium,lung_epithelium,1,1.0,0.0,0.0,0.0,0.0,0.0,0.0,0.0,0.0,0.9997010827064514,6.624049274250865e-05,9.418516128789634e-05,1.924684693221934e-05,2.6287860237061977e-05,9.081289135792758e-06,1.3997840142110363e-05,1.5452507795998827e-05,5.432326361187734e-05
1000,muscle,muscle,1,0.0,0.0,1.0,0.0,0.0,0.0,0.0,0.0,0.0,4.6482946345349774e-05,0.00036094654933549464,0.9993994235992432,2.260281144117471e-05,1.850390799518209e-05,2.8538752303575166e-05,3.0187780794221908e-05,2.819437941070646e-05,6.51230729999952e-05
1526,lung_epithelium,lung_epithelium,1,1.0,0.0,0.0,0.0,0.0,0.0,0.0,0.0,0.0,0.9995450377464294,5.396595224738121e-05,0.00016155707999132574,4.347843787400052e-05,7.856868614908308e-05,1.3534428035200108e-05,2.679456702026073e-05,3.340857438161038e-05,4.355343116912991e-05
2456,lung_epithelium,lung_epithelium,1,1.0,0.0,0.0,0.0,0.0,0.0,0.0,0.0,0.0,0.9971831440925598,0.0015247873961925507,0.0010075188474729657,0.00014954322250559926,2.1054640455986373e-05,1.0487393410585355e-05,1.5949861335684545e-05,1.946918564499356e-05,6.802675488870591e-05
3243,bone_marrow,bone_marrow,1,0.0,0.0,0.0,0.0,1.0,0.0,0.0,0.0,0.0,0.02043905481696129,0.0005853031179867685,0.0002240397734567523,7.214496145024896e-05,0.9132354259490967,0.0004749961371999234,0.00036371767055243254,0.000505623989738524,0.06409966200590134
1524,lung_epithelium,lung_epithelium,1,1.0,0.0,0.0,0.0,0.0,0.0,0.0,0.0,0.0,0.9997031092643738,7.177123188739643e-05,4.6580953494412825e-05,1.436491402273532e-05,2.1989566448610276e-05,1.1045475730497856e-05,1.7676729839877225e-05,1.632014027563855e-05,9.71475092228502e-05
2515,lung_epithelium,lung_epithelium,1,1.0,0.0,0.0,0.0,0.0,0.0,0.0,0.0,0.0,0.9991408586502075,0.00010277980618411675,0.0005432612379081547,2.8697122615994886e-05,2.7355759812053293e-05,2.1691657821065746e-05,2.8525275411084294e-05,3.554065915523097e-05,7.125598494894803e-05
1829,lung_epithelium,lung_epithelium,1,1.0,0.0,0.0,0.0,0.0,0.0,0.0,0.0,0.0,0.999710738658905,5.6574976042611524e-05,0.00011558036203496158,1.930029975483194e-05,1.696962681307923e-05,1.1887996151926927e-05,2.127711195498705e-05,2.0129555196035653e-05,2.7607331503531896e-05
2751,lung_epithelium,lung_epithelium,1,1.0,0.0,0.0,0.0,0.0,0.0,0.0,0.0,0.0,0.9996579885482788,5.408128708950244e-05,4.82932009617798e-05,3.486249624984339e-05,3.9956521504791453e-05,1.661674104980193e-05,3.272780668339692e-05,3.5711200325749815e-05,7.987590652192011e-05
1789,lung_epithelium,lung_epithelium,1,1.0,0.0,0.0,0.0,0.0,0.0,0.0,0.0,0.0,0.9991201758384705,4.975405317964032e-05,0.0006196262547746301,2.6477910068933852e-05,4.000012995675206e-05,2.9640194043167867e-05,4.295424514566548e-05,4.777017602464184e-05,2.353651507291943e-05
1177,lung_epithelium,liver,0,1.0,0.0,0.0,0.0,0.0,0.0,0.0,0.0,0.0,0.35936251282691956,0.3776632249355316,0.0002736388414632529,0.260223925113678,0.0011737915920093656,0.0001385107170790434,0.00016916540334932506,0.0002212356630479917,0.0007739909342490137
2206,lung_epithelium,lung_epithelium,1,1.0,0.0,0.0,0.0,0.0,0.0,0.0,0.0,0.0,0.9997500777244568,3.859562275465578e-05,5.176681952434592e-05,2.3389478883473203e-05,1.9947612599935383e-05,1.3229355317889713e-05,2.3960452381288633e-05,2.2012358385836706e-05,5.707480522687547e-05
2290,lung_epithelium,lung_epithelium,1,1.0,0.0,0.0,0.0,0.0,0.0,0.0,0.0,0.0,0.9993057250976562,0.00031287697493098676,3.749988172785379e-05,0.00021545184426940978,2.1016176106058992e-05,1.4008204743731767e-05,2.3544454961665906e-05,2.645019230840262e-05,4.345774868852459e-05
2725,lung_epithelium,lung_epithelium,1,1.0,0.0,0.0,0.0,0.0,0.0,0.0,0.0,0.0,0.9989880919456482,0.00015628387336619198,0.0004768965009134263,4.2185598431387916e-05,2.853865225915797e-05,2.3037851860863157e-05,2.6451216399436817e-05,3.311202090117149e-05,0.00022537351469509304
1056,muscle,muscle,1,0.0,0.0,1.0,0.0,0.0,0.0,0.0,0.0,0.0,0.00020681718888226897,0.0006388533511199057,0.9989559650421143,5.3400337492348626e-05,6.779764225939289e-05,1.4979072147980332e-05,1.6788168068160303e-05,1.7729978935676627e-05,2.7629534088191576e-05
978,liver,liver,1,0.0,0.5,0.0,0.5,0.0,0.0,0.0,0.0,0.0,0.0010936098406091332,0.5471781492233276,0.0009102127514779568,0.4474793076515198,0.002753231208771467,9.228811541106552e-05,0.00010503179510124028,9.460531873628497e-05,0.00029352240380831063
1880,lung_epithelium,lung_epithelium,1,1.0,0.0,0.0,0.0,0.0,0.0,0.0,0.0,0.0,0.9997227787971497,6.563091301359236e-05,5.282178972265683e-05,2.000160384341143e-05,1.5655230527045205e-05,1.2568285455927253e-05,2.4180049877031706e-05,1.9970460925833322e-05,6.64063190924935e-05
2238,lung_epithelium,lung_epithelium,1,1.0,0.0,0.0,0.0,0.0,0.0,0.0,0.0,0.0,0.9995803236961365,0.00010082715743919834,0.00010815844143508002,6.63893879391253e-05,2.479191607562825e-05,1.6283449440379627e-05,3.834785457001999e-05,3.769899922190234e-05,2.726900129346177e-05
96,liver,liver,1,0.0,1.0,0.0,0.0,0.0,0.0,0.0,0.0,0.0,0.00411964813247323,0.9909201860427856,0.0017931604525074363,0.0025997424963861704,0.00038772416883148253,4.0613478631712496e-05,6.178516196087003e-05,5.504675573320128e-05,2.2122860173112713e-05
333,liver,liver,1,0.0,1.0,0.0,0.0,0.0,0.0,0.0,0.0,0.0,0.015053710900247097,0.9789062738418579,0.003820027457550168,0.0018494840478524566,0.00011672355321934447,5.76424972678069e-05,9.595248411642388e-05,8.933848585002124e-05,1.0937386832665652e-05
2378,lung_epithelium,lung_epithelium,1,1.0,0.0,0.0,0.0,0.0,0.0,0.0,0.0,0.0,0.9987708926200867,0.0003439939464442432,5.7372086303075776e-05,6.0992468206677586e-05,1.5572171832900494e-05,2.2050227926229127e-05,3.319235111121088e-05,3.4942357160616666e-05,0.0006609440897591412
2758,lung_epithelium,lung_epithelium,1,1.0,0.0,0.0,0.0,0.0,0.0,0.0,0.0,0.0,0.9995323419570923,0.00019279555999673903,1.1615223229455296e-05,8.243322372436523e-05,4.39614086644724e-05,1.3712467989535071e-05,2.226723518106155e-05,2.1714378817705438e-05,7.92485661804676e-05
1555,lung_epithelium,lung_epithelium,1,1.0,0.0,0.0,0.0,0.0,0.0,0.0,0.0,0.0,0.9996426105499268,0.00012778869131579995,2.44579841819359e-05,8.478056406602263e-05,2.9478165743057616e-05,1.2760375284415204e-05,1.941882146638818e-05,2.2089561753091402e-05,3.668980934889987e-05
1125,lung_epithelium,lung_epithelium,1,1.0,0.0,0.0,0.0,0.0,0.0,0.0,0.0,0.0,0.9944559931755066,0.0005408696597442031,0.004559507593512535,0.00014769112749490887,6.336694059427828e-05,4.7788973461138085e-05,7.380976603599265e-05,7.523912790929899e-05,3.5639011912280694e-05
2807,lung_epithelium,lung_epithelium,1,1.0,0.0,0.0,0.0,0.0,0.0,0.0,0.0,0.0,0.9881523251533508,0.006552818696945906,4.9920909077627584e-05,0.004935959819704294,9.971340477932245e-05,2.6050871383631602e-05,4.162441109656356e-05,4.460947820916772e-05,9.705305274110287e-05
1623,lung_epithelium,lung_epithelium,1,1.0,0.0,0.0,0.0,0.0,0.0,0.0,0.0,0.0,0.9997847676277161,5.487005546456203e-05,4.5393320760922506e-05,1.7366677639074624e-05,2.2674406864098273e-05,9.2879945441382e-06,1.836205046856776e-05,1.4508049389405642e-05,3.276778443250805e-05
259,liver,liver,1,0.0,1.0,0.0,0.0,0.0,0.0,0.0,0.0,0.0,0.012943299487233162,0.9864963889122009,0.00011438483488745987,0.000269365991698578,4.180479299975559e-05,2.5264047508244403e-05,3.439417923800647e-05,4.492859443416819e-05,3.0071032597334124e-05
1731,lung_epithelium,lung_epithelium,1,1.0,0.0,0.0,0.0,0.0,0.0,0.0,0.0,0.0,0.9997091889381409,5.255215728539042e-05,3.677994027384557e-05,2.7651474738377146e-05,1.6582051102886908e-05,1.5520630768151022e-05,2.673721610335633e-05,2.7404988941270858e-05,8.760359924053773e-05
371,liver,liver,1,0.0,1.0,0.0,0.0,0.0,0.0,0.0,0.0,0.0,0.2808496952056885,0.717511773109436,0.0005851740716025233,0.0006169454427435994,5.94052326050587e-05,6.307861622190103e-05,0.00011307319073239341,0.0001329904334852472,6.789934559492394e-05
1474,lung_epithelium,lung_epithelium,1,1.0,0.0,0.0,0.0,0.0,0.0,0.0,0.0,0.0,0.9997159838676453,6.021453009452671e-05,0.0001142681940109469,1.4715507859364152e-05,2.0631758161471225e-05,1.0475328053871635e-05,1.5436624380527064e-05,1.6724639863241464e-05,3.155062222504057e-05
1763,lung_epithelium,lung_epithelium,1,1.0,0.0,0.0,0.0,0.0,0.0,0.0,0.0,0.0,0.9997361302375793,7.949653081595898e-05,2.2069392798584886e-05,3.5190489143133163e-05,4.565589551930316e-05,1.2371107914077584e-05,1.8020193238044158e-05,1.9155340851284564e-05,3.189344351994805e-05
1385,lung_epithelium,lung_epithelium,1,1.0,0.0,0.0,0.0,0.0,0.0,0.0,0.0,0.0,0.9996752738952637,4.712890222435817e-05,3.877198469126597e-05,2.3401427824865095e-05,1.9693821741384454e-05,1.5427225662278943e-05,2.5520866984152235e-05,2.5853141778497957e-05,0.00012892615632154047
539,muscle,muscle,1,0.0,0.0,1.0,0.0,0.0,0.0,0.0,0.0,0.0,0.00011746882228180766,0.00015889786300249398,0.9995430707931519,1.5660656572435983e-05,4.170901229372248e-05,2.0140867491136305e-05,2.013648918364197e-05,2.692818088689819e-05,5.601577868219465e-05
1632,lung_epithelium,lung_epithelium,1,1.0,0.0,0.0,0.0,0.0,0.0,0.0,0.0,0.0,0.9997491240501404,5.577021875069477e-05,9.364208381157368e-05,1.9448711100267246e-05,2.163259887311142e-05,8.906850780476816e-06,1.733371027512476e-05,1.5063609680510126e-05,1.9123501260764897e-05
219,liver,liver,1,0.0,1.0,0.0,0.0,0.0,0.0,0.0,0.0,0.0,0.23903632164001465,0.7576152682304382,0.002727996092289686,0.00019170249288436025,0.0001034570814226754,5.648920341627672e-05,9.97502138488926e-05,0.0001149517047451809,5.4088370234239846e-05
2599,lung_epithelium,lung_epithelium,1,1.0,0.0,0.0,0.0,0.0,0.0,0.0,0.0,0.0,0.9993676543235779,3.786275192396715e-05,0.0004034457087982446,2.7538648282643408e-05,3.904509503627196e-05,2.014111669268459e-05,2.7610045435721986e-05,3.292353721917607e-05,4.385944703244604e-05
2473,lung_epithelium,lung_epithelium,1,1.0,0.0,0.0,0.0,0.0,0.0,0.0,0.0,0.0,0.9989936947822571,9.480731387156993e-05,0.0007032419089227915,3.797216049861163e-05,2.8162057787994854e-05,2.511049206077587e-05,3.2788255339255556e-05,3.891741653205827e-05,4.542519309325144e-05
601,muscle,muscle,1,0.0,0.0,1.0,0.0,0.0,0.0,0.0,0.0,0.0,0.00012116054131183773,0.0001812974805943668,0.9995265007019043,1.879505543911364e-05,5.675816282746382e-05,1.7776619642972946e-05,1.7301446860074066e-05,2.3924523702589795e-05,3.650093640317209e-05
2345,lung_epithelium,lung_epithelium,1,1.0,0.0,0.0,0.0,0.0,0.0,0.0,0.0,0.0,0.9992907047271729,6.264574767556041e-05,0.0004156341892667115,3.7069115933263674e-05,2.845892777258996e-05,1.697584957582876e-05,2.2446321963798255e-05,2.727186438278295e-05,9.870064241113141e-05
1342,lung_epithelium,lung_epithelium,1,1.0,0.0,0.0,0.0,0.0,0.0,0.0,0.0,0.0,0.9996337890625,4.846768206334673e-05,3.731843753485009e-05,1.260116641788045e-05,2.934769872808829e-05,1.4743584870302584e-05,2.4300459699588828e-05,2.4560400561313145e-05,0.00017491210019215941
888,liver,liver,1,0.0,0.5,0.0,0.5,0.0,0.0,0.0,0.0,0.0,0.0012542431941255927,0.6380351781845093,0.0011427176650613546,0.35837695002555847,0.0004566069401334971,0.00020073630730621517,0.0002346351684536785,0.00023536027583759278,6.356748781399801e-05
368,liver,liver,1,0.0,1.0,0.0,0.0,0.0,0.0,0.0,0.0,0.0,0.12420955300331116,0.8739362955093384,0.0004213162465021014,0.0010444107465445995,3.957220178563148e-05,5.593420792138204e-05,9.722082177177072e-05,0.00012102627079002559,7.462871144525707e-05
263,liver,liver,1,0.0,1.0,0.0,0.0,0.0,0.0,0.0,0.0,0.0,0.18754664063453674,0.8107529878616333,0.0011394990142434835,0.00020324908837210387,6.61912199575454e-05,5.1514682127162814e-05,8.76028643688187e-05,0.00010677431419026107,4.557133070193231e-05
984,liver,liver,1,0.0,0.5,0.0,0.5,0.0,0.0,0.0,0.0,0.0,0.0035035486798733473,0.5929622054100037,0.00031331850914284587,0.40201592445373535,0.000644553336314857,0.00010632448538672179,0.00012031331425532699,0.00011743394861696288,0.0002163501048926264
1250,lung_epithelium,lung_epithelium,1,1.0,0.0,0.0,0.0,0.0,0.0,0.0,0.0,0.0,0.9995055198669434,8.571624493924901e-05,4.756784619530663e-05,2.0479777958826162e-05,0.00021615622972603887,1.622616582608316e-05,2.643719381012488e-05,3.4269811294507235e-05,4.767470818478614e-05
2593,lung_epithelium,lung_epithelium,1,1.0,0.0,0.0,0.0,0.0,0.0,0.0,0.0,0.0,0.9746740460395813,0.016199739649891853,9.202575893141329e-05,0.00857709813863039,8.899916429072618e-05,4.1669016354717314e-05,6.166008824948221e-05,6.625598325626925e-05,0.0001984360278584063
1814,lung_epithelium,lung_epithelium,1,1.0,0.0,0.0,0.0,0.0,0.0,0.0,0.0,0.0,0.9996236562728882,5.045807483838871e-05,0.00015742596588097513,1.191712999570882e-05,4.220801201881841e-05,2.044551001745276e-05,2.3252265236806124e-05,2.3713135306024924e-05,4.698789052781649e-05
62,liver,liver,1,0.0,1.0,0.0,0.0,0.0,0.0,0.0,0.0,0.0,0.006201573647558689,0.9684527516365051,3.51868657162413e-05,0.024304654449224472,0.0007531556766480207,5.0212482165079564e-05,9.089567174669355e-05,5.977660839562304e-05,5.185340705793351e-05
1116,lung_epithelium,lung_epithelium,1,1.0,0.0,0.0,0.0,0.0,0.0,0.0,0.0,0.0,0.9962815642356873,0.00046356915845535696,0.002880674321204424,0.0001286801416426897,4.551688107312657e-05,4.1377556044608355e-05,5.7289817050332204e-05,6.489898805739358e-05,3.645217293524183e-05
1988,lung_epithelium,lung_epithelium,1,1.0,0.0,0.0,0.0,0.0,0.0,0.0,0.0,0.0,0.9996115565299988,7.272903167176992e-05,0.00013061559002380818,1.987840369110927e-05,3.2335054129362106e-05,2.330108509340789e-05,3.028274659300223e-05,2.4939883587649092e-05,5.449095988296904e-05
1824,lung_epithelium,lung_epithelium,1,1.0,0.0,0.0,0.0,0.0,0.0,0.0,0.0,0.0,0.9993420243263245,3.2500676752533764e-05,0.0004254421219229698,2.759514973149635e-05,2.9847062251064926e-05,2.687084997887723e-05,3.675833431771025e-05,4.231100683682598e-05,3.660214497358538e-05
812,liver,liver,1,0.0,1.0,0.0,0.0,0.0,0.0,0.0,0.0,0.0,0.015712274238467216,0.9811115860939026,0.0018716583726927638,0.00018518527213018388,0.0006766148144379258,0.00012009875354124233,0.00017397309420630336,0.00011168819764861837,3.7003192119300365e-05
1712,lung_epithelium,lung_epithelium,1,1.0,0.0,0.0,0.0,0.0,0.0,0.0,0.0,0.0,0.9996035695075989,0.00016812329704407603,2.9155413358239457e-05,9.733442129800096e-05,2.7187552404939197e-05,1.191418596135918e-05,2.141896402463317e-05,1.9695715309353545e-05,2.1707166524720378e-05
752,muscle,muscle,1,0.0,0.0,1.0,0.0,0.0,0.0,0.0,0.0,0.0,5.869329470442608e-05,9.434557432541624e-05,0.9996852874755859,1.317221176577732e-05,4.272410660632886e-05,1.909084676299244e-05,1.7638541976339184e-05,2.4939650757005438e-05,4.4084266846766695e-05
1055,muscle,muscle,1,0.0,0.0,1.0,0.0,0.0,0.0,0.0,0.0,0.0,0.00031527699320577085,0.012316672131419182,0.9867847561836243,0.00010678175021894276,5.747285467805341e-05,3.548601671354845e-05,3.604030280257575e-05,3.6919933336321265e-05,0.000310583011014387
723,muscle,muscle,1,0.0,0.0,1.0,0.0,0.0,0.0,0.0,0.0,0.0,5.798979691462591e-05,8.231659012380987e-05,0.9996985197067261,1.4891378668835387e-05,3.940431633964181e-05,2.191205021517817e-05,2.073297400784213e-05,2.808222961903084e-05,3.6235003790352494e-05
1633,lung_epithelium,lung_epithelium,1,1.0,0.0,0.0,0.0,0.0,0.0,0.0,0.0,0.0,0.9993351101875305,3.868987914756872e-05,0.00044909369898959994,2.987729931192007e-05,3.6625006032409146e-05,2.237979424535297e-05,3.2434007152915e-05,3.387546894373372e-05,2.1861722416360863e-05
1921,lung_epithelium,lung_epithelium,1,1.0,0.0,0.0,0.0,0.0,0.0,0.0,0.0,0.0,0.999377429485321,5.283709106151946e-05,0.0003402647562325001,3.063191979890689e-05,2.4606353690614924e-05,2.3327884264290333e-05,2.933801442850381e-05,3.3206775697181e-05,8.844793046591803e-05
2167,lung_epithelium,lung_epithelium,1,1.0,0.0,0.0,0.0,0.0,0.0,0.0,0.0,0.0,0.9995973706245422,0.00023262285685632378,5.772543227067217e-05,1.634146065043751e-05,4.3926593207288533e-05,7.965672921272926e-06,1.5734969565528445e-05,1.1000693120877258e-05,1.734991565172095e-05
2189,lung_epithelium,lung_epithelium,1,1.0,0.0,0.0,0.0,0.0,0.0,0.0,0.0,0.0,0.9994210004806519,4.749298022943549e-05,0.0002100111887557432,2.9435957912937738e-05,2.4694880266906694e-05,2.8975808163522743e-05,3.38032805302646e-05,3.852379450108856e-05,0.00016623205738142133
2040,lung_epithelium,lung_epithelium,1,1.0,0.0,0.0,0.0,0.0,0.0,0.0,0.0,0.0,0.999593198299408,0.00010125745757250115,8.075258665485308e-05,3.07143091049511e-05,1.2671294825850055e-05,1.811535912565887e-05,2.9409404305624776e-05,2.9868971978430636e-05,0.00010419749014545232
288,liver,liver,1,0.0,1.0,0.0,0.0,0.0,0.0,0.0,0.0,0.0,0.24556659162044525,0.7529699802398682,0.0001654253137530759,0.0007045043748803437,3.656693297671154e-05,8.64813628140837e-05,0.00014628712960984558,0.00018135199206881225,0.00014283992641139776
3041,liver,liver,1,0.0,1.0,0.0,0.0,0.0,0.0,0.0,0.0,0.0,0.004040416795760393,0.931665301322937,0.06157561391592026,0.0018845810554921627,5.9232726925984025e-05,9.46620202739723e-05,0.00010737225966295227,9.674627654021606e-05,0.00047606544103473425
1790,lung_epithelium,lung_epithelium,1,1.0,0.0,0.0,0.0,0.0,0.0,0.0,0.0,0.0,0.9993638396263123,6.254210165934637e-05,0.00041050862637348473,2.0136179955443367e-05,2.979509736178443e-05,2.3877257262938656e-05,3.2405194360762835e-05,3.340213152114302e-05,2.3501605028286576e-05
2717,lung_epithelium,lung_epithelium,1,1.0,0.0,0.0,0.0,0.0,0.0,0.0,0.0,0.0,0.9988521337509155,0.00011571050708880648,0.0008278946625068784,4.5045195292914286e-05,3.0556198908016086e-05,2.412427420495078e-05,3.251077578170225e-05,3.8359557947842404e-05,3.3631153200985864e-05
1944,lung_epithelium,lung_epithelium,1,1.0,0.0,0.0,0.0,0.0,0.0,0.0,0.0,0.0,0.9990923404693604,0.000150681720697321,7.276616815943271e-05,7.377107976935804e-05,3.455652404227294e-05,3.0233928555389866e-05,4.578838706947863e-05,5.3896106692263857e-05,0.00044607979361899197
3030,liver,liver,1,0.0,1.0,0.0,0.0,0.0,0.0,0.0,0.0,0.0,0.0018744772532954812,0.9943826198577881,0.00017861030937638134,0.000578107952605933,1.4835986803518608e-05,0.0001793372503016144,0.00016720054554753006,0.00017610519716981798,0.002448656130582094
2719,lung_epithelium,lung_epithelium,1,1.0,0.0,0.0,0.0,0.0,0.0,0.0,0.0,0.0,0.999372661113739,7.897397881606594e-05,0.0002891490876208991,3.941627801395953e-05,2.477431007719133e-05,1.9958935808972456e-05,2.420406053715851e-05,2.889038842113223e-05,0.00012201065692352131
2667,lung_epithelium,lung_epithelium,1,1.0,0.0,0.0,0.0,0.0,0.0,0.0,0.0,0.0,0.9887633323669434,0.007334087044000626,7.505997928092256e-05,0.003439895110204816,0.000205197386094369,1.6959082131506875e-05,2.137514456990175e-05,2.4538319848943502e-05,0.00011948357132496312
2762,lung_epithelium,lung_epithelium,1,1.0,0.0,0.0,0.0,0.0,0.0,0.0,0.0,0.0,0.9992284774780273,7.891824498074129e-05,0.000500644906423986,2.8815346013288945e-05,2.366904118389357e-05,2.6144030925934203e-05,3.8315312849590555e-05,4.035707752336748e-05,3.4576169127831236e-05
5,liver,liver,1,0.0,1.0,0.0,0.0,0.0,0.0,0.0,0.0,0.0,0.008147581480443478,0.8946614861488342,8.802937372820452e-05,0.09552939236164093,9.535798744764179e-05,0.00026282022008672357,0.0002621458552312106,0.00028791665681637824,0.0006653205491602421
1305,lung_epithelium,lung_epithelium,1,1.0,0.0,0.0,0.0,0.0,0.0,0.0,0.0,0.0,0.9997180104255676,5.3924151870887727e-05,0.00011347069084877148,2.086234417220112e-05,1.858420182543341e-05,1.1523863577167504e-05,1.9931208953494206e-05,2.0020403098897077e-05,2.3688768123975024e-05
2686,lung_epithelium,lung_epithelium,1,1.0,0.0,0.0,0.0,0.0,0.0,0.0,0.0,0.0,0.9901672601699829,0.005598533432930708,4.2285297240596265e-05,0.0037267785519361496,7.171211473178118e-05,3.378725887159817e-05,5.294885704643093e-05,5.647751095239073e-05,0.00025009133969433606
3201,bone_marrow,bone_marrow,1,0.0,0.0,0.0,0.0,1.0,0.0,0.0,0.0,0.0,0.0006899990839883685,0.003772767959162593,5.722306377720088e-05,0.0007255526725202799,0.9932017922401428,4.872431236435659e-05,5.068416066933423e-05,4.86595781694632e-05,0.0014047235017642379
1338,lung_epithelium,lung_epithelium,1,1.0,0.0,0.0,0.0,0.0,0.0,0.0,0.0,0.0,0.9996578693389893,4.652947609429248e-05,4.2208492232020944e-05,1.2852842701249756e-05,2.778868110908661e-05,1.3797373867419083e-05,2.2356045519700274e-05,2.3050219169817865e-05,0.0001534605398774147
1245,lung_epithelium,lung_epithelium,1,1.0,0.0,0.0,0.0,0.0,0.0,0.0,0.0,0.0,0.9995150566101074,6.326663424260914e-05,0.0002647780638653785,1.4751958588021807e-05,3.866235783789307e-05,1.9960181816713884e-05,2.249628414574545e-05,2.5425539206480607e-05,3.5624223528429866e-05
2161,lung_epithelium,lung_epithelium,1,1.0,0.0,0.0,0.0,0.0,0.0,0.0,0.0,0.0,0.9990454316139221,7.378571172012016e-05,0.0006940833409316838,3.274061600677669e-05,3.026637750735972e-05,2.445113568683155e-05,3.380672569619492e-05,3.718303923960775e-05,2.8179691071272828e-05
199,liver,liver,1,0.0,1.0,0.0,0.0,0.0,0.0,0.0,0.0,0.0,0.24273453652858734,0.7557568550109863,0.0006443471647799015,0.0005070751649327576,6.019238571752794e-05,4.653601354220882e-05,9.436245454708114e-05,0.00010186155122937635,5.4143161833053455e-05
834,liver,liver,1,0.0,0.5,0.0,0.5,0.0,0.0,0.0,0.0,0.0,0.013982578180730343,0.5654398798942566,0.000439685391029343,0.4189959764480591,0.0002647941291797906,0.0002036027144640684,0.00025936070596799254,0.00025356776313856244,0.00016049873374868184
1206,lung_epithelium,lung_epithelium,1,1.0,0.0,0.0,0.0,0.0,0.0,0.0,0.0,0.0,0.9997809529304504,3.9290152926696464e-05,4.051497671753168e-05,1.0299283530912362e-05,2.803148345265072e-05,1.2358667845546734e-05,2.1080340957269073e-05,1.9552659068722278e-05,4.791523315361701e-05
2291,lung_epithelium,lung_epithelium,1,1.0,0.0,0.0,0.0,0.0,0.0,0.0,0.0,0.0,0.9982531666755676,0.000811855832580477,3.89724773413036e-05,0.0007434364524669945,2.622311149025336e-05,1.665275703999214e-05,3.0070335924392566e-05,3.3153894037241116e-05,4.6571720304200426e-05
1031,muscle,muscle,1,0.0,0.0,1.0,0.0,0.0,0.0,0.0,0.0,0.0,0.00033670582342892885,0.0012715625343844295,0.9981942772865295,6.370433402480558e-05,4.7172579797916114e-05,1.7847785784397274e-05,2.335114186280407e-05,2.2075064407545142e-05,2.3288781449082308e-05
152,liver,liver,1,0.0,1.0,0.0,0.0,0.0,0.0,0.0,0.0,0.0,0.07259215414524078,0.9097868800163269,0.0002356681361561641,0.016850411891937256,0.00017229848890565336,8.339505438925698e-05,0.00012784321734216064,0.0001241574645973742,2.7264075470156968e-05
2585,lung_epithelium,lung_epithelium,1,1.0,0.0,0.0,0.0,0.0,0.0,0.0,0.0,0.0,0.9993013143539429,0.00031555694295093417,0.0001881828939076513,5.885169957764447e-05,1.3850673894921783e-05,1.0158566510654055e-05,1.5719107977929525e-05,1.754419645294547e-05,7.876061863498762e-05
222,liver,liver,1,0.0,1.0,0.0,0.0,0.0,0.0,0.0,0.0,0.0,0.049507025629282,0.9483830332756042,0.000658000644762069,0.00117114232853055,3.751798067241907e-05,3.720624590641819e-05,6.526705692522228e-05,7.831979019101709e-05,6.244203541427851e-05
1175,lung_epithelium,lung_epithelium,1,1.0,0.0,0.0,0.0,0.0,0.0,0.0,0.0,0.0,0.9989423155784607,0.00013286339526530355,0.0006897257990203798,3.69967965525575e-05,2.9771399567835033e-05,2.753451553871855e-05,3.2290299714077264e-05,3.887346247211099e-05,6.960744212847203e-05
855,liver,liver,1,0.0,0.5,0.0,0.5,0.0,0.0,0.0,0.0,0.0,0.002363839652389288,0.5434718132019043,0.0007486536633223295,0.45226800441741943,0.0005796031327918172,0.00012499987496994436,0.0001420720072928816,0.00014493383059743792,0.00015611833077855408
2813,lung_epithelium,lung_epithelium,1,1.0,0.0,0.0,0.0,0.0,0.0,0.0,0.0,0.0,0.9856605529785156,0.007179508917033672,7.197998638730496e-05,0.0067353397607803345,0.00019471645646262914,2.2386637283489108e-05,3.4263593988725916e-05,3.977789674536325e-05,6.161403143778443e-05
973,liver,liver,1,0.0,0.5,0.0,0.5,0.0,0.0,0.0,0.0,0.0,0.0003176397876814008,0.50835120677948,0.006958990357816219,0.4718587100505829,0.010042396374046803,0.0005289785331115127,0.0008323841611854732,0.00042669347021728754,0.0006829863414168358
1893,lung_epithelium,lung_epithelium,1,1.0,0.0,0.0,0.0,0.0,0.0,0.0,0.0,0.0,0.9996206760406494,8.832564344629645e-05,9.443597809877247e-05,5.9309095377102494e-05,2.2232938135857694e-05,1.5295900084311143e-05,3.571395427570678e-05,3.44134823535569e-05,2.9581886337837204e-05
919,liver,liver,1,0.0,0.5,0.0,0.5,0.0,0.0,0.0,0.0,0.0,0.0007586930296383798,0.538482129573822,0.0006435386603698134,0.45801347494125366,0.0015291295712813735,0.00012378905375953764,0.00018596462905406952,0.0001418846659362316,0.00012143053027102724
1744,lung_epithelium,lung_epithelium,1,1.0,0.0,0.0,0.0,0.0,0.0,0.0,0.0,0.0,0.999765932559967,5.1977091061417013e-05,3.942396870115772e-05,1.5278890714398585e-05,2.304148074472323e-05,1.1198761967534665e-05,1.990452437894419e-05,1.7402160665369593e-05,5.5922566389199346e-05
1723,lung_epithelium,lung_epithelium,1,1.0,0.0,0.0,0.0,0.0,0.0,0.0,0.0,0.0,0.9991540908813477,4.6483633923344314e-05,0.0005923513090237975,4.0843697206582874e-05,3.1814957765163854e-05,2.7124913685838692e-05,3.996236409875564e-05,4.39795694546774e-05,2.3288133888854645e-05
125,lung_epithelium,lung_epithelium,1,1.0,0.0,0.0,0.0,0.0,0.0,0.0,0.0,0.0,0.7955617904663086,0.19947104156017303,0.0041990941390395164,9.295224299421534e-05,0.00011733378050848842,0.00010859115718631074,0.00018603651551529765,0.00020285083155613393,6.028218558640219e-05
3163,bone_marrow,liver,0,0.0,0.0,0.0,0.0,1.0,0.0,0.0,0.0,0.0,0.14493225514888763,0.4020429253578186,0.00045972943189553916,0.2981594502925873,0.1422947645187378,0.0001616664376342669,0.00018282816745340824,0.00023472982866223902,0.011531687341630459
2956,ear,ear,1,0.0,0.0,0.0,0.0,0.0,0.0,0.0,0.0,1.0,0.0017638647696003318,0.0019454978173598647,2.8450329409679398e-05,9.939121810020879e-05,6.338492676150054e-05,0.00014208040374796838,0.00013018128811381757,0.00015590214752592146,0.995671272277832
500,liver,liver,1,0.0,1.0,0.0,0.0,0.0,0.0,0.0,0.0,0.0,0.12393607199192047,0.874976396560669,0.00034165484248660505,0.00042311594006605446,4.1477451304672286e-05,4.2650586692616343e-05,7.575502968393266e-05,9.397999383509159e-05,6.88083964632824e-05
1483,lung_epithelium,lung_epithelium,1,1.0,0.0,0.0,0.0,0.0,0.0,0.0,0.0,0.0,0.9994912147521973,7.146808638935909e-05,0.0002493803622201085,1.931323822645936e-05,3.1145398679655045e-05,2.2898562747286633e-05,2.8179198125144467e-05,2.806061638693791e-05,5.820924343424849e-05
112,liver,liver,1,0.0,1.0,0.0,0.0,0.0,0.0,0.0,0.0,0.0,0.0017571799689903855,0.9921669960021973,0.0013849303359165788,0.004221497103571892,0.00026441612862981856,4.665406595449895e-05,7.682688010390848e-05,5.875575152458623e-05,2.281637534906622e-05
2699,lung_epithelium,lung_epithelium,1,1.0,0.0,0.0,0.0,0.0,0.0,0.0,0.0,0.0,0.9991378784179688,7.012838614173234e-05,0.0005942218704149127,2.2343519958667457e-05,4.3892378016607836e-05,2.4146345822373405e-05,2.9562155759776942e-05,3.592898792703636e-05,4.181901749689132e-05
2165,lung_epithelium,lung_epithelium,1,1.0,0.0,0.0,0.0,0.0,0.0,0.0,0.0,0.0,0.9993323683738708,0.00031420940649695694,2.6945572244585492e-05,0.00019928356050513685,2.6889303626376204e-05,1.2627918295038398e-05,2.021873115154449e-05,2.218614099547267e-05,4.509561404120177e-05
903,liver,liver,1,0.0,0.5,0.0,0.5,0.0,0.0,0.0,0.0,0.0,0.0005518721300177276,0.5470364689826965,0.00153823709115386,0.4483102560043335,0.001963816350325942,0.00012300432717893273,0.00014917674707248807,0.00012980341853108257,0.0001973395555978641
436,liver,liver,1,0.0,1.0,0.0,0.0,0.0,0.0,0.0,0.0,0.0,0.15359251201152802,0.8448849320411682,0.0004333667457103729,0.0007281199214048684,4.139910015510395e-05,5.1476879889378324e-05,9.229248098563403e-05,0.00010594481136649847,6.998024764470756e-05
1450,lung_epithelium,lung_epithelium,1,1.0,0.0,0.0,0.0,0.0,0.0,0.0,0.0,0.0,0.9997280240058899,5.512283314601518e-05,8.932799391914159e-05,1.8990082025993615e-05,1.7500375179224648e-05,1.1750293197110295e-05,2.0562001736834645e-05,1.9673554561450146e-05,3.9022870623739436e-05
708,muscle,muscle,1,0.0,0.0,1.0,0.0,0.0,0.0,0.0,0.0,0.0,8.412157330894843e-05,0.00010993474279530346,0.9996298551559448,1.3794408914691303e-05,5.7296270824735984e-05,1.8254695532959886e-05,1.7031807146850042e-05,2.3786713427398354e-05,4.5937013055663556e-05
3042,liver,liver,1,0.0,1.0,0.0,0.0,0.0,0.0,0.0,0.0,0.0,0.0036643550265580416,0.9943860769271851,0.0010138413636013865,0.0005241268081590533,2.0118866814300418e-05,3.7968085962347686e-05,4.185181751381606e-05,4.030046329717152e-05,0.0002714162110351026
2894,liver,liver,1,0.0,0.20000000298023224,0.0,0.20000000298023224,0.0,0.20000000298023224,0.20000000298023224,0.20000000298023224,0.0,0.013796702027320862,0.30625393986701965,0.01689089462161064,0.13180500268936157,0.00022373421234078705,0.1744527816772461,0.16825507581233978,0.1874503791332245,0.0008714753203094006
2720,lung_epithelium,lung_epithelium,1,1.0,0.0,0.0,0.0,0.0,0.0,0.0,0.0,0.0,0.9991556406021118,0.00016149552538990974,0.00044852725113742054,3.7690711906179786e-05,2.8454267521738075e-05,2.4983582989079878e-05,2.9504801204893738e-05,3.2485600968357176e-05,8.117323159240186e-05
1960,lung_epithelium,lung_epithelium,1,1.0,0.0,0.0,0.0,0.0,0.0,0.0,0.0,0.0,0.9993723034858704,3.666009070002474e-05,0.00032425951212644577,2.699209471757058e-05,3.8099020457593724e-05,2.4401400878559798e-05,3.235106123611331e-05,4.117986100027338e-05,0.00010380157618783414
2470,lung_epithelium,lung_epithelium,1,1.0,0.0,0.0,0.0,0.0,0.0,0.0,0.0,0.0,0.9994346499443054,0.0001911977306008339,0.00014606064360123128,4.9647409468889236e-05,1.5785684809088707e-05,1.168098060588818e-05,1.6276220776489936e-05,1.97210847545648e-05,0.00011492499470477924
3145,muscle,muscle,1,0.0,0.0,1.0,0.0,0.0,0.0,0.0,0.0,0.0,0.0875122994184494,0.00241230265237391,0.9082116484642029,0.00023597937251906842,0.0012804478174075484,6.149364344310015e-05,9.716119529912248e-05,0.0001074882602551952,8.123232692014426e-05
1207,lung_epithelium,lung_epithelium,1,1.0,0.0,0.0,0.0,0.0,0.0,0.0,0.0,0.0,0.9994181394577026,5.450323078548536e-05,0.00036418018862605095,1.7729726096149534e-05,3.5200606362195686e-05,2.2504100343212485e-05,2.9506840292015113e-05,2.988704727613367e-05,2.8453627237468027e-05
2018,lung_epithelium,lung_epithelium,1,1.0,0.0,0.0,0.0,0.0,0.0,0.0,0.0,0.0,0.9997636675834656,3.70963171008043e-05,3.491243478492834e-05,2.2481201085611247e-05,3.9091235521482304e-05,1.3500373825081624e-05,2.544501330703497e-05,2.3686823624302633e-05,4.013995931018144e-05
1849,lung_epithelium,lung_epithelium,1,1.0,0.0,0.0,0.0,0.0,0.0,0.0,0.0,0.0,0.9995261430740356,3.3442815038142726e-05,0.0002698249591048807,1.9206716387998313e-05,3.381218994036317e-05,2.1307982024154626e-05,2.8596483389264904e-05,2.936788587248884e-05,3.8198941183509305e-05
674,muscle,muscle,1,0.0,0.0,1.0,0.0,0.0,0.0,0.0,0.0,0.0,0.0001396869629388675,0.00013512869190890342,0.999554455280304,1.674528539297171e-05,5.5594970035599545e-05,2.0800032871193253e-05,1.928177516674623e-05,2.6424726456752978e-05,3.184215893270448e-05
1535,lung_epithelium,lung_epithelium,1,1.0,0.0,0.0,0.0,0.0,0.0,0.0,0.0,0.0,0.9993683695793152,6.12381991231814e-05,0.00039216954610310495,2.547716758272145e-05,3.0131415769574232e-05,2.3737800802337006e-05,3.112325066467747e-05,3.1985804525902495e-05,3.570228363969363e-05
384,liver,liver,1,0.0,1.0,0.0,0.0,0.0,0.0,0.0,0.0,0.0,0.10319985449314117,0.8953183889389038,0.0004366844950709492,0.0007573696784675121,4.251247082720511e-05,3.8129852327983826e-05,6.760531687177718e-05,7.965191616676748e-05,5.989652709104121e-05
426,liver,liver,1,0.0,1.0,0.0,0.0,0.0,0.0,0.0,0.0,0.0,0.05023225396871567,0.9472346901893616,0.0009833158692345023,0.0012931243982166052,7.214018842205405e-05,3.409117562114261e-05,6.345818110276014e-05,6.362301064655185e-05,2.3297747247852385e-05
1226,lung_epithelium,lung_epithelium,1,1.0,0.0,0.0,0.0,0.0,0.0,0.0,0.0,0.0,0.9997331500053406,5.981463618809357e-05,7.959468348417431e-05,1.9453629647614434e-05,2.0234345356584527e-05,1.119006901717512e-05,2.070628761430271e-05,1.8759596059680916e-05,3.7024819903308526e-05
81,liver,liver,1,0.0,1.0,0.0,0.0,0.0,0.0,0.0,0.0,0.0,0.00839419849216938,0.9518561363220215,4.4086282287025824e-05,0.038837410509586334,0.000361452141078189,0.00011294894648017362,0.00021627468231599778,0.0001430512493243441,3.444813773967326e-05
91,liver,liver,1,0.0,1.0,0.0,0.0,0.0,0.0,0.0,0.0,0.0,0.009247933514416218,0.9608547687530518,0.011071094311773777,0.01809874176979065,0.0003694371844176203,7.548742723884061e-05,0.00012082117609679699,0.00011876189819304273,4.297630221117288e-05
2545,lung_epithelium,lung_epithelium,1,1.0,0.0,0.0,0.0,0.0,0.0,0.0,0.0,0.0,0.9994434714317322,3.621626092353836e-05,0.00023399492783937603,1.570342283230275e-05,3.5693185054697096e-05,2.468999446136877e-05,2.8838399884989485e-05,3.390435813344084e-05,0.00014739787729922682
567,muscle,muscle,1,0.0,0.0,1.0,0.0,0.0,0.0,0.0,0.0,0.0,0.00017965480219572783,0.00018006132449954748,0.9994568228721619,2.0307403246988542e-05,5.904509453102946e-05,1.7774802472558804e-05,1.8787259250530042e-05,2.6421590519021265e-05,4.108785651624203e-05
221,liver,liver,1,0.0,1.0,0.0,0.0,0.0,0.0,0.0,0.0,0.0,0.01928321085870266,0.9791494011878967,0.00035235058749094605,0.0009769732132554054,2.165139085263945e-05,3.5855417081620544e-05,5.7584991736803204e-05,7.02876495779492e-05,5.275056173559278e-05
755,muscle,muscle,1,0.0,0.0,1.0,0.0,0.0,0.0,0.0,0.0,0.0,7.989629375515506e-05,8.532383071724325e-05,0.9996623992919922,1.3166774806450121e-05,5.477039303514175e-05,1.9312918084324338e-05,1.844537655415479e-05,2.5595172701287083e-05,4.1099992813542485e-05
2917,liver,spleen,0,0.0,0.20000000298023224,0.0,0.20000000298023224,0.0,0.20000000298023224,0.20000000298023224,0.20000000298023224,0.0,0.03164917230606079,0.12978120148181915,0.02900143899023533,0.22640955448150635,0.0007793590775690973,0.18226388096809387,0.1869858205318451,0.21218617260456085,0.0009433366940356791
522,liver,liver,1,0.0,1.0,0.0,0.0,0.0,0.0,0.0,0.0,0.0,0.1884256899356842,0.809847891330719,0.0007750601507723331,0.0006217952468432486,7.002034544711933e-05,4.0440656448481604e-05,7.284826278919354e-05,9.351492917630821e-05,5.275814692140557e-05
431,liver,liver,1,0.0,1.0,0.0,0.0,0.0,0.0,0.0,0.0,0.0,0.027728427201509476,0.9717376828193665,0.00014111971540842205,0.0002097078104270622,5.248739034868777e-05,2.5352939701406285e-05,3.8291433156700805e-05,4.719382559414953e-05,1.9652630726341158e-05
2269,lung_epithelium,lung_epithelium,1,1.0,0.0,0.0,0.0,0.0,0.0,0.0,0.0,0.0,0.9994348883628845,0.00011226782226003706,0.0003281871322542429,1.3437000234262086e-05,2.6362191420048475e-05,1.679299930401612e-05,2.690044857445173e-05,2.6841840735869482e-05,1.4423441825783812e-05
1266,lung_epithelium,lung_epithelium,1,1.0,0.0,0.0,0.0,0.0,0.0,0.0,0.0,0.0,0.9995051622390747,3.314833884360269e-05,0.0002373700845055282,2.7713755116565153e-05,2.6158180844504386e-05,2.5271952836192213e-05,3.2333831768482924e-05,3.6818510125158355e-05,7.591001485707238e-05
551,muscle,muscle,1,0.0,0.0,1.0,0.0,0.0,0.0,0.0,0.0,0.0,0.00024079429567791522,0.00022850184177514166,0.999349057674408,2.0056902940268628e-05,3.807314351433888e-05,2.659518941072747e-05,2.407852116448339e-05,3.4473821870051324e-05,3.834684321191162e-05
87,liver,liver,1,0.0,1.0,0.0,0.0,0.0,0.0,0.0,0.0,0.0,0.0023274330887943506,0.9502676129341125,8.886590512702242e-05,0.04006873071193695,0.006952700205147266,6.177749310154468e-05,9.930285159498453e-05,6.986122025409713e-05,6.36655677226372e-05
287,liver,liver,1,0.0,1.0,0.0,0.0,0.0,0.0,0.0,0.0,0.0,0.027441978454589844,0.97206050157547,0.00011966117745032534,0.00019444090139586478,4.8265115765389055e-05,2.628719994390849e-05,3.8762253097957e-05,4.822310802410357e-05,2.1835334337083623e-05
2516,lung_epithelium,lung_epithelium,1,1.0,0.0,0.0,0.0,0.0,0.0,0.0,0.0,0.0,0.9991965889930725,0.0003126713272649795,0.00029155483935028315,2.2302700017462485e-05,2.4356892026844434e-05,9.447890079172794e-06,1.3104155186738353e-05,1.8034786990028806e-05,0.00011195945262443274
3173,bone_marrow,liver,0,0.0,0.0,0.0,0.0,1.0,0.0,0.0,0.0,0.0,0.0003233980678487569,0.4157560169696808,0.0007512596785090864,0.25575846433639526,0.3254408538341522,0.0002674812567420304,0.0003051738312933594,0.0002162009768653661,0.001181161031126976
2708,lung_epithelium,lung_epithelium,1,1.0,0.0,0.0,0.0,0.0,0.0,0.0,0.0,0.0,0.9990878105163574,7.452262798324227e-05,0.0006407034234143794,2.379692523390986e-05,4.258933768142015e-05,2.4336153728654608e-05,3.0090572181507014e-05,3.657235356513411e-05,3.955357169616036e-05
3157,bone_marrow,bone_marrow,1,0.0,0.0,0.0,0.0,1.0,0.0,0.0,0.0,0.0,0.0004890838754363358,0.3677730858325958,0.001574403839185834,0.17244921624660492,0.4489612877368927,0.000244905793806538,0.0002450464235153049,0.00019140529911965132,0.00807163305580616
1460,lung_epithelium,lung_epithelium,1,1.0,0.0,0.0,0.0,0.0,0.0,0.0,0.0,0.0,0.9997082352638245,9.052296809386462e-05,2.3418901037075557e-05,4.270305362297222e-05,3.226726403227076e-05,1.4851047126285266e-05,2.1755971829406917e-05,2.267312811454758e-05,4.344864282757044e-05
1961,lung_epithelium,lung_epithelium,1,1.0,0.0,0.0,0.0,0.0,0.0,0.0,0.0,0.0,0.9994329810142517,3.775176082854159e-05,0.00022922147763893008,2.5305265808128752e-05,3.5033612221013755e-05,2.3349883122136816e-05,2.938862598966807e-05,3.5875116736860946e-05,0.00015104417980182916
32,liver,liver,1,0.0,1.0,0.0,0.0,0.0,0.0,0.0,0.0,0.0,0.000958067481406033,0.9872156381607056,3.561932680895552e-05,0.010768093168735504,0.0007594240014441311,5.9650690673151985e-05,0.00011277989688096568,6.097506411606446e-05,2.982373916893266e-05
2398,lung_epithelium,lung_epithelium,1,1.0,0.0,0.0,0.0,0.0,0.0,0.0,0.0,0.0,0.9993683695793152,4.359575905255042e-05,0.00038731758832000196,2.929924630734604e-05,3.3109652576968074e-05,1.968026663234923e-05,2.623956424940843e-05,3.328434468130581e-05,5.925761070102453e-05
2620,lung_epithelium,lung_epithelium,1,1.0,0.0,0.0,0.0,0.0,0.0,0.0,0.0,0.0,0.9991994500160217,0.00023644450993742794,0.0002446392027195543,0.0001549516018712893,3.657591878436506e-05,1.4709432434756309e-05,2.9182481739553623e-05,3.407755139051005e-05,5.0022157665807754e-05
286,liver,liver,1,0.0,1.0,0.0,0.0,0.0,0.0,0.0,0.0,0.0,0.03018265776336193,0.9687705039978027,0.00027728735585696995,0.000574793666601181,3.3860727853607386e-05,2.6693833206081763e-05,4.682273720391095e-05,5.509284892468713e-05,3.228848072467372e-05
2851,lung_epithelium,lung_epithelium,1,1.0,0.0,0.0,0.0,0.0,0.0,0.0,0.0,0.0,0.9992181062698364,8.386779518332332e-05,0.0005220577586442232,2.919382677646354e-05,2.8401496820151806e-05,2.2218178855837323e-05,2.9246941267047077e-05,3.088394441874698e-05,3.609693521866575e-05
1991,lung_epithelium,lung_epithelium,1,1.0,0.0,0.0,0.0,0.0,0.0,0.0,0.0,0.0,0.99973064661026,4.4778993469662964e-05,7.233364885905758e-05,2.241328365926165e-05,1.736260855977889e-05,1.1777282452385407e-05,2.1581075998255983e-05,2.0040177332703024e-05,5.897678784094751e-05
2603,lung_epithelium,lung_epithelium,1,1.0,0.0,0.0,0.0,0.0,0.0,0.0,0.0,0.0,0.9996429681777954,9.345114085590467e-05,4.8936675739241764e-05,1.7170494174933992e-05,2.445873906253837e-05,1.0927812581940088e-05,1.7399905118509196e-05,1.58841248776298e-05,0.00012883068120572716
733,muscle,muscle,1,0.0,0.0,1.0,0.0,0.0,0.0,0.0,0.0,0.0,6.728208973072469e-05,7.685351010877639e-05,0.9996963739395142,1.3003123967791907e-05,3.7418565625557676e-05,2.0368368495837785e-05,1.9590983356465586e-05,2.759369272098411e-05,4.160499884164892e-05
2073,lung_epithelium,lung_epithelium,1,1.0,0.0,0.0,0.0,0.0,0.0,0.0,0.0,0.0,0.9996019005775452,0.00014636274136137217,2.6074727429659106e-05,9.835245145950466e-05,2.6457802960067056e-05,1.360413443762809e-05,2.113235677825287e-05,2.383206992817577e-05,4.233355139149353e-05
935,liver,liver,1,0.0,0.5,0.0,0.5,0.0,0.0,0.0,0.0,0.0,0.0010957043850794435,0.5473884344100952,0.0005919602699577808,0.4493527412414551,0.0010031310375779867,0.00011047726002288982,0.00014554154768120497,0.00012637586041819304,0.00018563156481832266
570,muscle,muscle,1,0.0,0.0,1.0,0.0,0.0,0.0,0.0,0.0,0.0,0.00012021635484416038,0.00018368866585660726,0.9995204210281372,1.9603643522714265e-05,4.816568980459124e-05,1.8767681467579678e-05,1.8743696273304522e-05,2.5347429982502945e-05,4.514325701165944e-05
999,muscle,muscle,1,0.0,0.0,1.0,0.0,0.0,0.0,0.0,0.0,0.0,3.425772592891008e-05,0.0003158774634357542,0.9994791150093079,3.790292612393387e-05,2.019818566623144e-05,2.7129080990562215e-05,2.8025160645483993e-05,2.70962409558706e-05,3.0455945307039656e-05
3251,bone_marrow,liver,0,0.0,0.0,0.0,0.0,1.0,0.0,0.0,0.0,0.0,0.06644260883331299,0.4830986559391022,0.00045373893226496875,0.16798482835292816,0.2613082826137543,0.0001442490320187062,0.00014607109187636524,0.00018053142412099987,0.020241044461727142
3300,ear,ear,1,0.0,0.0,0.0,0.0,0.0,0.0,0.0,0.0,1.0,0.014320816844701767,0.00021292998280841857,0.00012662548397202045,1.3833192497259006e-05,0.0008714410942047834,0.00019630925089586526,0.00015716906636953354,0.00020071043400093913,0.9839001893997192
72,liver,liver,1,0.0,1.0,0.0,0.0,0.0,0.0,0.0,0.0,0.0,0.0010420124744996428,0.9824692010879517,4.104596155229956e-05,0.015618371777236462,0.0005832522874698043,5.5800042900955305e-05,9.372139174956828e-05,5.863581463927403e-05,3.7948499084450305e-05
1618,lung_epithelium,lung_epithelium,1,1.0,0.0,0.0,0.0,0.0,0.0,0.0,0.0,0.0,0.9997565150260925,3.7589965359074995e-05,8.982208237284794e-05,1.7123253201134503e-05,2.5931003619916737e-05,1.0751777153927833e-05,1.8086881027556956e-05,1.830891596910078e-05,2.5838162400759757e-05
2770,lung_epithelium,lung_epithelium,1,1.0,0.0,0.0,0.0,0.0,0.0,0.0,0.0,0.0,0.999415397644043,6.045704139978625e-05,0.0001744962064549327,2.467153171892278e-05,2.3861688532633707e-05,2.356271943426691e-05,2.9113367418176495e-05,2.9827680918970145e-05,0.00021857900719624013
1260,lung_epithelium,lung_epithelium,1,1.0,0.0,0.0,0.0,0.0,0.0,0.0,0.0,0.0,0.9993265867233276,7.564722909592092e-05,0.00040958161116577685,2.6395582608529367e-05,3.0435327062150463e-05,2.6495403290027753e-05,3.5303644835948944e-05,3.524141357047483e-05,3.446558548603207e-05
2928,liver,liver,1,0.0,0.20000000298023224,0.0,0.20000000298023224,0.0,0.20000000298023224,0.20000000298023224,0.20000000298023224,0.0,0.002107387874275446,0.46372556686401367,0.1342047154903412,0.08206398785114288,0.0001312876120209694,0.10500950366258621,0.1046651154756546,0.10673628747463226,0.0013561107916757464
3141,muscle,muscle,1,0.0,0.0,1.0,0.0,0.0,0.0,0.0,0.0,0.0,0.17194664478302002,0.0027993381954729557,0.8227292895317078,0.00030616557342000306,0.001792674302123487,7.606497820233926e-05,0.00012015450920443982,0.00013171471073292196,9.796686208574101e-05
916,liver,liver,1,0.0,0.5,0.0,0.5,0.0,0.0,0.0,0.0,0.0,0.0014123526634648442,0.5623215436935425,0.000557094463147223,0.43418315052986145,0.0009089687955565751,0.00013383165060076863,0.000210765894735232,0.00016849521489348263,0.00010386600479250774
1164,lung_epithelium,lung_epithelium,1,1.0,0.0,0.0,0.0,0.0,0.0,0.0,0.0,0.0,0.9989079236984253,5.820030492031947e-05,0.0008056869846768677,4.6259185182861984e-05,3.394175291759893e-05,2.521442002034746e-05,3.5685970942722633e-05,4.465586243895814e-05,4.235987216816284e-05
3022,liver,liver,1,0.0,1.0,0.0,0.0,0.0,0.0,0.0,0.0,0.0,0.0033985208719968796,0.9949040412902832,0.0007247774628922343,0.00040314154466614127,1.4579627531929873e-05,4.40391777374316e-05,4.883495785179548e-05,5.0015652959700674e-05,0.0004120493249502033
3013,liver,liver,1,0.0,1.0,0.0,0.0,0.0,0.0,0.0,0.0,0.0,0.0017908243462443352,0.9937034249305725,0.00015157282177824527,0.0007666134042665362,1.5508685464737937e-05,0.00027221228810958564,0.0002506173332221806,0.0002615436678752303,0.0027877569664269686
2213,lung_epithelium,lung_epithelium,1,1.0,0.0,0.0,0.0,0.0,0.0,0.0,0.0,0.0,0.9995163679122925,2.7316291379975155e-05,0.0002461915137246251,2.1516487322514877e-05,2.9895089028286748e-05,2.4541875973227434e-05,3.2098636438604444e-05,3.5523815313354135e-05,6.645868415944278e-05
726,muscle,muscle,1,0.0,0.0,1.0,0.0,0.0,0.0,0.0,0.0,0.0,7.062632357701659e-05,8.378353959415108e-05,0.999679446220398,1.2870819773525e-05,4.451357017387636e-05,1.9586615962907672e-05,1.8683887901715934e-05,2.6682928364607506e-05,4.387485023471527e-05
3101,muscle,muscle,1,0.0,0.0,1.0,0.0,0.0,0.0,0.0,0.0,0.0,0.001272672787308693,0.0008088011527433991,0.9975886344909668,7.628823368577287e-05,5.105709715280682e-05,1.696792423899751e-05,1.8999531675945036e-05,2.289825897605624e-05,0.00014360125351231545
2648,lung_epithelium,lung_epithelium,1,1.0,0.0,0.0,0.0,0.0,0.0,0.0,0.0,0.0,0.9994297623634338,8.550498750992119e-05,0.00033943893504329026,2.3141730707720853e-05,3.8277485145954415e-05,1.8917800844064914e-05,2.584528920124285e-05,2.568819581938442e-05,1.3518973901227582e-05
619,muscle,muscle,1,0.0,0.0,1.0,0.0,0.0,0.0,0.0,0.0,0.0,0.00012029607023578137,0.00020593454246409237,0.9994975328445435,2.229910205642227e-05,4.920029459754005e-05,1.9733444787561893e-05,1.9199813323211856e-05,2.517505708965473e-05,4.071867078891955e-05
2360,lung_epithelium,lung_epithelium,1,1.0,0.0,0.0,0.0,0.0,0.0,0.0,0.0,0.0,0.9990769624710083,0.000262443907558918,0.000512210710439831,3.8293797842925414e-05,4.017149331048131e-05,6.5566841840336565e-06,9.482584573561326e-06,1.1346287465130445e-05,4.2580795707181096e-05
1836,lung_epithelium,lung_epithelium,1,1.0,0.0,0.0,0.0,0.0,0.0,0.0,0.0,0.0,0.9995920062065125,6.499346636701375e-05,0.00016280171985272318,1.9271708879387006e-05,2.946455788332969e-05,2.3352038624580018e-05,3.058939182665199e-05,2.7362841137801297e-05,5.012425026507117e-05
945,liver,liver,1,0.0,0.5,0.0,0.5,0.0,0.0,0.0,0.0,0.0,0.0004575973143801093,0.5399561524391174,0.0010284188902005553,0.4437148869037628,0.013689768500626087,0.00012559695460367948,0.00015646843530703336,0.000123527308460325,0.0007476296741515398
377,liver,liver,1,0.0,1.0,0.0,0.0,0.0,0.0,0.0,0.0,0.0,0.07468477636575699,0.923487663269043,0.0005562187288887799,0.000990417436696589,4.949416688759811e-05,3.9287388062803075e-05,7.002846541581675e-05,8.081631676759571e-05,4.128599539399147e-05
1577,lung_epithelium,lung_epithelium,1,1.0,0.0,0.0,0.0,0.0,0.0,0.0,0.0,0.0,0.9995549321174622,3.625454337452538e-05,0.00018177475431002676,1.7595688404981047e-05,3.0347062420332804e-05,2.396603667875752e-05,3.011463377333712e-05,2.9058564905426465e-05,9.597061580279842e-05
3226,bone_marrow,bone_marrow,1,0.0,0.0,0.0,0.0,1.0,0.0,0.0,0.0,0.0,0.00047350797103717923,0.00033661193447187543,0.00016339251305907965,9.699741349322721e-05,0.9680594801902771,0.0001633020001463592,0.0001206998058478348,0.00015522746252827346,0.030430665239691734
2001,lung_epithelium,lung_epithelium,1,1.0,0.0,0.0,0.0,0.0,0.0,0.0,0.0,0.0,0.9991841912269592,4.18923664255999e-05,0.0005756117752753198,3.8122521800687537e-05,3.288269726908766e-05,2.4359447706956416e-05,3.575447772163898e-05,3.991169432993047e-05,2.7240081180934794e-05
1430,lung_epithelium,lung_epithelium,1,1.0,0.0,0.0,0.0,0.0,0.0,0.0,0.0,0.0,0.9996259212493896,7.71311460994184e-05,8.961108687799424e-05,5.0981936510652304e-05,2.0259669327060692e-05,1.7325461158179678e-05,3.943322371924296e-05,3.9499278500443324e-05,3.9766993722878397e-05
93,liver,liver,1,0.0,1.0,0.0,0.0,0.0,0.0,0.0,0.0,0.0,0.005305199883878231,0.9888179302215576,0.0022741530556231737,0.0032258916180580854,0.0001778743608156219,4.6726934670004994e-05,7.055011519696563e-05,6.01839019509498e-05,2.155832771677524e-05
875,liver,liver,1,0.0,0.5,0.0,0.5,0.0,0.0,0.0,0.0,0.0,0.004128522705286741,0.5687595009803772,0.00040464557241648436,0.42561203241348267,0.000505447038449347,0.00012411527859512717,0.00013478689652401954,0.00014413423195946962,0.00018670223653316498
2929,liver,liver,1,0.0,0.20000000298023224,0.0,0.20000000298023224,0.0,0.20000000298023224,0.20000000298023224,0.20000000298023224,0.0,0.0020641463343054056,0.4222157895565033,0.024739915505051613,0.1150367483496666,0.00015594081196468323,0.15061555802822113,0.13919024169445038,0.1439599245786667,0.002021747874096036
544,muscle,muscle,1,0.0,0.0,1.0,0.0,0.0,0.0,0.0,0.0,0.0,9.362467972096056e-05,0.00016391638200730085,0.999580442905426,1.9483055439195596e-05,3.751151234610006e-05,1.9121422155876644e-05,1.8886128600570373e-05,2.570868491602596e-05,4.141634053667076e-05
2548,lung_epithelium,lung_epithelium,1,1.0,0.0,0.0,0.0,0.0,0.0,0.0,0.0,0.0,0.9994706511497498,3.341673073009588e-05,0.00024775779456831515,1.6968835552688688e-05,3.6082790757063776e-05,2.406060775683727e-05,2.861082430172246e-05,3.343257412780076e-05,0.00010899467451963574
694,muscle,muscle,1,0.0,0.0,1.0,0.0,0.0,0.0,0.0,0.0,0.0,5.341239011613652e-05,7.41684198146686e-05,0.9997046589851379,1.2465365216485225e-05,4.385336796985939e-05,2.0676276108133607e-05,1.9101396901533008e-05,2.635728924360592e-05,4.52091044280678e-05
3237,bone_marrow,bone_marrow,1,0.0,0.0,0.0,0.0,1.0,0.0,0.0,0.0,0.0,0.0024040869902819395,0.000523682392667979,0.0001329585793428123,6.100828613853082e-05,0.9867074489593506,0.00012954275007359684,0.00010877531894948334,0.0001420143380528316,0.009790521115064621
3208,bone_marrow,bone_marrow,1,0.0,0.0,0.0,0.0,1.0,0.0,0.0,0.0,0.0,0.0002292301069246605,0.009925233200192451,0.00010217622184427455,0.005058256443589926,0.9829004406929016,6.403470615623519e-05,6.341338303172961e-05,5.1560615247581154e-05,0.0016056306194514036
3263,bone_marrow,bone_marrow,1,0.0,0.0,0.0,0.0,1.0,0.0,0.0,0.0,0.0,0.000420348544139415,0.0006573122227564454,0.0001533442991785705,8.452960173599422e-05,0.9889857769012451,9.44380954024382e-05,7.431599806295708e-05,9.450313518755138e-05,0.009435392916202545
3087,muscle,muscle,1,0.0,0.0,1.0,0.0,0.0,0.0,0.0,0.0,0.0,0.000205583157367073,0.001428748480975628,0.9980766773223877,7.352571265073493e-05,2.7899470296688378e-05,2.2491432901006192e-05,2.302904067619238e-05,2.553398735472001e-05,0.00011646340135484934
2154,lung_epithelium,lung_epithelium,1,1.0,0.0,0.0,0.0,0.0,0.0,0.0,0.0,0.0,0.9993906021118164,5.985969983157702e-05,0.00036877350066788495,2.586560367490165e-05,2.5408609872101806e-05,2.156735718017444e-05,2.807684722938575e-05,3.0064231395954266e-05,4.9824651796370745e-05
2233,lung_epithelium,lung_epithelium,1,1.0,0.0,0.0,0.0,0.0,0.0,0.0,0.0,0.0,0.9992467164993286,4.383440318633802e-05,0.0005107535398565233,3.6619218008127064e-05,2.8891734473290853e-05,2.548116390244104e-05,3.737688166438602e-05,4.162965342402458e-05,2.859773303498514e-05
203,liver,liver,1,0.0,1.0,0.0,0.0,0.0,0.0,0.0,0.0,0.0,0.20317861437797546,0.7955553531646729,0.0007596296491101384,0.00014642746828030795,7.595846545882523e-05,5.145075192558579e-05,8.552955114282668e-05,0.00010494422167539597,4.195825749775395e-05
2858,lung_epithelium,lung_epithelium,1,1.0,0.0,0.0,0.0,0.0,0.0,0.0,0.0,0.0,0.9993587136268616,6.050073716323823e-05,0.0003976036387030035,2.6814746888703667e-05,2.8860713428002782e-05,2.467462581989821e-05,3.326374644530006e-05,3.330971230752766e-05,3.619612834881991e-05
308,liver,liver,1,0.0,1.0,0.0,0.0,0.0,0.0,0.0,0.0,0.0,0.1736394315958023,0.8248867988586426,0.0004051809955853969,0.0007249062182381749,5.252057235338725e-05,4.6936169383116066e-05,8.581882866565138e-05,9.761770343175158e-05,6.0794565797550604e-05
2033,lung_epithelium,lung_epithelium,1,1.0,0.0,0.0,0.0,0.0,0.0,0.0,0.0,0.0,0.9995866417884827,0.00015382864512503147,4.5208678784547374e-05,2.4324748665094376e-05,1.495919786975719e-05,1.7035701603163034e-05,3.0490464268950745e-05,2.4384928110521287e-05,0.00010310630750609562
1975,lung_epithelium,lung_epithelium,1,1.0,0.0,0.0,0.0,0.0,0.0,0.0,0.0,0.0,0.9995846152305603,3.094003113801591e-05,0.0001810983958421275,2.1469131752382964e-05,2.8676155125140212e-05,2.359614518354647e-05,2.905532528529875e-05,3.0696824978804216e-05,6.987107917666435e-05
2132,lung_epithelium,lung_epithelium,1,1.0,0.0,0.0,0.0,0.0,0.0,0.0,0.0,0.0,0.9973278045654297,0.0013886481756344438,3.071983883273788e-05,0.0010478576878085732,3.0584407795686275e-05,2.2048354367143475e-05,3.6221681511960924e-05,3.9239264879142866e-05,7.688721234444529e-05
2359,lung_epithelium,lung_epithelium,1,1.0,0.0,0.0,0.0,0.0,0.0,0.0,0.0,0.0,0.9993058443069458,5.567711195908487e-05,0.0004486740508582443,3.5142751585226506e-05,3.53842115146108e-05,1.602308293513488e-05,2.2273487047641538e-05,2.540243076509796e-05,5.567185507970862e-05
182,liver,liver,1,0.0,1.0,0.0,0.0,0.0,0.0,0.0,0.0,0.0,0.16417686641216278,0.8339346647262573,0.0002547268813941628,0.0009489964577369392,2.3440690711140633e-05,0.00011661689495667815,0.0002018036029767245,0.00021796919463668019,0.0001249219785677269
1274,lung_epithelium,lung_epithelium,1,1.0,0.0,0.0,0.0,0.0,0.0,0.0,0.0,0.0,0.9996352195739746,7.440867193508893e-05,6.78066789987497e-05,6.207894330145791e-05,2.5800974981393665e-05,1.7727761587593704e-05,3.615562673076056e-05,3.870961518259719e-05,4.20832984673325e-05
759,muscle,muscle,1,0.0,0.0,1.0,0.0,0.0,0.0,0.0,0.0,0.0,4.859020918956958e-05,7.92162973084487e-05,0.9997124075889587,1.3652092093252577e-05,3.852268127957359e-05,2.084900188492611e-05,1.9137083654641174e-05,2.638928526721429e-05,4.1094252082984895e-05
2536,lung_epithelium,lung_epithelium,1,1.0,0.0,0.0,0.0,0.0,0.0,0.0,0.0,0.0,0.9994474053382874,3.0300047001219355e-05,0.00030685370438732207,1.9340850485605188e-05,3.774693686864339e-05,2.3427686755894683e-05,3.0162351322360337e-05,3.653300882433541e-05,6.817614485044032e-05
2540,lung_epithelium,lung_epithelium,1,1.0,0.0,0.0,0.0,0.0,0.0,0.0,0.0,0.0,0.99972003698349,5.1135644753230736e-05,9.259389480575919e-05,1.1548618203960359e-05,2.7844875148730353e-05,1.1621727026067674e-05,1.662027534621302e-05,1.9814257029793225e-05,4.8694775614421815e-05
2215,lung_epithelium,lung_epithelium,1,1.0,0.0,0.0,0.0,0.0,0.0,0.0,0.0,0.0,0.9993822574615479,3.363511132192798e-05,0.0003907839418388903,2.753881381067913e-05,3.14899007207714e-05,2.513763502065558e-05,3.5286968341097236e-05,4.006220478913747e-05,3.388618279132061e-05
1302,lung_epithelium,lung_epithelium,1,1.0,0.0,0.0,0.0,0.0,0.0,0.0,0.0,0.0,0.9997021555900574,7.790299423504621e-05,8.068272290984169e-05,1.770780909282621e-05,1.8788521629176103e-05,1.262577461602632e-05,2.2237041775952093e-05,1.966497984540183e-05,4.8147718189284205e-05
568,muscle,muscle,1,0.0,0.0,1.0,0.0,0.0,0.0,0.0,0.0,0.0,0.00026151275960728526,0.00019720806449186057,0.9993523955345154,2.2238780729821883e-05,5.1332473958609626e-05,2.016900725720916e-05,2.2001775505486876e-05,3.083988121943548e-05,4.2305349779780954e-05
2325,lung_epithelium,lung_epithelium,1,1.0,0.0,0.0,0.0,0.0,0.0,0.0,0.0,0.0,0.9996587038040161,9.719591616885737e-05,9.311678149970248e-05,2.4341050448128954e-05,1.9558454368961975e-05,1.0732060218288098e-05,1.4949279830034357e-05,1.7599797502043657e-05,6.381124694598839e-05
183,liver,liver,1,0.0,1.0,0.0,0.0,0.0,0.0,0.0,0.0,0.0,0.12261009216308594,0.8761616945266724,0.00016431086987722665,0.0006188869010657072,2.9567368983407505e-05,6.485238554887474e-05,0.00010642278357408941,0.00012693351891357452,0.00011712469131452963
1936,lung_epithelium,lung_epithelium,1,1.0,0.0,0.0,0.0,0.0,0.0,0.0,0.0,0.0,0.9992976188659668,9.548768139211461e-05,0.00029135169461369514,2.344978929613717e-05,2.6217774575343356e-05,2.5758141418918967e-05,3.053186082979664e-05,3.710477540153079e-05,0.00017247434880118817
3212,bone_marrow,bone_marrow,1,0.0,0.0,0.0,0.0,1.0,0.0,0.0,0.0,0.0,0.001046416349709034,0.02560814842581749,7.899080810602754e-05,0.00873933918774128,0.9636454582214355,6.768831372028217e-05,7.838117016945034e-05,6.171171116875485e-05,0.0006738447118550539
1397,lung_epithelium,lung_epithelium,1,1.0,0.0,0.0,0.0,0.0,0.0,0.0,0.0,0.0,0.9994261264801025,3.4154429158661515e-05,0.0003404293383937329,2.9831644496880472e-05,2.6961004550685175e-05,2.3224311007652432e-05,3.2160478440346196e-05,3.8859328924445435e-05,4.8339406930608675e-05
1587,lung_epithelium,lung_epithelium,1,1.0,0.0,0.0,0.0,0.0,0.0,0.0,0.0,0.0,0.9996169805526733,0.00010745874169515446,8.676071593072265e-05,1.515307758381823e-05,1.9144035832141526e-05,1.2464818610169459e-05,1.988376425288152e-05,1.728348979668226e-05,0.00010479272896191105
745,muscle,muscle,1,0.0,0.0,1.0,0.0,0.0,0.0,0.0,0.0,0.0,8.989148045657203e-05,7.823138730600476e-05,0.9996563196182251,1.296807749895379e-05,4.9866896006278694e-05,1.999746928049717e-05,1.992537909245584e-05,2.811362901411485e-05,4.467700273380615e-05
757,muscle,muscle,1,0.0,0.0,1.0,0.0,0.0,0.0,0.0,0.0,0.0,6.017353371134959e-05,0.00010380439925938845,0.9996787309646606,1.6528056221432053e-05,4.137378709856421e-05,1.8778890080284327e-05,1.805564170354046e-05,2.4793078409857117e-05,3.773688149522059e-05
705,muscle,muscle,1,0.0,0.0,1.0,0.0,0.0,0.0,0.0,0.0,0.0,0.00016406098438892514,0.00012916776177007705,0.9995200634002686,1.3637156371260062e-05,5.9595102356979623e-05,1.7970050976146013e-05,1.790781425370369e-05,2.6742100089904852e-05,5.083365977043286e-05
2905,liver,liver,1,0.0,0.20000000298023224,0.0,0.20000000298023224,0.0,0.20000000298023224,0.20000000298023224,0.20000000298023224,0.0,0.20256401598453522,0.40837782621383667,0.005004334729164839,0.10596569627523422,0.0002790561120491475,0.08197745680809021,0.0895947813987732,0.10587364435195923,0.00036311880103312433
3276,bone_marrow,bone_marrow,1,0.0,0.0,0.0,0.0,1.0,0.0,0.0,0.0,0.0,0.0006717625074088573,0.0015803599962964654,0.00017187536286655813,0.00022751551296096295,0.9818515777587891,6.666909030172974e-05,4.604707646649331e-05,5.4595235269516706e-05,0.015329570509493351
2912,liver,muscle,0,0.0,0.20000000298023224,0.0,0.20000000298023224,0.0,0.20000000298023224,0.20000000298023224,0.20000000298023224,0.0,0.031551338732242584,0.06721443682909012,0.384244829416275,0.11709453165531158,0.0010454158764332533,0.1336461454629898,0.12608778476715088,0.13884806632995605,0.00026740794419310987
2370,lung_epithelium,lung_epithelium,1,1.0,0.0,0.0,0.0,0.0,0.0,0.0,0.0,0.0,0.9990791082382202,0.00014463873230852187,0.0005755449528805912,4.2088173358934e-05,5.2826511819148436e-05,7.405900760204531e-06,1.150546631834004e-05,1.4480414392892271e-05,7.224633009172976e-05
2335,lung_epithelium,lung_epithelium,1,1.0,0.0,0.0,0.0,0.0,0.0,0.0,0.0,0.0,0.9981884360313416,0.0009801120031625032,2.3863211026764475e-05,0.0005989184137433767,5.8341534895589575e-05,1.584943129273597e-05,2.1740139345638454e-05,2.7101723389932886e-05,8.571185753680766e-05
316,liver,liver,1,0.0,1.0,0.0,0.0,0.0,0.0,0.0,0.0,0.0,0.14855054020881653,0.8500763773918152,0.00035916196065954864,0.0006453971145674586,5.7009900046978146e-05,5.387411147239618e-05,0.00010293596278643236,0.00011122244177386165,4.348203947301954e-05
2054,lung_epithelium,lung_epithelium,1,1.0,0.0,0.0,0.0,0.0,0.0,0.0,0.0,0.0,0.9996597766876221,6.057404607417993e-05,5.081037670606747e-05,2.0686313291662373e-05,1.700881330179982e-05,1.4470560017798562e-05,2.4591601686552167e-05,2.3283639166038483e-05,0.00012866217002738267
195,liver,liver,1,0.0,1.0,0.0,0.0,0.0,0.0,0.0,0.0,0.0,0.04835772141814232,0.9495911002159119,0.0008174265385605395,0.0009870441863313317,4.0233029722003266e-05,3.4643668186618015e-05,5.9425467043183744e-05,6.945759378140792e-05,4.2988202039850876e-05
295,liver,liver,1,0.0,1.0,0.0,0.0,0.0,0.0,0.0,0.0,0.0,0.0293605737388134,0.9693789482116699,0.00025557129993103445,0.0007758266874589026,3.268072396167554e-05,3.3172582334373146e-05,5.3785191994393244e-05,6.314181518973783e-05,4.629216709872708e-05
2019,lung_epithelium,lung_epithelium,1,1.0,0.0,0.0,0.0,0.0,0.0,0.0,0.0,0.0,0.9997512698173523,7.619303505634889e-05,4.227415411151014e-05,1.708536728983745e-05,2.608387148939073e-05,1.0997425306413788e-05,2.038384809566196e-05,1.631901068321895e-05,3.934912820113823e-05
2508,lung_epithelium,lung_epithelium,1,1.0,0.0,0.0,0.0,0.0,0.0,0.0,0.0,0.0,0.6933906078338623,0.25710529088974,0.00018983951304107904,0.04563869163393974,0.0005699251778423786,0.00013569663860835135,0.00014868026482872665,0.00015235075261443853,0.002668872242793441
913,liver,liver,1,0.0,0.5,0.0,0.5,0.0,0.0,0.0,0.0,0.0,0.0005308361724019051,0.5422310829162598,0.0006810151971876621,0.45519065856933594,0.0006301551475189626,0.00017416197806596756,0.0002411804598523304,0.0001926220575114712,0.0001282201410504058
2342,lung_epithelium,lung_epithelium,1,1.0,0.0,0.0,0.0,0.0,0.0,0.0,0.0,0.0,0.9971790313720703,0.00019807834178209305,0.002122054807841778,0.00013814546400681138,0.00010839894821401685,1.76979028765345e-05,3.0186763979145326e-05,4.2053903598571196e-05,0.0001643773721298203
2887,liver,muscle,0,0.0,0.20000000298023224,0.0,0.20000000298023224,0.0,0.20000000298023224,0.20000000298023224,0.20000000298023224,0.0,0.03775104880332947,0.21847108006477356,0.6596343517303467,0.019392432644963264,8.947734022513032e-05,0.017789702862501144,0.022198982536792755,0.024545222520828247,0.0001275807444471866
1234,lung_epithelium,lung_epithelium,1,1.0,0.0,0.0,0.0,0.0,0.0,0.0,0.0,0.0,0.9997145533561707,0.0001153160264948383,2.3275522835319862e-05,1.0834253771463409e-05,5.3606836445396766e-05,1.186457484436687e-05,1.6431849871878512e-05,1.4391021068149712e-05,3.965614450862631e-05
2656,lung_epithelium,lung_epithelium,1,1.0,0.0,0.0,0.0,0.0,0.0,0.0,0.0,0.0,0.9993228912353516,5.516900637303479e-05,0.00042308078263886273,3.57990174961742e-05,2.408062391623389e-05,2.1443420337163843e-05,3.2772357371868566e-05,3.582866338547319e-05,4.891792923444882e-05
326,liver,liver,1,0.0,1.0,0.0,0.0,0.0,0.0,0.0,0.0,0.0,0.0475226491689682,0.9506003260612488,0.0005944453878328204,0.0010198806412518024,3.259866571170278e-05,3.7696292565669864e-05,6.529044912895188e-05,7.660683331778273e-05,5.0473241572035477e-05
1761,lung_epithelium,lung_epithelium,1,1.0,0.0,0.0,0.0,0.0,0.0,0.0,0.0,0.0,0.999575674533844,2.9106427973601967e-05,0.00017755221051629633,1.7040387319866568e-05,3.551267946022563e-05,2.3009319193079136e-05,2.8099433620809577e-05,2.9042432288406417e-05,8.496906229993328e-05
3040,liver,liver,1,0.0,1.0,0.0,0.0,0.0,0.0,0.0,0.0,0.0,0.0035317058209329844,0.9907898902893066,0.00016793687245808542,0.0006909117801114917,1.9230761608923785e-05,0.0002120351418852806,0.0001984837290365249,0.00019654830975923687,0.004193280357867479
1146,lung_epithelium,lung_epithelium,1,1.0,0.0,0.0,0.0,0.0,0.0,0.0,0.0,0.0,0.9985222220420837,0.00016060426423791796,0.0010852564591914415,5.6977365602506325e-05,2.8727721655741334e-05,3.141716661048122e-05,4.1086994315264747e-05,4.8009413148975e-05,2.5841649403446354e-05
3106,muscle,muscle,1,0.0,0.0,1.0,0.0,0.0,0.0,0.0,0.0,0.0,0.011750015430152416,0.0014331898419186473,0.9862173795700073,0.00017039899830706418,0.00011438519140938297,2.2716159946867265e-05,2.845391645678319e-05,3.5729561204789206e-05,0.0002277439198223874
2225,lung_epithelium,lung_epithelium,1,1.0,0.0,0.0,0.0,0.0,0.0,0.0,0.0,0.0,0.9995369911193848,3.2258289138553664e-05,0.00018801754049491137,1.823299317038618e-05,3.0928644264349714e-05,2.538398803153541e-05,3.157223909511231e-05,3.223362364224158e-05,0.0001043268566718325
3120,muscle,muscle,1,0.0,0.0,1.0,0.0,0.0,0.0,0.0,0.0,0.0,0.00019491765124257654,0.0006869246135465801,0.9987448453903198,8.585472824051976e-05,0.0001033438093145378,1.815165342122782e-05,1.9497889297781512e-05,2.1813040802953765e-05,0.00012464621977414936
2940,liver,liver,1,0.0,0.20000000298023224,0.0,0.20000000298023224,0.0,0.20000000298023224,0.20000000298023224,0.20000000298023224,0.0,0.002017060061916709,0.23129171133041382,0.168485626578331,0.09395088255405426,0.00027145654894411564,0.16845786571502686,0.17074689269065857,0.16265176236629486,0.0021267393603920937
1464,lung_epithelium,lung_epithelium,1,1.0,0.0,0.0,0.0,0.0,0.0,0.0,0.0,0.0,0.9991932511329651,7.690374332014471e-05,0.0005493681528605521,2.531913014536258e-05,3.568724787328392e-05,2.4676659450051375e-05,3.254933835705742e-05,3.437695340835489e-05,2.7868314646184444e-05
2965,liver,liver,1,0.0,1.0,0.0,0.0,0.0,0.0,0.0,0.0,0.0,0.0017252775141969323,0.9183684587478638,0.07283638417720795,0.0042356085032224655,2.1916064724791795e-05,0.0006215876201167703,0.00065623689442873,0.0005707569653168321,0.0009636491304263473
1962,lung_epithelium,lung_epithelium,1,1.0,0.0,0.0,0.0,0.0,0.0,0.0,0.0,0.0,0.9995092153549194,0.00010072791337734088,8.233916014432907e-05,2.619608312670607e-05,2.868868068617303e-05,1.4032761100679636e-05,1.8729817384155467e-05,2.368181048950646e-05,0.00019633576448541135
2866,lung_epithelium,lung_epithelium,1,1.0,0.0,0.0,0.0,0.0,0.0,0.0,0.0,0.0,0.999174177646637,7.873737922636792e-05,0.00056092330487445,2.119713280990254e-05,3.870781802106649e-05,2.1152705812710337e-05,2.6117764718947e-05,2.899662467825692e-05,4.992710455553606e-05
1980,lung_epithelium,lung_epithelium,1,1.0,0.0,0.0,0.0,0.0,0.0,0.0,0.0,0.0,0.9997369647026062,6.106952059781179e-05,8.501389675075188e-05,2.411710738670081e-05,1.7093045244109817e-05,1.0991134331561625e-05,1.9432029148447327e-05,1.7902289982885122e-05,2.752198815869633e-05
1448,lung_epithelium,lung_epithelium,1,1.0,0.0,0.0,0.0,0.0,0.0,0.0,0.0,0.0,0.9993890523910522,3.404104063520208e-05,0.0003813255752902478,2.8527898393804207e-05,3.1064853828866035e-05,2.579435022198595e-05,3.530770482029766e-05,3.981509507866576e-05,3.5053963074460626e-05
800,liver,liver,1,0.0,1.0,0.0,0.0,0.0,0.0,0.0,0.0,0.0,0.08510694652795792,0.9008439779281616,0.012968571856617928,0.00020431194570846856,9.05791312106885e-05,8.704141509952024e-05,0.00010250196646666154,0.00011790986900450662,0.0004780138551723212
1124,lung_epithelium,lung_epithelium,1,1.0,0.0,0.0,0.0,0.0,0.0,0.0,0.0,0.0,0.9971526861190796,0.00024616249720565975,0.002309692557901144,6.825158925494179e-05,5.230605893302709e-05,3.4175020118709654e-05,4.817309309146367e-05,5.327294275048189e-05,3.514463605824858e-05
1019,muscle,muscle,1,0.0,0.0,1.0,0.0,0.0,0.0,0.0,0.0,0.0,0.00016965324175544083,0.0012427535839378834,0.9983649849891663,8.958310354501009e-05,1.3632001355290413e-05,2.846843381121289e-05,3.48299254255835e-05,3.590882624848746e-05,2.008881165238563e-05
2118,lung_epithelium,lung_epithelium,1,1.0,0.0,0.0,0.0,0.0,0.0,0.0,0.0,0.0,0.9996092915534973,0.00012694232282228768,9.91873603197746e-05,3.338256283313967e-05,1.1970687410212122e-05,1.1769498996727634e-05,1.9008934032171965e-05,1.9943812731071375e-05,6.848978955531493e-05
3310,ear,ear,1,0.0,0.0,0.0,0.0,0.0,0.0,0.0,0.0,1.0,0.01504453457891941,0.0001046064862748608,0.000577751430682838,1.712649464025162e-05,0.00036633413401432335,9.125706856139004e-05,7.943590026115999e-05,0.00011111805360997096,0.983607828617096
3265,bone_marrow,bone_marrow,1,0.0,0.0,0.0,0.0,1.0,0.0,0.0,0.0,0.0,0.001757104997523129,0.003121019108220935,0.0004041003994643688,0.0007217340171337128,0.7349271178245544,0.00016722579312045127,0.0001095442203222774,0.0001345724449492991,0.2586576044559479
1278,lung_epithelium,lung_epithelium,1,1.0,0.0,0.0,0.0,0.0,0.0,0.0,0.0,0.0,0.9994853734970093,3.845906394417398e-05,0.00019730522762984037,2.4210992705775425e-05,2.7225563826505095e-05,2.751459032879211e-05,3.2742009352659807e-05,3.560778350220062e-05,0.000131467473693192
1410,lung_epithelium,lung_epithelium,1,1.0,0.0,0.0,0.0,0.0,0.0,0.0,0.0,0.0,0.9994957447052002,3.8728583604097366e-05,0.00020327385573182255,2.3050855816109106e-05,2.6958665330312215e-05,2.5018818632815965e-05,3.006031329277903e-05,3.308186569483951e-05,0.0001241795689566061
1739,lung_epithelium,lung_epithelium,1,1.0,0.0,0.0,0.0,0.0,0.0,0.0,0.0,0.0,0.9996442794799805,9.038528514793143e-05,0.00014587535406462848,2.7186326406081207e-05,1.481299568695249e-05,1.1867440662172157e-05,1.8830032786354423e-05,2.0932107872795314e-05,2.5905772417900153e-05
1196,lung_epithelium,lung_epithelium,1,1.0,0.0,0.0,0.0,0.0,0.0,0.0,0.0,0.0,0.9996668100357056,6.037153070792556e-05,2.6569437977741472e-05,1.5755900676595047e-05,2.2213513148017228e-05,1.6037922250689007e-05,2.6959756723954342e-05,2.292371391376946e-05,0.00014246568025555462
1270,lung_epithelium,lung_epithelium,1,1.0,0.0,0.0,0.0,0.0,0.0,0.0,0.0,0.0,0.9996929168701172,6.822808063589036e-05,8.643488399684429e-05,2.2385820557246916e-05,1.4837666640232783e-05,1.2852447071054485e-05,2.055363256658893e-05,2.1303430912666954e-05,6.045982081559487e-05
2786,lung_epithelium,lung_epithelium,1,1.0,0.0,0.0,0.0,0.0,0.0,0.0,0.0,0.0,0.7327148914337158,0.1920933574438095,0.0002588697534520179,0.07340353727340698,0.0002661773469299078,0.00013664484140463173,0.00017245365597773343,0.00018851306231226772,0.0007655938388779759
1593,lung_epithelium,lung_epithelium,1,1.0,0.0,0.0,0.0,0.0,0.0,0.0,0.0,0.0,0.9996898174285889,5.0766804633894935e-05,0.00013920091441832483,1.714362770144362e-05,2.2139216525829397e-05,1.0021672096627299e-05,1.4285635188571177e-05,1.605509351065848e-05,4.054003511555493e-05
1272,lung_epithelium,lung_epithelium,1,1.0,0.0,0.0,0.0,0.0,0.0,0.0,0.0,0.0,0.9995929598808289,8.927709131967276e-05,4.0862647438189015e-05,2.035989200521726e-05,1.703103225736413e-05,1.6911344573600218e-05,2.8107209800509736e-05,2.464940735080745e-05,0.00016979468637146056
3206,bone_marrow,bone_marrow,1,0.0,0.0,0.0,0.0,1.0,0.0,0.0,0.0,0.0,0.0001960147055797279,0.003998347092419863,7.739318971289322e-05,0.0007491747383028269,0.9926307201385498,5.6412507547065616e-05,5.56650738872122e-05,5.029231761000119e-05,0.0021860043052583933
1208,lung_epithelium,lung_epithelium,1,1.0,0.0,0.0,0.0,0.0,0.0,0.0,0.0,0.0,0.9993719458580017,6.786223821109161e-05,0.00039775282493792474,1.9544435417628847e-05,3.604143057600595e-05,2.240513640572317e-05,3.0517072445945814e-05,3.0231603886932135e-05,2.3598999177920632e-05
1308,lung_epithelium,lung_epithelium,1,1.0,0.0,0.0,0.0,0.0,0.0,0.0,0.0,0.0,0.9997072815895081,5.570431312662549e-05,0.00012338416127022356,2.0538056560326368e-05,1.8524071492720395e-05,1.1565864042495377e-05,1.9862893168465234e-05,1.9886849258909933e-05,2.322318141523283e-05
2789,lung_epithelium,lung_epithelium,1,1.0,0.0,0.0,0.0,0.0,0.0,0.0,0.0,0.0,0.951257050037384,0.04017409682273865,0.00014014825865160674,0.007965312339365482,0.0002557819534558803,3.9670063415542245e-05,7.215810182970017e-05,7.648085011169314e-05,1.9328574126120657e-05
1935,lung_epithelium,lung_epithelium,1,1.0,0.0,0.0,0.0,0.0,0.0,0.0,0.0,0.0,0.9993581175804138,5.2367984608281404e-05,0.00032067165011540055,2.605681038403418e-05,3.0503442758345045e-05,2.5097670004470274e-05,3.258844299125485e-05,4.1233703086618334e-05,0.0001134044214268215
52,liver,liver,1,0.0,1.0,0.0,0.0,0.0,0.0,0.0,0.0,0.0,0.01341121643781662,0.967011570930481,5.534253432415426e-05,0.018904536962509155,0.0002807808923535049,7.202727283583954e-05,0.0001409863616572693,8.050617179833353e-05,4.292876474210061e-05
1509,lung_epithelium,lung_epithelium,1,1.0,0.0,0.0,0.0,0.0,0.0,0.0,0.0,0.0,0.9989509582519531,0.00046123145148158073,2.150907675968483e-05,0.00041594658978283405,3.392864891793579e-05,1.5469404388568364e-05,2.45467836066382e-05,2.778741873044055e-05,4.8594803956802934e-05
1510,lung_epithelium,lung_epithelium,1,1.0,0.0,0.0,0.0,0.0,0.0,0.0,0.0,0.0,0.9997568726539612,4.4854623411083594e-05,5.068154132459313e-05,1.6337897250195965e-05,2.4376315195695497e-05,1.0110617949976586e-05,1.604596218385268e-05,1.6774954929132946e-05,6.393111107172444e-05
636,muscle,muscle,1,0.0,0.0,1.0,0.0,0.0,0.0,0.0,0.0,0.0,0.00025795670808292925,0.00020619557471945882,0.9993196725845337,2.3856035113567486e-05,8.281450573122129e-05,1.975561463041231e-05,2.001855318667367e-05,2.563984162406996e-05,4.415084913489409e-05
882,liver,liver,1,0.0,0.5,0.0,0.5,0.0,0.0,0.0,0.0,0.0,0.0008909015450626612,0.6069302558898926,0.0005437533836811781,0.389297217130661,0.0015934119001030922,0.00011060976248700172,0.00011076693772338331,0.00010741277219494805,0.00041566116851754487
1592,lung_epithelium,lung_epithelium,1,1.0,0.0,0.0,0.0,0.0,0.0,0.0,0.0,0.0,0.9993410706520081,4.78300207760185e-05,0.00043082484626211226,2.2897000235388987e-05,3.121162808383815e-05,2.1789293896290474e-05,2.714772017498035e-05,3.039281364181079e-05,4.676898606703617e-05
1118,lung_epithelium,lung_epithelium,1,1.0,0.0,0.0,0.0,0.0,0.0,0.0,0.0,0.0,0.9962838292121887,0.00038979234523139894,0.0029366484377533197,0.00014232992543838918,4.555276609607972e-05,4.2565421608742326e-05,5.908766979700886e-05,6.894733814988285e-05,3.123492206213996e-05
1120,lung_epithelium,lung_epithelium,1,1.0,0.0,0.0,0.0,0.0,0.0,0.0,0.0,0.0,0.996864378452301,0.00041957388748414814,0.0023725838400423527,8.882399561116472e-05,3.9023398130666465e-05,3.281420868006535e-05,4.716674084193073e-05,5.089984551887028e-05,8.473810885334387e-05
1764,lung_epithelium,lung_epithelium,1,1.0,0.0,0.0,0.0,0.0,0.0,0.0,0.0,0.0,0.9997367262840271,7.495018508052453e-05,2.0115357983740978e-05,4.543648537946865e-05,4.534492836683057e-05,1.185310884466162e-05,1.793880801415071e-05,1.983037327590864e-05,2.7854131985804997e-05
217,liver,liver,1,0.0,1.0,0.0,0.0,0.0,0.0,0.0,0.0,0.0,0.09836473315954208,0.8989533185958862,0.0011015739291906357,0.0012585330987349153,5.102958675706759e-05,4.3327745515853167e-05,7.654401269974187e-05,9.390665945829824e-05,5.716132727684453e-05
1035,muscle,muscle,1,0.0,0.0,1.0,0.0,0.0,0.0,0.0,0.0,0.0,0.00012935321137774736,0.0012935807462781668,0.99836665391922,9.128602687269449e-05,1.854915353760589e-05,2.2560383513337e-05,2.653440424182918e-05,2.6915218768408522e-05,2.454536661389284e-05
3245,bone_marrow,bone_marrow,1,0.0,0.0,0.0,0.0,1.0,0.0,0.0,0.0,0.0,0.00020537084492389113,0.0005468646413646638,6.674234464298934e-05,0.00018708717834670097,0.9892237186431885,9.699395013740286e-05,7.167466537794098e-05,8.688870002515614e-05,0.00951471272855997
915,liver,liver,1,0.0,0.5,0.0,0.5,0.0,0.0,0.0,0.0,0.0,0.0009075671550817788,0.5445367097854614,0.0002558570704422891,0.44893592596054077,0.004344149958342314,0.00011081036063842475,0.0001513141323812306,0.00012781762052327394,0.000629915448371321
413,liver,liver,1,0.0,1.0,0.0,0.0,0.0,0.0,0.0,0.0,0.0,0.06090397760272026,0.9373917579650879,0.0007341830641962588,0.0007288948982022703,5.9081317886011675e-05,3.00258252536878e-05,5.788909402326681e-05,6.633879092987627e-05,2.7902289730263874e-05
654,muscle,muscle,1,0.0,0.0,1.0,0.0,0.0,0.0,0.0,0.0,0.0,0.00013019400648772717,0.00017799806664697826,0.999477207660675,2.269806464028079e-05,9.294054325437173e-05,1.915719076350797e-05,1.7607126210350543e-05,2.296277671121061e-05,3.922906034858897e-05
2122,lung_epithelium,lung_epithelium,1,1.0,0.0,0.0,0.0,0.0,0.0,0.0,0.0,0.0,0.9995967745780945,0.00012124488421250135,0.00013126010890118778,3.6957047996111214e-05,1.2231304935994558e-05,1.1828235074062832e-05,1.8603046555654146e-05,2.0011158994748257e-05,5.100451744510792e-05
1564,lung_epithelium,lung_epithelium,1,1.0,0.0,0.0,0.0,0.0,0.0,0.0,0.0,0.0,0.9994242191314697,3.066887074965052e-05,0.0003551832342054695,2.4300392396980897e-05,2.9742868719040416e-05,2.3745398721075617e-05,3.3274493034696206e-05,3.7387657357612625e-05,4.156349677941762e-05
545,muscle,muscle,1,0.0,0.0,1.0,0.0,0.0,0.0,0.0,0.0,0.0,9.435405809199437e-05,0.00020314597350079566,0.9995235204696655,2.2974112653173506e-05,4.0679013181943446e-05,2.2622783944825642e-05,2.1727237253799103e-05,2.7539032089407556e-05,4.347091089584865e-05
974,liver,liver,1,0.0,0.5,0.0,0.5,0.0,0.0,0.0,0.0,0.0,0.0003137967432849109,0.5236144661903381,0.004848510958254337,0.46250253915786743,0.00688457116484642,0.0004175591457169503,0.000671704881824553,0.0003481178137008101,0.0003987597010564059
307,liver,liver,1,0.0,1.0,0.0,0.0,0.0,0.0,0.0,0.0,0.0,0.16696636378765106,0.8306169509887695,0.0008780763018876314,0.0010496302274987102,3.296166323707439e-05,7.676998939132318e-05,0.0001413025165675208,0.00015868958143983036,7.928998820716515e-05
1667,lung_epithelium,lung_epithelium,1,1.0,0.0,0.0,0.0,0.0,0.0,0.0,0.0,0.0,0.9996635913848877,6.916916026966646e-05,8.206257916754112e-05,5.234813579590991e-05,2.9146851375116967e-05,1.3984464203531388e-05,3.127656600554474e-05,3.258587821619585e-05,2.5818048015935346e-05
448,liver,liver,1,0.0,1.0,0.0,0.0,0.0,0.0,0.0,0.0,0.0,0.05100221186876297,0.9477101564407349,0.0004234779335092753,0.0006082263425923884,4.056087709614076e-05,3.123741043964401e-05,5.0552538596093655e-05,6.640361971221864e-05,6.725277489749715e-05
86,liver,liver,1,0.0,1.0,0.0,0.0,0.0,0.0,0.0,0.0,0.0,0.002534307772293687,0.9308055639266968,6.08187765465118e-05,0.06574272364377975,0.000377122953068465,0.0001165958383353427,0.000193517014849931,0.00013503109221346676,3.418375490582548e-05
1091,muscle,muscle,1,0.0,0.0,1.0,0.0,0.0,0.0,0.0,0.0,0.0,8.144316234393045e-05,0.00042038189712911844,0.9991881251335144,2.2482427084469236e-05,9.228507406078279e-05,1.9429346139077097e-05,1.8477197954780422e-05,1.938254172273446e-05,0.00013794199912808836
13,liver,liver,1,0.0,1.0,0.0,0.0,0.0,0.0,0.0,0.0,0.0,0.00020909184240736067,0.9799330234527588,5.891235559829511e-05,0.01136111468076706,0.008008836768567562,7.119957444956526e-05,0.00010280544665874913,6.311783363344148e-05,0.00019197631627321243
1677,lung_epithelium,lung_epithelium,1,1.0,0.0,0.0,0.0,0.0,0.0,0.0,0.0,0.0,0.9994964599609375,6.917144492035732e-05,0.0002631870738696307,2.265660987177398e-05,3.187497713952325e-05,2.3398381017614156e-05,3.304531128378585e-05,3.0028471883269958e-05,3.00886149489088e-05
3249,bone_marrow,bone_marrow,1,0.0,0.0,0.0,0.0,1.0,0.0,0.0,0.0,0.0,0.004920800216495991,0.1293417513370514,0.0002799356007017195,0.045112110674381256,0.6036069393157959,0.0002624820626806468,0.00020638402202166617,0.0002461344702169299,0.21602338552474976
1573,lung_epithelium,lung_epithelium,1,1.0,0.0,0.0,0.0,0.0,0.0,0.0,0.0,0.0,0.9997101426124573,5.6637669331394136e-05,6.366815068759024e-05,3.658606146927923e-05,2.5373525204486214e-05,1.3795281120110303e-05,3.053005275432952e-05,3.02511816698825e-05,3.300887328805402e-05
1563,lung_epithelium,lung_epithelium,1,1.0,0.0,0.0,0.0,0.0,0.0,0.0,0.0,0.0,0.9997161030769348,9.046870400197804e-05,6.324111018329859e-05,1.8550186723587103e-05,1.8073615137836896e-05,1.1026631909771822e-05,2.1376090444391593e-05,1.7553185898577794e-05,4.346071364125237e-05
1835,lung_epithelium,lung_epithelium,1,1.0,0.0,0.0,0.0,0.0,0.0,0.0,0.0,0.0,0.9995155334472656,3.478128928691149e-05,0.00022538480698131025,1.9589475414250046e-05,2.971652429550886e-05,2.6852763767237775e-05,3.2447347621200606e-05,3.339054455864243e-05,8.237086149165407e-05
1231,lung_epithelium,lung_epithelium,1,1.0,0.0,0.0,0.0,0.0,0.0,0.0,0.0,0.0,0.9994779229164124,3.954472049372271e-05,0.00031075545120984316,2.2666714357910678e-05,3.2180920243263245e-05,2.2459649699158035e-05,2.9872961022192612e-05,3.0679326300742105e-05,3.3916356187546626e-05
614,muscle,muscle,1,0.0,0.0,1.0,0.0,0.0,0.0,0.0,0.0,0.0,0.0001087492419173941,0.00019110599532723427,0.9995260238647461,2.6945497666019946e-05,5.0168047891929746e-05,1.8447257389198057e-05,1.83558640856063e-05,2.4750008378759958e-05,3.5400749766267836e-05
3009,liver,liver,1,0.0,1.0,0.0,0.0,0.0,0.0,0.0,0.0,0.0,0.0004806867509614676,0.9979791045188904,0.0003787725872825831,0.00024223416403401643,1.0856286280613858e-05,8.782759687164798e-05,9.200610656989738e-05,8.521931886207312e-05,0.000643398379907012
2946,ear,ear,1,0.0,0.0,0.0,0.0,0.0,0.0,0.0,0.0,1.0,0.024586332961916924,0.0004815880674868822,8.088121103355661e-05,0.00013088736159261316,9.088525985134766e-05,0.00017182700685225427,0.00017198192654177547,0.00025034896680153906,0.9740351438522339
1381,lung_epithelium,lung_epithelium,1,1.0,0.0,0.0,0.0,0.0,0.0,0.0,0.0,0.0,0.9995319843292236,7.53462954889983e-05,0.00020016914641018957,1.9813909602817148e-05,3.0197254091035575e-05,2.3937023797770962e-05,3.0445562515524216e-05,2.770773062366061e-05,6.054383993614465e-05
1557,lung_epithelium,lung_epithelium,1,1.0,0.0,0.0,0.0,0.0,0.0,0.0,0.0,0.0,0.9997492432594299,6.504009070340544e-05,4.1625495214248076e-05,1.709843854769133e-05,1.8041957446257584e-05,1.1308838111290243e-05,2.1544194169109687e-05,1.760560553520918e-05,5.85146808589343e-05
1284,lung_epithelium,lung_epithelium,1,1.0,0.0,0.0,0.0,0.0,0.0,0.0,0.0,0.0,0.9995226860046387,7.451340206898749e-05,0.00025489431573078036,1.849228829087224e-05,3.79271041310858e-05,1.9470060578896664e-05,2.607537135190796e-05,2.5512908905511722e-05,2.0440167645574547e-05
1072,muscle,muscle,1,0.0,0.0,1.0,0.0,0.0,0.0,0.0,0.0,0.0,0.0002773512969724834,0.0018417693208903074,0.9975119829177856,3.8413083530031145e-05,6.966597720747814e-05,2.028178823820781e-05,2.1189536710153334e-05,2.1723893951275386e-05,0.00019764604803640395
2194,lung_epithelium,lung_epithelium,1,1.0,0.0,0.0,0.0,0.0,0.0,0.0,0.0,0.0,0.9993799924850464,3.0176026484696195e-05,0.00039145408663898706,3.0424969736486673e-05,3.156912134727463e-05,2.4901431970647536e-05,3.486008426989429e-05,4.043875014758669e-05,3.625445970101282e-05
1052,muscle,muscle,1,0.0,0.0,1.0,0.0,0.0,0.0,0.0,0.0,0.0,0.016308164224028587,0.0007383968913927674,0.9823739528656006,5.9665751905413345e-05,0.00036289647687226534,2.4096088964142837e-05,3.0250168492784724e-05,3.749330426217057e-05,6.51033187750727e-05
2678,lung_epithelium,lung_epithelium,1,1.0,0.0,0.0,0.0,0.0,0.0,0.0,0.0,0.0,0.9989603757858276,0.0003269067092332989,5.4774067393736914e-05,4.4121843529865146e-05,1.7959031538339332e-05,1.8154114513890818e-05,2.855011189240031e-05,2.5935913072316907e-05,0.0005231065442785621
1797,lung_epithelium,lung_epithelium,1,1.0,0.0,0.0,0.0,0.0,0.0,0.0,0.0,0.0,0.9989305138587952,7.510187424486503e-05,0.0007990250596776605,2.6550047550699674e-05,3.822382859652862e-05,2.8812411983381025e-05,4.0667291614227e-05,4.3602096411632374e-05,1.755003358994145e-05
177,liver,liver,1,0.0,1.0,0.0,0.0,0.0,0.0,0.0,0.0,0.0,0.04464400187134743,0.9541303515434265,0.0001191861301776953,0.0007281866855919361,2.072559072985314e-05,6.770928303012624e-05,0.00010862341878237203,0.0001231204078067094,5.811509981867857e-05
3140,muscle,muscle,1,0.0,0.0,1.0,0.0,0.0,0.0,0.0,0.0,0.0,0.00026694845291785896,0.006257395725697279,0.9928801655769348,0.0003069245722144842,1.652671016927343e-05,5.988355042063631e-05,6.099422535044141e-05,6.877210398670286e-05,8.253233681898564e-05
1366,lung_epithelium,lung_epithelium,1,1.0,0.0,0.0,0.0,0.0,0.0,0.0,0.0,0.0,0.9996684789657593,6.0349178966134787e-05,3.9233535062521696e-05,2.0581808712449856e-05,1.8614302462083288e-05,1.4537052265950479e-05,2.3861632143962197e-05,2.2957992769079283e-05,0.00013140580267645419
968,liver,liver,1,0.0,0.5,0.0,0.5,0.0,0.0,0.0,0.0,0.0,0.00033400204847566783,0.6506628394126892,0.0030532211530953646,0.3420213460922241,0.0028690057806670666,0.0002425532729830593,0.00040340315899811685,0.00020462877000682056,0.00020905869314447045
3219,bone_marrow,bone_marrow,1,0.0,0.0,0.0,0.0,1.0,0.0,0.0,0.0,0.0,0.0034521620254963636,0.17217975854873657,0.00011511476623127237,0.0681169256567955,0.7549836039543152,0.0001462008513044566,0.00019066584354732186,0.0001529297442175448,0.0006626223330385983
1132,muscle,muscle,1,0.0,0.0,1.0,0.0,0.0,0.0,0.0,0.0,0.0,0.0004257108666934073,0.0005192401586100459,0.998829185962677,3.2387517421739176e-05,0.00011067855666624382,1.5469686331925914e-05,1.6433979908470064e-05,1.6127032722579315e-05,3.483582258922979e-05
1310,lung_epithelium,lung_epithelium,1,1.0,0.0,0.0,0.0,0.0,0.0,0.0,0.0,0.0,0.9995598196983337,6.623669469263405e-05,4.193950007902458e-05,2.66034112428315e-05,1.7209753423230723e-05,1.831739973567892e-05,2.875236350519117e-05,2.9902546884841286e-05,0.00021131678659003228
1984,lung_epithelium,lung_epithelium,1,1.0,0.0,0.0,0.0,0.0,0.0,0.0,0.0,0.0,0.9995647072792053,4.608403469319455e-05,0.0001064143652911298,1.670016354182735e-05,3.328104503452778e-05,2.541109461162705e-05,3.0124090699246153e-05,2.7155685529578477e-05,0.0001501683727838099
2463,lung_epithelium,lung_epithelium,1,1.0,0.0,0.0,0.0,0.0,0.0,0.0,0.0,0.0,0.9971701502799988,0.0013396332506090403,0.0001181024344987236,5.488639362738468e-05,2.3356011297437362e-05,2.793943895085249e-05,3.771074625547044e-05,3.536088843247853e-05,0.0011928622843697667
932,liver,liver,1,0.0,0.5,0.0,0.5,0.0,0.0,0.0,0.0,0.0,0.0004768453072756529,0.5239731669425964,0.0076384288258850574,0.4281255602836609,0.03848796337842941,0.00023685992346145213,0.00029419531347230077,0.00021138422016520053,0.0005556311807595193
2607,lung_epithelium,lung_epithelium,1,1.0,0.0,0.0,0.0,0.0,0.0,0.0,0.0,0.0,0.999498724937439,7.547807035734877e-05,0.00023444299586117268,1.9102944861515425e-05,3.2165760785574093e-05,2.0435782062122598e-05,2.491248960723169e-05,2.3890957891126163e-05,7.079494389472529e-05
1514,lung_epithelium,lung_epithelium,1,1.0,0.0,0.0,0.0,0.0,0.0,0.0,0.0,0.0,0.9997555613517761,4.273656668374315e-05,4.559164881356992e-05,1.6131296433741227e-05,2.554356979089789e-05,1.0664107321645133e-05,1.7447029676986858e-05,1.8158329112338834e-05,6.818377005401999e-05
645,muscle,muscle,1,0.0,0.0,1.0,0.0,0.0,0.0,0.0,0.0,0.0,0.00013262423453852534,0.0002027049195021391,0.9994805455207825,1.991433418879751e-05,7.422699127346277e-05,1.7168029444292188e-05,1.628758582228329e-05,2.2096872271504253e-05,3.440855289227329e-05
3282,ear,ear,1,0.0,0.0,0.0,0.0,0.0,0.0,0.0,0.0,1.0,0.0007614259957335889,0.017697472125291824,0.0017095728544518352,0.006674972828477621,0.31511732935905457,0.00022616000205744058,0.00013653775386046618,0.00015700793301220983,0.657519519329071
481,liver,liver,1,0.0,1.0,0.0,0.0,0.0,0.0,0.0,0.0,0.0,0.016564439982175827,0.9829862713813782,4.709973291028291e-05,0.00020618435519281775,3.815696618403308e-05,3.161197673762217e-05,4.306631672079675e-05,5.398548819357529e-05,2.9156555683584884e-05
1426,lung_epithelium,lung_epithelium,1,1.0,0.0,0.0,0.0,0.0,0.0,0.0,0.0,0.0,0.9996757507324219,6.547148223035038e-05,0.0001256501564057544,2.1068897694931366e-05,1.4348706827149726e-05,1.2228528248670045e-05,2.239716013718862e-05,2.1837244275957346e-05,4.134494884056039e-05
990,liver,lung_epithelium,0,0.0,1.0,0.0,0.0,0.0,0.0,0.0,0.0,0.0,0.721936047077179,0.24066071212291718,0.0001034480519592762,0.03289634734392166,0.0003544825012795627,0.00022400575107894838,0.00025181297678500414,0.0002642450272105634,0.0033088906202465296
2108,lung_epithelium,lung_epithelium,1,1.0,0.0,0.0,0.0,0.0,0.0,0.0,0.0,0.0,0.9994307160377502,4.966175038134679e-05,0.00027233693981543183,2.3778799004503526e-05,2.8132735678809695e-05,2.1158177332836203e-05,2.547030453570187e-05,2.9617332984344102e-05,0.0001190145849250257
1916,lung_epithelium,lung_epithelium,1,1.0,0.0,0.0,0.0,0.0,0.0,0.0,0.0,0.0,0.99928879737854,0.00010234535875497386,0.0004155186179559678,2.7357304134056903e-05,2.7389965907786973e-05,2.4656057576066814e-05,3.165275848004967e-05,3.2172349165193737e-05,5.0059134082403034e-05
294,liver,liver,1,0.0,1.0,0.0,0.0,0.0,0.0,0.0,0.0,0.0,0.24303045868873596,0.7555612325668335,0.0008482455159537494,0.00014395630569197237,6.049915828043595e-05,6.098057929193601e-05,0.00010121108061866835,0.00013120227959007025,6.218391354195774e-05
1967,lung_epithelium,lung_epithelium,1,1.0,0.0,0.0,0.0,0.0,0.0,0.0,0.0,0.0,0.9997416138648987,7.797839498380199e-05,2.8766289688064717e-05,2.009580384765286e-05,1.8433665900374763e-05,1.220374815602554e-05,2.199777554778848e-05,1.7184131138492376e-05,6.162748468341306e-05
3111,muscle,muscle,1,0.0,0.0,1.0,0.0,0.0,0.0,0.0,0.0,0.0,0.0008055449579842389,0.0013408750528469682,0.9974516034126282,0.00020726672664750367,5.916031659580767e-05,1.8377222659182735e-05,2.242302980448585e-05,2.726085040194448e-05,6.738978117937222e-05
3288,ear,bone_marrow,0,0.0,0.0,0.0,0.0,0.0,0.0,0.0,0.0,1.0,0.0021102726459503174,0.1396152228116989,0.0013114913599565625,0.05969225987792015,0.5415621995925903,0.00025820016162469983,0.0001992918987525627,0.00023043129476718605,0.2550206184387207
2186,lung_epithelium,lung_epithelium,1,1.0,0.0,0.0,0.0,0.0,0.0,0.0,0.0,0.0,0.9993510842323303,5.190689262235537e-05,0.00019074791634920985,2.69186966761481e-05,2.6103587515535764e-05,3.0766786949243397e-05,3.53101386281196e-05,3.99222772102803e-05,0.0002472153282724321
1173,lung_epithelium,lung_epithelium,1,1.0,0.0,0.0,0.0,0.0,0.0,0.0,0.0,0.0,0.9989062547683716,8.29696946311742e-05,0.0007099407375790179,3.9525046304333955e-05,2.639854938024655e-05,1.5105882994248532e-05,2.148738713003695e-05,2.9064725822536275e-05,0.00016925236559472978
73,liver,liver,1,0.0,1.0,0.0,0.0,0.0,0.0,0.0,0.0,0.0,0.001228082925081253,0.9818533062934875,4.471354986890219e-05,0.016125041991472244,0.0004815960710402578,6.069541268516332e-05,0.00010663761349860579,6.477632996393368e-05,3.5099546948913485e-05
238,liver,liver,1,0.0,1.0,0.0,0.0,0.0,0.0,0.0,0.0,0.0,0.04369742050766945,0.9533291459083557,9.967124060494825e-05,0.0006960195023566484,2.4949056751211174e-05,0.0002567912742961198,0.0003227948909625411,0.00040694186463952065,0.0011663067853078246
1556,lung_epithelium,lung_epithelium,1,1.0,0.0,0.0,0.0,0.0,0.0,0.0,0.0,0.0,0.9995108842849731,0.00018085601914208382,2.1893965822528116e-05,0.00016391654207836837,3.125300645479001e-05,1.2674251593125518e-05,2.0570400010910816e-05,2.380775367782917e-05,3.421098517719656e-05
453,liver,liver,1,0.0,1.0,0.0,0.0,0.0,0.0,0.0,0.0,0.0,0.044779665768146515,0.9542341828346252,0.0002747983089648187,0.0004697926342487335,3.070812454097904e-05,3.135320366709493e-05,5.1481682021403685e-05,6.390827184077352e-05,6.407084583770484e-05
1187,lung_epithelium,lung_epithelium,1,1.0,0.0,0.0,0.0,0.0,0.0,0.0,0.0,0.0,0.9997299313545227,5.483691711560823e-05,6.860703433630988e-05,1.8891116269514896e-05,1.7662021491560154e-05,1.277999035664834e-05,2.133443376806099e-05,2.090796442644205e-05,5.503443389898166e-05
71,liver,liver,1,0.0,1.0,0.0,0.0,0.0,0.0,0.0,0.0,0.0,0.0028966881800442934,0.9443706274032593,5.161529406905174e-05,0.051855649799108505,0.00036007995367981493,0.00011030738096451387,0.0001932610321091488,0.00012920971494168043,3.255776391597465e-05
1968,lung_epithelium,lung_epithelium,1,1.0,0.0,0.0,0.0,0.0,0.0,0.0,0.0,0.0,0.9995373487472534,6.235694308998063e-05,0.0002313169970875606,2.1582665794994682e-05,3.075262429774739e-05,2.2981857910053805e-05,3.0135850465740077e-05,2.7464688173495233e-05,3.608997940318659e-05
460,liver,liver,1,0.0,1.0,0.0,0.0,0.0,0.0,0.0,0.0,0.0,0.07850384712219238,0.919712245464325,0.0006933512049727142,0.000813537510111928,4.4081076339352876e-05,3.563538848538883e-05,6.140788900665939e-05,7.817518780939281e-05,5.7737350289244205e-05
525,liver,liver,1,0.0,1.0,0.0,0.0,0.0,0.0,0.0,0.0,0.0,0.07183969765901566,0.9265427589416504,0.0005839102668687701,0.0007578696822747588,3.327166268718429e-05,4.082980376551859e-05,7.613207708345726e-05,8.231509855249897e-05,4.310796794015914e-05
1010,muscle,muscle,1,0.0,0.0,1.0,0.0,0.0,0.0,0.0,0.0,0.0,4.408388849697076e-05,0.0002700367767829448,0.9995288848876953,2.905445398937445e-05,3.887251659762114e-05,1.9895534933311865e-05,2.098947879858315e-05,1.9357225028215908e-05,2.8837368517997675e-05
1762,lung_epithelium,lung_epithelium,1,1.0,0.0,0.0,0.0,0.0,0.0,0.0,0.0,0.0,0.9996110796928406,5.754160520154983e-05,0.00015065014304127544,1.7942591512110084e-05,3.4789423807524145e-05,2.182038406317588e-05,2.8657939765253104e-05,2.5285862648161128e-05,5.216050340095535e-05
3209,bone_marrow,liver,0,0.0,0.0,0.0,0.0,1.0,0.0,0.0,0.0,0.0,0.0008807164849713445,0.5332778692245483,0.001691645011305809,0.4294437766075134,0.03297200798988342,0.00011852867464767769,0.00013179858797229826,0.00011491873738123104,0.0013688493054360151
1875,lung_epithelium,lung_epithelium,1,1.0,0.0,0.0,0.0,0.0,0.0,0.0,0.0,0.0,0.9997013211250305,4.920258652418852e-05,0.00013630950707010925,1.8909446225734428e-05,1.8917437046184205e-05,1.0492301953490824e-05,1.8406415620120242e-05,1.8361935872235335e-05,2.8024041967000812e-05
839,liver,liver,1,0.0,0.5,0.0,0.5,0.0,0.0,0.0,0.0,0.0,0.01155384723097086,0.8256984949111938,0.00011375344183761626,0.15984348952770233,0.002299616811797023,0.00011349315900588408,0.00019669737957883626,0.0001347606594208628,4.58789145341143e-05
1325,lung_epithelium,lung_epithelium,1,1.0,0.0,0.0,0.0,0.0,0.0,0.0,0.0,0.0,0.9993576407432556,6.827242759754881e-05,0.00038265634793788195,2.5971061404561624e-05,2.5345718313474208e-05,2.5472523702774197e-05,3.37770652549807e-05,3.444260437390767e-05,4.639013423002325e-05
1997,lung_epithelium,lung_epithelium,1,1.0,0.0,0.0,0.0,0.0,0.0,0.0,0.0,0.0,0.999675989151001,8.358198101632297e-05,9.90885600913316e-05,1.8975480998051353e-05,1.6567022612434812e-05,1.1623419595707674e-05,2.136651164619252e-05,1.8348080629948527e-05,5.446179784485139e-05
1804,lung_epithelium,lung_epithelium,1,1.0,0.0,0.0,0.0,0.0,0.0,0.0,0.0,0.0,0.9995908141136169,5.942689676885493e-05,0.00019458534370642155,1.4098335668677464e-05,4.1372713894816115e-05,2.0209556168993004e-05,2.4062375814537518e-05,2.4038452465902083e-05,3.144416041322984e-05
754,muscle,muscle,1,0.0,0.0,1.0,0.0,0.0,0.0,0.0,0.0,0.0,3.640722206910141e-05,0.0001303136523347348,0.9996393918991089,1.601860458322335e-05,6.632655276916921e-05,2.0619065253413282e-05,1.6628429875709116e-05,2.1879935957258567e-05,5.231093382462859e-05
3194,bone_marrow,bone_marrow,1,0.0,0.0,0.0,0.0,1.0,0.0,0.0,0.0,0.0,0.00022466256632469594,0.15737110376358032,0.010679175145924091,0.09042266756296158,0.7277239561080933,0.0003349746111780405,0.00032336945878341794,0.0002392166352365166,0.012680823914706707
1720,lung_epithelium,lung_epithelium,1,1.0,0.0,0.0,0.0,0.0,0.0,0.0,0.0,0.0,0.9992237091064453,3.934840060537681e-05,0.0005324823432601988,3.660370930447243e-05,3.0130186132737435e-05,2.625489105412271e-05,3.848329288302921e-05,4.37243033957202e-05,2.9308113880688325e-05
2949,ear,ear,1,0.0,0.0,0.0,0.0,0.0,0.0,0.0,0.0,1.0,0.012449451722204685,0.0014787684194743633,5.107585457153618e-05,0.00012376382073853165,7.637195085408166e-05,0.00020269570813979954,0.00020367250544950366,0.00024019621196202934,0.9851741194725037
1131,muscle,muscle,1,0.0,0.0,1.0,0.0,0.0,0.0,0.0,0.0,0.0,0.0004628287861123681,0.0005755779566243291,0.998745322227478,3.977047890657559e-05,9.704916010377929e-05,1.572761539136991e-05,1.7299224055022933e-05,1.7051224858732894e-05,2.935795964731369e-05
1228,lung_epithelium,lung_epithelium,1,1.0,0.0,0.0,0.0,0.0,0.0,0.0,0.0,0.0,0.9994716048240662,2.7194049835088663e-05,0.0003092085535172373,2.8236376238055527e-05,3.3440413972130045e-05,2.37475451285718e-05,3.2067273423308507e-05,3.574842412490398e-05,3.87586114811711e-05
2873,lung_epithelium,lung_epithelium,1,1.0,0.0,0.0,0.0,0.0,0.0,0.0,0.0,0.0,0.9983603358268738,0.000190704085980542,0.0012371817138046026,5.0836893933592364e-05,3.624853343353607e-05,2.2763195374864154e-05,3.1683663110015914e-05,3.485236084088683e-05,3.537454176694155e-05
188,liver,liver,1,0.0,1.0,0.0,0.0,0.0,0.0,0.0,0.0,0.0,0.060498207807540894,0.9377878308296204,0.0005119854467920959,0.0009237854974344373,2.855523234757129e-05,4.094661198905669e-05,7.284389721462503e-05,8.228084334405139e-05,5.367111953091808e-05
3100,muscle,muscle,1,0.0,0.0,1.0,0.0,0.0,0.0,0.0,0.0,0.0,0.002536349231377244,0.002754557179287076,0.9942447543144226,0.00015177432214841247,3.8781687180744484e-05,2.423777914373204e-05,2.800584479700774e-05,3.635295797721483e-05,0.00018532414105720818
1727,lung_epithelium,lung_epithelium,1,1.0,0.0,0.0,0.0,0.0,0.0,0.0,0.0,0.0,0.9997127652168274,6.005742761772126e-05,4.591445394908078e-05,2.749485065578483e-05,1.5375106158899143e-05,1.4007417121320032e-05,2.3479362425860018e-05,2.457239133946132e-05,7.639375689905137e-05
2002,lung_epithelium,lung_epithelium,1,1.0,0.0,0.0,0.0,0.0,0.0,0.0,0.0,0.0,0.9993641972541809,4.991240712115541e-05,0.000410323787946254,2.4959334041341208e-05,2.8286300221225247e-05,2.247946395073086e-05,2.990370921907015e-05,3.105158612015657e-05,3.896502312272787e-05
1617,lung_epithelium,lung_epithelium,1,1.0,0.0,0.0,0.0,0.0,0.0,0.0,0.0,0.0,0.9995200634002686,2.3424830942531116e-05,0.00026420882204547524,2.1257112166495062e-05,3.93641967093572e-05,2.3120548576116562e-05,2.8954453227925114e-05,3.319239112897776e-05,4.644308864953928e-05
1083,muscle,muscle,1,0.0,0.0,1.0,0.0,0.0,0.0,0.0,0.0,0.0,0.0003186364483553916,0.0027557560242712498,0.9966843724250793,8.906130096875131e-05,4.852089477935806e-05,2.1983712940709665e-05,2.522366412449628e-05,2.5817493224167265e-05,3.062238829443231e-05
842,liver,liver,1,0.0,0.5,0.0,0.5,0.0,0.0,0.0,0.0,0.0,0.002001308836042881,0.5920872688293457,0.0006123995990492404,0.4042923152446747,0.00040396000258624554,0.0001354284177068621,0.00015660580538678914,0.00015703937970101833,0.0001536158670205623
746,muscle,muscle,1,0.0,0.0,1.0,0.0,0.0,0.0,0.0,0.0,0.0,0.00013185598072595894,0.00012795493239536881,0.999582827091217,1.4521797311317641e-05,3.8510304875671864e-05,2.5014342099893838e-05,2.1400899640866555e-05,3.2474054023623466e-05,2.5420136807952076e-05
2498,lung_epithelium,lung_epithelium,1,1.0,0.0,0.0,0.0,0.0,0.0,0.0,0.0,0.0,0.9990296363830566,0.00016054602747317404,0.000546011608093977,3.5018136259168386e-05,2.5826517230598256e-05,2.2414962586481124e-05,2.8392672902555205e-05,3.2419793569715694e-05,0.00011965554585913196
435,liver,liver,1,0.0,1.0,0.0,0.0,0.0,0.0,0.0,0.0,0.0,0.14237825572490692,0.8557678461074829,0.0007729337667115033,0.0007347104838117957,8.00170746515505e-05,4.5153974497225136e-05,7.592470501549542e-05,8.906896982807666e-05,5.603603494819254e-05
2990,liver,liver,1,0.0,1.0,0.0,0.0,0.0,0.0,0.0,0.0,0.0,0.008555675856769085,0.9894200563430786,0.0010014768922701478,0.00020484176639001817,3.229943831684068e-05,3.0424807846429758e-05,3.3401986001990736e-05,3.275949347880669e-05,0.0006891275988891721
193,liver,liver,1,0.0,1.0,0.0,0.0,0.0,0.0,0.0,0.0,0.0,0.06995630264282227,0.9283632636070251,0.0005082561983726919,0.0008874527411535382,4.5909608161309734e-05,3.777854726649821e-05,6.256628694245592e-05,8.223971235565841e-05,5.628922372125089e-05
1828,lung_epithelium,lung_epithelium,1,1.0,0.0,0.0,0.0,0.0,0.0,0.0,0.0,0.0,0.9994970560073853,4.822178743779659e-05,0.0002772572624962777,1.9862145563820377e-05,2.8876960641355254e-05,2.4234075681306422e-05,3.120551991742104e-05,3.063559051952325e-05,4.268527845852077e-05
1194,lung_epithelium,lung_epithelium,1,1.0,0.0,0.0,0.0,0.0,0.0,0.0,0.0,0.0,0.9994439482688904,6.73081012791954e-05,0.0003138725005555898,2.1635401935782284e-05,3.2279815059155226e-05,2.3942495317896828e-05,3.236115662730299e-05,3.112990816589445e-05,3.343429125379771e-05
135,lung_epithelium,liver,0,1.0,0.0,0.0,0.0,0.0,0.0,0.0,0.0,0.0,0.15340015292167664,0.8449969291687012,0.00020932508050464094,0.0007343508768826723,3.2440930226584896e-05,0.00012592744315043092,0.000197519882931374,0.00022201574756763875,8.142204023897648e-05
2016,lung_epithelium,lung_epithelium,1,1.0,0.0,0.0,0.0,0.0,0.0,0.0,0.0,0.0,0.9997429251670837,8.30923454486765e-05,2.7384594432078302e-05,1.4779629964323249e-05,2.9990196708240546e-05,1.1501027074700687e-05,2.0342313291621394e-05,1.531077577965334e-05,5.4650412494083866e-05
427,liver,liver,1,0.0,1.0,0.0,0.0,0.0,0.0,0.0,0.0,0.0,0.31092196702957153,0.6876319050788879,0.00040834760875441134,0.0006177895120345056,8.875547064235434e-05,5.838877768837847e-05,0.00010720051795942709,0.00011921970872208476,4.6467408537864685e-05
2340,lung_epithelium,lung_epithelium,1,1.0,0.0,0.0,0.0,0.0,0.0,0.0,0.0,0.0,0.9983068704605103,0.0008713903371244669,0.00029520431417040527,4.843913848162629e-05,2.2899934265296906e-05,9.312028851127252e-06,1.2286007404327393e-05,1.5411251297337003e-05,0.0004181446856819093
1726,lung_epithelium,lung_epithelium,1,1.0,0.0,0.0,0.0,0.0,0.0,0.0,0.0,0.0,0.999553382396698,6.904706242494285e-05,0.00025027504307217896,3.179160557920113e-05,1.7523787391837686e-05,1.3007626876060385e-05,2.3336533558904193e-05,2.3263162802322768e-05,1.8374914361629635e-05
951,liver,liver,1,0.0,0.5,0.0,0.5,0.0,0.0,0.0,0.0,0.0,0.00046777166426181793,0.5780022740364075,0.0014276682632043958,0.4180772304534912,0.0014184026513248682,0.0001347185461781919,0.00017365509120281786,0.0001398495223838836,0.00015844714653212577
1444,lung_epithelium,lung_epithelium,1,1.0,0.0,0.0,0.0,0.0,0.0,0.0,0.0,0.0,0.9997064471244812,8.021505345823243e-05,6.187694816617295e-05,1.8038224880001508e-05,1.828374843171332e-05,1.2861045433965046e-05,2.3375747332465835e-05,1.9774402971961536e-05,5.917790622333996e-05
1947,lung_epithelium,lung_epithelium,1,1.0,0.0,0.0,0.0,0.0,0.0,0.0,0.0,0.0,0.9992280006408691,7.424512295983732e-05,0.00014920432295184582,2.5968558475142345e-05,2.6968233214574866e-05,2.8236117941560224e-05,3.3256383176194504e-05,3.832191214314662e-05,0.00039582597673870623
2884,liver,liver,1,0.0,0.20000000298023224,0.0,0.20000000298023224,0.0,0.20000000298023224,0.20000000298023224,0.20000000298023224,0.0,0.12871530652046204,0.6425212025642395,0.0032420498318970203,0.06422647088766098,0.0001242786820512265,0.04632020741701126,0.049016837030649185,0.06550253927707672,0.0003311163454782218
450,liver,liver,1,0.0,1.0,0.0,0.0,0.0,0.0,0.0,0.0,0.0,0.03975650295615196,0.9588941931724548,0.0003457242273725569,0.0007166271680034697,2.8860113161499612e-05,3.884359830408357e-05,6.124550418462604e-05,8.064800931606442e-05,7.73191568441689e-05
83,liver,liver,1,0.0,1.0,0.0,0.0,0.0,0.0,0.0,0.0,0.0,0.0034266889560967684,0.9544487595558167,6.43843159195967e-05,0.0362536646425724,0.0055305007845163345,5.5306085414486006e-05,9.139143367065117e-05,6.73600661684759e-05,6.199815106811002e-05
2488,lung_epithelium,lung_epithelium,1,1.0,0.0,0.0,0.0,0.0,0.0,0.0,0.0,0.0,0.9995065927505493,0.00021339546947274357,0.00012957426952198148,3.263515463913791e-05,1.5285071640391834e-05,9.29285215534037e-06,1.323126707575284e-05,1.6289659470203333e-05,6.357128586387262e-05
3285,ear,liver,0,0.0,0.0,0.0,0.0,0.0,0.0,0.0,0.0,1.0,0.013531072996556759,0.38321664929389954,0.0014188038185238838,0.13985559344291687,0.3711496889591217,0.00018527143402025104,0.00015868958143983036,0.0001963470713235438,0.09028789401054382
2567,lung_epithelium,lung_epithelium,1,1.0,0.0,0.0,0.0,0.0,0.0,0.0,0.0,0.0,0.9996820688247681,8.531745697837323e-05,0.00012073206016793847,1.9340428480063565e-05,2.937532372015994e-05,1.1677855582092889e-05,1.8762841136776842e-05,1.781186983862426e-05,1.4861694580758922e-05
1211,lung_epithelium,lung_epithelium,1,1.0,0.0,0.0,0.0,0.0,0.0,0.0,0.0,0.0,0.9995778203010559,6.992379348957911e-05,9.392304491484538e-05,2.3609851268702187e-05,8.900828834157437e-05,1.922084811667446e-05,3.971910700784065e-05,4.477056427276693e-05,4.1907751437975094e-05
670,muscle,muscle,1,0.0,0.0,1.0,0.0,0.0,0.0,0.0,0.0,0.0,0.0001219910045620054,0.00010862590715987608,0.9995996356010437,1.5099973097676411e-05,5.522429273696616e-05,2.062170642602723e-05,1.9322518710396253e-05,2.659257188497577e-05,3.288906009402126e-05
2148,lung_epithelium,lung_epithelium,1,1.0,0.0,0.0,0.0,0.0,0.0,0.0,0.0,0.0,0.9986860156059265,0.0006040610023774207,2.6469053409527987e-05,0.000537433079443872,2.916740413638763e-05,1.5922994862194173e-05,2.77509716397617e-05,3.034995825146325e-05,4.285163959139027e-05
1204,lung_epithelium,lung_epithelium,1,1.0,0.0,0.0,0.0,0.0,0.0,0.0,0.0,0.0,0.9997484087944031,5.46746414329391e-05,6.280637899180874e-05,1.5988453014870174e-05,1.840231561800465e-05,1.1580776117625646e-05,1.9237095330026932e-05,1.833906935644336e-05,5.068145037512295e-05
2193,lung_epithelium,lung_epithelium,1,1.0,0.0,0.0,0.0,0.0,0.0,0.0,0.0,0.0,0.9997218251228333,7.086249388521537e-05,7.331243978114799e-05,2.019642670347821e-05,1.87807745533064e-05,1.1896271644218359e-05,2.166669219150208e-05,1.9069235349888913e-05,4.2350744479335845e-05
2004,lung_epithelium,lung_epithelium,1,1.0,0.0,0.0,0.0,0.0,0.0,0.0,0.0,0.0,0.9995730519294739,5.9761270676972345e-05,0.00024810456670820713,2.7151612812303938e-05,1.8219745470560156e-05,1.1299676771159284e-05,1.9086755855823867e-05,1.9820567104034126e-05,2.345490975130815e-05
511,liver,liver,1,0.0,1.0,0.0,0.0,0.0,0.0,0.0,0.0,0.0,0.10276264697313309,0.8953590989112854,0.0006261758971959352,0.0009366581798531115,5.825140397064388e-05,4.19629541283939e-05,6.989114626776427e-05,9.110612882068381e-05,5.420149682322517e-05
1596,lung_epithelium,lung_epithelium,1,1.0,0.0,0.0,0.0,0.0,0.0,0.0,0.0,0.0,0.9992959499359131,5.904899808228947e-05,0.0004674747760873288,2.6744595743366517e-05,3.211295552318916e-05,2.39109322137665e-05,3.188502887496725e-05,3.32952658936847e-05,2.9557446396211162e-05
260,liver,liver,1,0.0,1.0,0.0,0.0,0.0,0.0,0.0,0.0,0.0,0.1035851463675499,0.894437313079834,0.0010991001036018133,0.00042676381417550147,0.0002448541927151382,3.202691732440144e-05,5.733685247832909e-05,5.9863494243472815e-05,5.764833986177109e-05
1711,lung_epithelium,lung_epithelium,1,1.0,0.0,0.0,0.0,0.0,0.0,0.0,0.0,0.0,0.9996589422225952,0.00014586719044018537,3.06520341837313e-05,6.097728692111559e-05,2.825290175678674e-05,1.1993772204732522e-05,2.0158864572294988e-05,1.847809471655637e-05,2.4776303689577617e-05
107,liver,liver,1,0.0,1.0,0.0,0.0,0.0,0.0,0.0,0.0,0.0,0.0037394852843135595,0.9914984107017517,0.0017848169663920999,0.0025434112176299095,0.00024092271632980555,4.5934801164548844e-05,6.831379141658545e-05,5.897767550777644e-05,1.9583545508794487e-05
276,liver,liver,1,0.0,1.0,0.0,0.0,0.0,0.0,0.0,0.0,0.0,0.18605725467205048,0.8123047947883606,0.0004799144808202982,0.000802575028501451,4.999784505343996e-05,4.9290290917269886e-05,9.137037704931572e-05,0.00010719640704337507,5.7589269999880344e-05
824,liver,liver,1,0.0,1.0,0.0,0.0,0.0,0.0,0.0,0.0,0.0,0.003268112428486347,0.9051490426063538,0.08657196164131165,0.0015150898834690452,0.0012233409797772765,0.0007844606298021972,0.0008941084961406887,0.0005085106240585446,8.542882278561592e-05
2382,lung_epithelium,lung_epithelium,1,1.0,0.0,0.0,0.0,0.0,0.0,0.0,0.0,0.0,0.9994127750396729,5.146331386640668e-05,0.0003067979705519974,4.097065902897157e-05,2.3575692466693e-05,2.2906287995283492e-05,3.115477738901973e-05,3.773839489440434e-05,7.256570097524673e-05
2918,liver,kidney,0,0.0,0.20000000298023224,0.0,0.20000000298023224,0.0,0.20000000298023224,0.20000000298023224,0.20000000298023224,0.0,0.027992311865091324,0.19581685960292816,0.04998696222901344,0.16622456908226013,0.0003414609527681023,0.17226994037628174,0.17736117541790009,0.20929661393165588,0.0007100545917637646
2698,lung_epithelium,lung_epithelium,1,1.0,0.0,0.0,0.0,0.0,0.0,0.0,0.0,0.0,0.9993773102760315,4.9868383939610794e-05,0.00022165407426655293,1.6569149011047557e-05,4.5322398364078254e-05,2.348231828364078e-05,2.531787868065294e-05,3.118889799225144e-05,0.00020929622405674309
918,liver,liver,1,0.0,0.5,0.0,0.5,0.0,0.0,0.0,0.0,0.0,0.0004217757668811828,0.5357820391654968,0.001070596743375063,0.4591533839702606,0.002825424075126648,0.0001259040436707437,0.00016304336895700544,0.0001330428058281541,0.0003248110879212618
1089,muscle,muscle,1,0.0,0.0,1.0,0.0,0.0,0.0,0.0,0.0,0.0,0.0007515936158597469,0.00036957423435524106,0.9984121322631836,2.242817026854027e-05,0.00015560680185444653,1.5521483874181286e-05,1.4146212379273493e-05,1.7816679246607237e-05,0.00024114831467159092
2344,lung_epithelium,lung_epithelium,1,1.0,0.0,0.0,0.0,0.0,0.0,0.0,0.0,0.0,0.9991046786308289,5.866754145245068e-05,0.0006147552630864084,3.9549751818412915e-05,3.326480873511173e-05,1.860989141277969e-05,2.6144656658289023e-05,3.313540219096467e-05,7.124497642507777e-05
420,liver,liver,1,0.0,1.0,0.0,0.0,0.0,0.0,0.0,0.0,0.0,0.18590542674064636,0.8123113512992859,0.0005545676685869694,0.0008410437148995697,4.6400247811106965e-05,5.2533363486872986e-05,9.125687211053446e-05,0.00011519282270455733,8.21717330836691e-05
885,liver,liver,1,0.0,0.5,0.0,0.5,0.0,0.0,0.0,0.0,0.0,0.004281800705939531,0.5313335061073303,0.0008773605222813785,0.4624388515949249,0.0004551777383312583,0.00014121271669864655,0.0001711975346552208,0.00017813683371059597,0.0001228074834216386
2550,lung_epithelium,lung_epithelium,1,1.0,0.0,0.0,0.0,0.0,0.0,0.0,0.0,0.0,0.9996370077133179,0.00015946890925988555,1.615815745026339e-05,5.3113057219889015e-05,4.833089042222127e-05,9.88186275208136e-06,1.477258228987921e-05,1.7915717762662098e-05,4.3269355955999345e-05
774,muscle,muscle,1,0.0,0.0,1.0,0.0,0.0,0.0,0.0,0.0,0.0,6.510180537588894e-05,8.864042320055887e-05,0.9996935129165649,1.4486139662039932e-05,3.947460572817363e-05,1.9505636373651214e-05,1.8644581359694712e-05,2.5850335077848285e-05,3.48609100910835e-05
2726,lung_epithelium,lung_epithelium,1,1.0,0.0,0.0,0.0,0.0,0.0,0.0,0.0,0.0,0.9983036518096924,0.00016684306319803,0.001303552184253931,5.075940862298012e-05,3.457023558439687e-05,2.6839703423320316e-05,3.5108980227960274e-05,4.1715775296324864e-05,3.6923323932569474e-05
1786,lung_epithelium,lung_epithelium,1,1.0,0.0,0.0,0.0,0.0,0.0,0.0,0.0,0.0,0.9991744160652161,4.2524683522060513e-05,0.0005703043425455689,2.3519685782957822e-05,3.877821654896252e-05,2.9359007385210134e-05,4.242260547471233e-05,4.875655940850265e-05,2.983815829793457e-05
212,liver,liver,1,0.0,1.0,0.0,0.0,0.0,0.0,0.0,0.0,0.0,0.10554628819227219,0.8922734260559082,0.0011580417631193995,0.0006998356548137963,5.508429603651166e-05,4.473080116440542e-05,8.095246448647231e-05,8.891685138223693e-05,5.2705163398059085e-05
1488,lung_epithelium,lung_epithelium,1,1.0,0.0,0.0,0.0,0.0,0.0,0.0,0.0,0.0,0.9992499947547913,8.330410491907969e-05,0.00048055840306915343,2.9059508960926905e-05,3.127308082184754e-05,2.5578905479051173e-05,3.392389044165611e-05,3.4335233067395166e-05,3.188569098711014e-05
2468,lung_epithelium,lung_epithelium,1,1.0,0.0,0.0,0.0,0.0,0.0,0.0,0.0,0.0,0.9992660880088806,8.76036865520291e-05,0.00041462251101620495,3.4002881875494495e-05,2.435582246107515e-05,2.3080310711520724e-05,2.8544825909193605e-05,3.389354969840497e-05,8.79375875229016e-05
1315,lung_epithelium,lung_epithelium,1,1.0,0.0,0.0,0.0,0.0,0.0,0.0,0.0,0.0,0.9996160268783569,7.610067405039445e-05,7.114140316843987e-05,6.582793866982684e-05,2.7877980755874887e-05,1.8142243789043278e-05,3.5734741686610505e-05,3.941974864574149e-05,4.9633552407613024e-05
1714,lung_epithelium,lung_epithelium,1,1.0,0.0,0.0,0.0,0.0,0.0,0.0,0.0,0.0,0.9993473887443542,6.132996350061148e-05,0.00042007435695268214,2.835653504007496e-05,2.885015055653639e-05,2.3600918211741373e-05,3.2622549042571336e-05,3.310258034616709e-05,2.460082760080695e-05
730,muscle,muscle,1,0.0,0.0,1.0,0.0,0.0,0.0,0.0,0.0,0.0,5.464973583002575e-05,8.557812543585896e-05,0.9996886253356934,1.353785592073109e-05,5.4656142310705036e-05,1.9333216187078506e-05,1.7300886611337774e-05,2.376063093834091e-05,4.264377275831066e-05
832,liver,liver,1,0.0,0.5,0.0,0.5,0.0,0.0,0.0,0.0,0.0,0.0020097754895687103,0.5497822761535645,0.0007725564646534622,0.4461594223976135,0.000748124613892287,0.00011845355766126886,0.0001365035423077643,0.0001300887088291347,0.00014279918104875833
707,muscle,muscle,1,0.0,0.0,1.0,0.0,0.0,0.0,0.0,0.0,0.0,4.506600453169085e-05,6.487053906312212e-05,0.9997177720069885,1.1588895176828373e-05,4.1991796024376526e-05,2.1322885004337877e-05,1.9335420802235603e-05,2.6867213819059543e-05,5.114528175909072e-05
1567,lung_epithelium,lung_epithelium,1,1.0,0.0,0.0,0.0,0.0,0.0,0.0,0.0,0.0,0.9993646740913391,3.663974712253548e-05,0.0004127416177652776,2.777234658424277e-05,3.071375613217242e-05,2.433189729345031e-05,3.4459961170796305e-05,3.771654155571014e-05,3.0798611987847835e-05
2654,lung_epithelium,lung_epithelium,1,1.0,0.0,0.0,0.0,0.0,0.0,0.0,0.0,0.0,0.9994534850120544,4.8849447921384126e-05,0.00027208070969209075,3.066877616220154e-05,2.1238856788841076e-05,2.049027716566343e-05,2.9435510441544466e-05,3.156869934173301e-05,9.224323730450124e-05
1022,muscle,muscle,1,0.0,0.0,1.0,0.0,0.0,0.0,0.0,0.0,0.0,8.261499897344038e-05,0.00039818434743210673,0.9993528723716736,5.467537266667932e-05,3.214873868273571e-05,2.0777421013917774e-05,2.2757249098503962e-05,2.312752985744737e-05,1.2866051292803604e-05
1651,lung_epithelium,lung_epithelium,1,1.0,0.0,0.0,0.0,0.0,0.0,0.0,0.0,0.0,0.9997547268867493,4.863232243224047e-05,5.088784746476449e-05,2.057114033959806e-05,1.8679291315493174e-05,1.173224336525891e-05,2.1614407160086557e-05,1.9359533325769007e-05,5.371440784074366e-05
672,muscle,muscle,1,0.0,0.0,1.0,0.0,0.0,0.0,0.0,0.0,0.0,0.00017748343816492707,0.00021066692715976387,0.9994400143623352,2.1389843823271804e-05,4.224902295391075e-05,1.9518329281709157e-05,2.1072750314488076e-05,2.929436413978692e-05,3.827112595899962e-05
3144,muscle,muscle,1,0.0,0.0,1.0,0.0,0.0,0.0,0.0,0.0,0.0,0.016193656250834465,0.0018262889934703708,0.9811692833900452,0.00011679953604470938,0.000491635873913765,3.668677163659595e-05,5.746823808294721e-05,6.374417716870084e-05,4.4467091356636956e-05
748,muscle,muscle,1,0.0,0.0,1.0,0.0,0.0,0.0,0.0,0.0,0.0,6.222947558853775e-05,7.518623897340149e-05,0.9996979236602783,1.3262213542475365e-05,4.2151452362304553e-05,2.009337185882032e-05,1.97860808839323e-05,2.707210478547495e-05,4.2361363739473745e-05
1815,lung_epithelium,lung_epithelium,1,1.0,0.0,0.0,0.0,0.0,0.0,0.0,0.0,0.0,0.9997679591178894,6.631066935369745e-05,4.4098851503804326e-05,9.55778614297742e-06,3.793873111135326e-05,1.0744837709353305e-05,1.62309061124688e-05,1.467477522965055e-05,3.2588006433798e-05
3199,bone_marrow,bone_marrow,1,0.0,0.0,0.0,0.0,1.0,0.0,0.0,0.0,0.0,7.283409649971873e-05,0.008078979328274727,0.0001623027492314577,0.00181602465454489,0.9869003891944885,8.234638517023996e-05,8.05324743851088e-05,6.222575029823929e-05,0.002744327299296856
2715,lung_epithelium,lung_epithelium,1,1.0,0.0,0.0,0.0,0.0,0.0,0.0,0.0,0.0,0.9991174340248108,0.0002014365018112585,0.00037125730887055397,0.00014359380293171853,4.533728861133568e-05,1.4025440577825066e-05,2.5848672521533445e-05,3.329582614242099e-05,4.772751344717108e-05
2152,lung_epithelium,lung_epithelium,1,1.0,0.0,0.0,0.0,0.0,0.0,0.0,0.0,0.0,0.9996708631515503,8.341042848769575e-05,0.00011534352961461991,2.5218187147402205e-05,1.4677169929200318e-05,9.969634447770659e-06,1.6271327694994397e-05,1.7120741176768206e-05,4.7154004278127104e-05
3070,muscle,muscle,1,0.0,0.0,1.0,0.0,0.0,0.0,0.0,0.0,0.0,0.038692813366651535,0.005082892253994942,0.9553073048591614,0.0004123635881114751,0.00011491290933918208,3.549025859683752e-05,4.7877074393909425e-05,6.174942245706916e-05,0.0002445835852995515
2820,lung_epithelium,lung_epithelium,1,1.0,0.0,0.0,0.0,0.0,0.0,0.0,0.0,0.0,0.9967107772827148,0.0025582811795175076,9.804414730751887e-05,0.00044362660264596343,8.10192505014129e-05,2.3195785615826026e-05,4.0664515836397186e-05,3.753846976906061e-05,6.902060704305768e-06
1874,lung_epithelium,lung_epithelium,1,1.0,0.0,0.0,0.0,0.0,0.0,0.0,0.0,0.0,0.9994569420814514,4.42003074567765e-05,0.000326708221109584,2.0818661141674966e-05,3.014486537722405e-05,2.1841568013769574e-05,2.8661994292633608e-05,2.9498305593733676e-05,4.108672510483302e-05
2664,lung_epithelium,lung_epithelium,1,1.0,0.0,0.0,0.0,0.0,0.0,0.0,0.0,0.0,0.999377429485321,0.00017134766676463187,0.000265970709733665,4.7047913540154696e-05,3.7981673813192174e-05,6.830441634519957e-06,9.965625395125244e-06,1.211470316775376e-05,7.140421803342178e-05
758,muscle,muscle,1,0.0,0.0,1.0,0.0,0.0,0.0,0.0,0.0,0.0,0.00017287262016907334,0.00011466442083474249,0.9995517134666443,1.4416752492252272e-05,3.710929013323039e-05,2.5393635951331817e-05,2.2959056877880357e-05,3.4795488318195567e-05,2.602011227281764e-05
1940,lung_epithelium,lung_epithelium,1,1.0,0.0,0.0,0.0,0.0,0.0,0.0,0.0,0.0,0.9992812275886536,0.00015135144349187613,0.00027660219348035753,2.5343948436784558e-05,2.3497264919569716e-05,2.7420544938649982e-05,3.203607047908008e-05,3.4970780689036474e-05,0.0001476041943533346
2644,lung_epithelium,lung_epithelium,1,1.0,0.0,0.0,0.0,0.0,0.0,0.0,0.0,0.0,0.999121367931366,4.797216024599038e-05,0.0006326140719465911,2.4295693947351538e-05,5.110668280394748e-05,2.627968024171423e-05,3.665448821266182e-05,4.041244392283261e-05,1.9284507288830355e-05
1805,lung_epithelium,lung_epithelium,1,1.0,0.0,0.0,0.0,0.0,0.0,0.0,0.0,0.0,0.9995755553245544,7.152096077334136e-05,0.00020713383855763823,1.7430202206014656e-05,3.860246579279192e-05,1.8965687559102662e-05,2.457855771353934e-05,2.446065809635911e-05,2.171088635805063e-05
243,liver,liver,1,0.0,1.0,0.0,0.0,0.0,0.0,0.0,0.0,0.0,0.1642487496137619,0.8334874510765076,0.0007035636226646602,0.0008816143381409347,3.904781988239847e-05,7.549632573500276e-05,0.00011432167957536876,0.00015857303515076637,0.00029110119794495404
129,lung_epithelium,liver,0,1.0,0.0,0.0,0.0,0.0,0.0,0.0,0.0,0.0,0.180690199136734,0.817484974861145,0.000679990160278976,0.000809362914878875,4.8304569645551965e-05,4.84548436361365e-05,8.957719546742737e-05,0.00010091124568134546,4.828536475542933e-05
503,liver,liver,1,0.0,1.0,0.0,0.0,0.0,0.0,0.0,0.0,0.0,0.08951937407255173,0.9076371192932129,0.0011290981201454997,0.001397714833728969,6.292788020800799e-05,4.105058906134218e-05,7.339313015108928e-05,8.929902833187953e-05,5.011176108382642e-05
1117,lung_epithelium,lung_epithelium,1,1.0,0.0,0.0,0.0,0.0,0.0,0.0,0.0,0.0,0.995473325252533,0.0004357369907665998,0.0036999285221099854,0.00012096107820980251,5.0058020860888064e-05,4.770860687131062e-05,6.697660137433559e-05,7.163972622947767e-05,3.356213710503653e-05
1932,lung_epithelium,lung_epithelium,1,1.0,0.0,0.0,0.0,0.0,0.0,0.0,0.0,0.0,0.9993507266044617,4.819339301320724e-05,0.0002946729364339262,2.5160510631394573e-05,3.109650424448773e-05,2.5580995497875847e-05,3.3118856663350016e-05,4.27892264269758e-05,0.00014851789455860853
1978,lung_epithelium,lung_epithelium,1,1.0,0.0,0.0,0.0,0.0,0.0,0.0,0.0,0.0,0.9995917677879333,5.3358908189693466e-05,0.0001777241559466347,1.8783239283948205e-05,2.9405267923721112e-05,2.2426505893236026e-05,2.82844303001184e-05,2.5921266569639556e-05,5.227074143476784e-05
2784,lung_epithelium,lung_epithelium,1,1.0,0.0,0.0,0.0,0.0,0.0,0.0,0.0,0.0,0.9993849992752075,0.00027120125014334917,1.7558151739649475e-05,0.00014490546891465783,2.7415992008172907e-05,1.6038402463891543e-05,2.5790135623537935e-05,2.9495058697648346e-05,8.257937588496134e-05
2552,lung_epithelium,lung_epithelium,1,1.0,0.0,0.0,0.0,0.0,0.0,0.0,0.0,0.0,0.9162573218345642,0.04686620831489563,0.00022077473113313317,0.0001803413179004565,8.520939445588738e-05,0.00022863468620926142,0.0002827308780979365,0.00023727200459688902,0.0356413871049881
30,liver,liver,1,0.0,1.0,0.0,0.0,0.0,0.0,0.0,0.0,0.0,0.0009438024135306478,0.9893909096717834,2.6588590117171407e-05,0.008290971629321575,0.0011165172327309847,5.241396866040304e-05,9.407596371602267e-05,5.265429717837833e-05,3.214747630408965e-05
2713,lung_epithelium,lung_epithelium,1,1.0,0.0,0.0,0.0,0.0,0.0,0.0,0.0,0.0,0.9991481304168701,0.0004203365824650973,1.5122544937185012e-05,0.00016325278556905687,0.00012617159518413246,1.0447753993503284e-05,1.3387755643634591e-05,1.7905369531945325e-05,8.532540960004553e-05
2582,lung_epithelium,lung_epithelium,1,1.0,0.0,0.0,0.0,0.0,0.0,0.0,0.0,0.0,0.9993190765380859,0.0003038572322111577,0.00018050808284897357,6.206155376276001e-05,1.3837163351126947e-05,1.0074030797113664e-05,1.5754128980915993e-05,1.7699268937576562e-05,7.724871102254838e-05
1690,lung_epithelium,lung_epithelium,1,1.0,0.0,0.0,0.0,0.0,0.0,0.0,0.0,0.0,0.9994106292724609,6.740098615409806e-05,0.00035778986057266593,2.4891816792660393e-05,2.7693247830029577e-05,2.200985727540683e-05,3.127124728052877e-05,2.875240534194745e-05,2.9592934879474342e-05
2971,liver,liver,1,0.0,1.0,0.0,0.0,0.0,0.0,0.0,0.0,0.0,0.0011676212307065725,0.9898333549499512,0.005592990200966597,0.0019319283310323954,1.5168079698923975e-05,0.0002124841557815671,0.00020353725994937122,0.00018524662300478667,0.0008575610700063407
847,liver,liver,1,0.0,0.5,0.0,0.5,0.0,0.0,0.0,0.0,0.0,0.0024732500314712524,0.5496845841407776,0.00029364845249801874,0.44612351059913635,0.0008183315512724221,0.00010448662942508236,0.00012092247197870165,0.00012135581346228719,0.0002598116116132587
609,muscle,muscle,1,0.0,0.0,1.0,0.0,0.0,0.0,0.0,0.0,0.0,0.00010054817539639771,0.00011411021114327013,0.9996218681335449,1.604425415280275e-05,5.134161619935185e-05,2.0390620193211362e-05,1.8820814148057252e-05,2.573258643678855e-05,3.114754144917242e-05
2821,lung_epithelium,lung_epithelium,1,1.0,0.0,0.0,0.0,0.0,0.0,0.0,0.0,0.0,0.9833400845527649,0.0147715974599123,0.00012053891259711236,0.0014121170388534665,0.00016361505549866706,4.006429298897274e-05,7.906318933237344e-05,6.33652598480694e-05,9.466139090363868e-06
1963,lung_epithelium,lung_epithelium,1,1.0,0.0,0.0,0.0,0.0,0.0,0.0,0.0,0.0,0.9993665814399719,4.031891148770228e-05,0.00034949544351547956,2.7989874070044607e-05,3.731262404471636e-05,2.412088906567078e-05,3.2050513254944235e-05,3.994052894995548e-05,8.222375618061051e-05
3211,bone_marrow,liver,0,0.0,0.0,0.0,0.0,1.0,0.0,0.0,0.0,0.0,0.004117991775274277,0.50568687915802,0.0004080464132130146,0.47478121519088745,0.013782620429992676,8.33826488815248e-05,9.83801219263114e-05,9.506255446467549e-05,0.0009464157046750188
3057,muscle,muscle,1,0.0,0.0,1.0,0.0,0.0,0.0,0.0,0.0,0.0,0.21207796037197113,0.001967349322512746,0.7844161987304688,0.00031999885686673224,0.00020648013742174953,5.6310884247068316e-05,7.806362555129454e-05,9.952006075764075e-05,0.0007780185551382601
3143,muscle,muscle,1,0.0,0.0,1.0,0.0,0.0,0.0,0.0,0.0,0.0,0.030665168538689613,0.001954814186319709,0.9662604928016663,0.0001549137377878651,0.0007141587557271123,4.421955600264482e-05,6.949842645553872e-05,7.821837061783299e-05,5.8544868807075545e-05
2679,lung_epithelium,lung_epithelium,1,1.0,0.0,0.0,0.0,0.0,0.0,0.0,0.0,0.0,0.9993708729743958,0.00016516121104359627,0.00013662487617693841,0.00013417040463536978,2.7982787287328392e-05,1.5774327039252967e-05,2.980636418214999e-05,3.4846903872676194e-05,8.486727165291086e-05
273,liver,liver,1,0.0,1.0,0.0,0.0,0.0,0.0,0.0,0.0,0.0,0.16568858921527863,0.8326842188835144,0.0004054575110785663,0.0008234984707087278,4.183474084129557e-05,5.7847842981573194e-05,0.00010045093949884176,0.00012435813550837338,7.370470848400146e-05
693,muscle,muscle,1,0.0,0.0,1.0,0.0,0.0,0.0,0.0,0.0,0.0,7.31958425603807e-05,0.00010077981278300285,0.9996398687362671,1.3927568943472579e-05,7.157004438340664e-05,1.9521805370459333e-05,1.7394590031472035e-05,2.3716707801213488e-05,4.002722926088609e-05
1837,lung_epithelium,lung_epithelium,1,1.0,0.0,0.0,0.0,0.0,0.0,0.0,0.0,0.0,0.9997184872627258,9.179611515719444e-05,2.816878622979857e-05,4.164744677837007e-05,3.145630398648791e-05,1.4464993910223711e-05,2.1125330022186972e-05,2.235599276900757e-05,3.0442330171354115e-05
2303,lung_epithelium,lung_epithelium,1,1.0,0.0,0.0,0.0,0.0,0.0,0.0,0.0,0.0,0.9720181226730347,0.02429014816880226,0.0008275306900031865,0.000339260179316625,3.980758992838673e-05,3.20107392326463e-05,3.685928095364943e-05,4.4539934606291354e-05,0.0023715831339359283
207,liver,liver,1,0.0,1.0,0.0,0.0,0.0,0.0,0.0,0.0,0.0,0.06156766787171364,0.9365717172622681,0.00066499033709988,0.0009364492143504322,5.656348730553873e-05,3.1860989111009985e-05,5.6633492931723595e-05,7.024330261629075e-05,4.384108615340665e-05
56,liver,liver,1,0.0,1.0,0.0,0.0,0.0,0.0,0.0,0.0,0.0,0.006048670969903469,0.9790267944335938,4.83443436678499e-05,0.01416867971420288,0.00034257693914696574,7.944756362121552e-05,0.00016404040798079222,9.327168663730845e-05,2.8183063477627002e-05
1034,muscle,muscle,1,0.0,0.0,1.0,0.0,0.0,0.0,0.0,0.0,0.0,4.249798075761646e-05,0.00016667586169205606,0.9996428489685059,3.2591229683021083e-05,2.7189347747480497e-05,1.869791049102787e-05,1.94760814338224e-05,1.919837450259365e-05,3.086882861680351e-05
2896,liver,liver,1,0.0,0.20000000298023224,0.0,0.20000000298023224,0.0,0.20000000298023224,0.20000000298023224,0.20000000298023224,0.0,0.19553978741168976,0.4930942952632904,0.0038179957773536444,0.07903251051902771,0.00014103311696089804,0.0657973513007164,0.07133204489946365,0.09076141566038132,0.0004835862491745502
624,muscle,muscle,1,0.0,0.0,1.0,0.0,0.0,0.0,0.0,0.0,0.0,0.0001261391444131732,0.0001907407131511718,0.9995095729827881,2.2280175471678376e-05,5.16921172675211e-05,1.842710298660677e-05,1.8389166143606417e-05,2.3942197003634647e-05,3.885849946527742e-05
1887,lung_epithelium,lung_epithelium,1,1.0,0.0,0.0,0.0,0.0,0.0,0.0,0.0,0.0,0.9992715716362,4.2230745748383924e-05,0.00048827793216332793,3.5740009479923174e-05,2.8486187147791497e-05,2.5568237106199376e-05,3.723950794665143e-05,4.0848186472430825e-05,2.998720810865052e-05
590,muscle,muscle,1,0.0,0.0,1.0,0.0,0.0,0.0,0.0,0.0,0.0,0.00014885474229231477,0.0001414597500115633,0.9995361566543579,1.6804424376459792e-05,5.760658314102329e-05,2.060842416540254e-05,1.900694587675389e-05,2.5911815100698732e-05,3.3568343496881425e-05
2622,lung_epithelium,lung_epithelium,1,1.0,0.0,0.0,0.0,0.0,0.0,0.0,0.0,0.0,0.9990631937980652,0.00010128835856448859,0.0006421952857635915,4.127821739530191e-05,2.7765318009187467e-05,2.2643525880994275e-05,3.12632109853439e-05,3.491783354547806e-05,3.54640869772993e-05
2629,lung_epithelium,lung_epithelium,1,1.0,0.0,0.0,0.0,0.0,0.0,0.0,0.0,0.0,0.9994192123413086,0.00026084843557327986,7.923370139906183e-05,2.8908987587783486e-05,1.770267954270821e-05,1.1886206266353838e-05,1.8355722204432823e-05,1.6810407032608055e-05,0.0001469985581934452
790,muscle,muscle,1,0.0,0.0,1.0,0.0,0.0,0.0,0.0,0.0,0.0,4.088216519448906e-05,8.771250577410683e-05,0.9996718168258667,1.4063005437492393e-05,6.708637374686077e-05,2.1772611944470555e-05,1.82608073373558e-05,2.440634125377983e-05,5.398262874223292e-05
3177,bone_marrow,liver,0,0.0,0.0,0.0,0.0,1.0,0.0,0.0,0.0,0.0,0.00030090752989053726,0.41960349678993225,0.008748093619942665,0.21793366968631744,0.29707327485084534,0.0004654761287383735,0.0004131534951739013,0.0003571469278540462,0.055104732513427734
1007,muscle,muscle,1,0.0,0.0,1.0,0.0,0.0,0.0,0.0,0.0,0.0,0.002420777687802911,0.010755138471722603,0.9864163398742676,0.00015616283053532243,4.501299554249272e-05,4.4183976569911465e-05,6.766749720554799e-05,6.634938472416252e-05,2.8405103876139037e-05
3191,bone_marrow,bone_marrow,1,0.0,0.0,0.0,0.0,1.0,0.0,0.0,0.0,0.0,0.00026884462567977607,0.0066862511448562145,7.715723768342286e-05,0.001148182898759842,0.9898620843887329,5.6610362662468106e-05,5.874259295524098e-05,5.065247023594566e-05,0.0017914592754095793
2626,lung_epithelium,lung_epithelium,1,1.0,0.0,0.0,0.0,0.0,0.0,0.0,0.0,0.0,0.9904360175132751,0.0060212756507098675,5.8902463933918625e-05,0.003182271495461464,6.746544386260211e-05,2.7134501578984782e-05,4.074867320014164e-05,4.41611155110877e-05,0.00012204734957776964
1645,lung_epithelium,lung_epithelium,1,1.0,0.0,0.0,0.0,0.0,0.0,0.0,0.0,0.0,0.9995738863945007,2.9754957722616382e-05,0.00022306323808152229,1.3543999557441566e-05,4.152998008066788e-05,2.1831585399922915e-05,2.6475107006262988e-05,2.882728585973382e-05,4.104508116142824e-05
2763,lung_epithelium,lung_epithelium,1,1.0,0.0,0.0,0.0,0.0,0.0,0.0,0.0,0.0,0.9995276927947998,0.00012719504593405873,6.204757664818317e-05,3.4031738323392347e-05,1.345281270914711e-05,1.92913012142526e-05,3.9667600503889844e-05,3.372792707523331e-05,0.00014287249359767884
1861,lung_epithelium,lung_epithelium,1,1.0,0.0,0.0,0.0,0.0,0.0,0.0,0.0,0.0,0.9995842576026917,0.0002013062621699646,1.8728935174294747e-05,3.500674938550219e-05,6.937664875295013e-05,1.3954525456938427e-05,2.0020375814056024e-05,1.6266489183180965e-05,4.116750642424449e-05
2420,lung_epithelium,lung_epithelium,1,1.0,0.0,0.0,0.0,0.0,0.0,0.0,0.0,0.0,0.998747706413269,0.00043151903082616627,0.0005154094542376697,0.0001027101679937914,4.54497967439238e-05,2.3410995709127747e-05,5.134781531523913e-05,5.6427845265716314e-05,2.5898587409756146e-05
1179,lung_epithelium,lung_epithelium,1,1.0,0.0,0.0,0.0,0.0,0.0,0.0,0.0,0.0,0.9995007514953613,5.495542427524924e-05,0.00025859836023300886,2.1149591702851467e-05,3.063748590648174e-05,2.5349396310048178e-05,3.247231506975368e-05,3.1246909202309325e-05,4.485878525883891e-05
704,muscle,muscle,1,0.0,0.0,1.0,0.0,0.0,0.0,0.0,0.0,0.0,5.582569428952411e-05,0.0001278939307667315,0.999640941619873,1.6572224922128953e-05,6.26662076683715e-05,1.9233670172980055e-05,1.6197347576962784e-05,2.1630175979225896e-05,3.898733848473057e-05
2347,lung_epithelium,lung_epithelium,1,1.0,0.0,0.0,0.0,0.0,0.0,0.0,0.0,0.0,0.9990567564964294,6.706638669129461e-05,0.0006655317265540361,4.2303159716539085e-05,3.34005308104679e-05,1.920077374961693e-05,2.7017047614208423e-05,3.3294185413978994e-05,5.545875319512561e-05
2453,lung_epithelium,lung_epithelium,1,1.0,0.0,0.0,0.0,0.0,0.0,0.0,0.0,0.0,0.9989702701568604,9.84736398095265e-05,0.0007081989315338433,6.075365308788605e-05,2.780576869554352e-05,2.0830306311836466e-05,3.13541095238179e-05,3.6940997233614326e-05,4.554202314466238e-05
2997,liver,liver,1,0.0,1.0,0.0,0.0,0.0,0.0,0.0,0.0,0.0,0.014553436078131199,0.9791550040245056,0.0005465413560159504,0.001066233147867024,2.3298482119571418e-05,0.00014021573588252068,0.00013886608940083534,0.00015627271204721183,0.004220250528305769
2246,lung_epithelium,lung_epithelium,1,1.0,0.0,0.0,0.0,0.0,0.0,0.0,0.0,0.0,0.9995400905609131,0.00020350808335933834,0.00014044810086488724,2.051813862635754e-05,2.248985219921451e-05,1.2805315236619208e-05,2.3307196897803806e-05,1.8707080016611144e-05,1.8126733266399242e-05
596,muscle,muscle,1,0.0,0.0,1.0,0.0,0.0,0.0,0.0,0.0,0.0,0.0001249565975740552,0.00013774671242572367,0.999569833278656,1.8098478903993964e-05,5.041999975219369e-05,2.0909361410303973e-05,1.9467450329102576e-05,2.6452262318343855e-05,3.213900708942674e-05
165,liver,liver,1,0.0,1.0,0.0,0.0,0.0,0.0,0.0,0.0,0.0,0.14789855480194092,0.8499088287353516,0.0009718785877339542,0.0008658947190269828,3.991656194557436e-05,5.020505341235548e-05,8.933296339819208e-05,0.00010401706822449341,7.134419138310477e-05
173,liver,liver,1,0.0,1.0,0.0,0.0,0.0,0.0,0.0,0.0,0.0,0.0858369693160057,0.9125010967254639,0.0009397679241374135,0.00045537090045399964,5.309617699822411e-05,3.493831172818318e-05,6.838058470748365e-05,7.593340706080198e-05,3.446740811341442e-05
2580,lung_epithelium,lung_epithelium,1,1.0,0.0,0.0,0.0,0.0,0.0,0.0,0.0,0.0,0.9992658495903015,5.9606660215649754e-05,0.00045775840408168733,4.540728696156293e-05,2.6023662940133363e-05,2.0861858502030373e-05,2.9952794648124836e-05,3.585440572351217e-05,5.8728513977257535e-05
2610,lung_epithelium,lung_epithelium,1,1.0,0.0,0.0,0.0,0.0,0.0,0.0,0.0,0.0,0.9995040893554688,4.4108739530202e-05,0.00020411709556356072,2.7473204681882635e-05,2.8745358576998115e-05,2.1709294742322527e-05,2.6154408260481432e-05,3.199167622369714e-05,0.00011167342017870396
1598,lung_epithelium,lung_epithelium,1,1.0,0.0,0.0,0.0,0.0,0.0,0.0,0.0,0.0,0.9997401833534241,4.1826668166322634e-05,5.793908712803386e-05,1.8716749764280394e-05,1.907083969854284e-05,1.2335896826698445e-05,2.108322223648429e-05,2.0661065718741156e-05,6.817004032200202e-05
1729,lung_epithelium,lung_epithelium,1,1.0,0.0,0.0,0.0,0.0,0.0,0.0,0.0,0.0,0.999169111251831,8.339202759088948e-05,0.0005529039190150797,3.2918913348112255e-05,3.3847594750113785e-05,2.738495822995901e-05,3.667945566121489e-05,3.927887519239448e-05,2.452983972034417e-05
1780,lung_epithelium,lung_epithelium,1,1.0,0.0,0.0,0.0,0.0,0.0,0.0,0.0,0.0,0.9992959499359131,7.702293078182265e-05,0.00046375879901461303,2.2956988686928526e-05,3.133670543320477e-05,2.3931281248223968e-05,3.331642074044794e-05,3.357180321472697e-05,1.816431904444471e-05
2266,lung_epithelium,lung_epithelium,1,1.0,0.0,0.0,0.0,0.0,0.0,0.0,0.0,0.0,0.9990980625152588,5.114249506732449e-05,0.0006390723865479231,2.691072404559236e-05,4.123590770177543e-05,3.017623021150939e-05,4.340233499533497e-05,4.795511995325796e-05,2.217429573647678e-05
509,liver,liver,1,0.0,1.0,0.0,0.0,0.0,0.0,0.0,0.0,0.0,0.22205336391925812,0.7760034799575806,0.001388963544741273,0.0001634610234759748,9.056138515006751e-05,5.104903902974911e-05,9.053953544935212e-05,0.00010714882955653593,5.1428130973363295e-05
1888,lung_epithelium,lung_epithelium,1,1.0,0.0,0.0,0.0,0.0,0.0,0.0,0.0,0.0,0.9994763731956482,5.114619852975011e-05,0.0002938170509878546,2.2131831428851e-05,2.6677760615712032e-05,2.3214519387693144e-05,3.1340929126599804e-05,3.0156377761159092e-05,4.518821515375748e-05
2942,liver,muscle,0,0.0,0.20000000298023224,0.0,0.20000000298023224,0.0,0.20000000298023224,0.20000000298023224,0.20000000298023224,0.0,0.00042149622458964586,0.06410469114780426,0.904636561870575,0.0033872842323035,6.0610182117670774e-05,0.008779216557741165,0.009598270058631897,0.008638277649879456,0.00037364024319685996
31,liver,liver,1,0.0,1.0,0.0,0.0,0.0,0.0,0.0,0.0,0.0,0.0008972964133135974,0.9882968068122864,3.136584200547077e-05,0.009653481654822826,0.0008737589232623577,5.6236531236208975e-05,0.00010356924758525565,5.6694734666962177e-05,3.085294883931056e-05
1716,lung_epithelium,lung_epithelium,1,1.0,0.0,0.0,0.0,0.0,0.0,0.0,0.0,0.0,0.9997319579124451,6.0854217736050487e-05,7.083625678205863e-05,2.321463034604676e-05,1.6498115655849688e-05,1.2291277926124167e-05,2.3311160475714132e-05,2.03705312742386e-05,4.072655428899452e-05
2337,lung_epithelium,lung_epithelium,1,1.0,0.0,0.0,0.0,0.0,0.0,0.0,0.0,0.0,0.9987309575080872,0.0005116679240018129,0.0003611203865148127,4.860731860389933e-05,2.3510185201303102e-05,8.475330105284229e-06,1.1521810847625602e-05,1.5001027350081131e-05,0.0002891629992518574
475,liver,liver,1,0.0,1.0,0.0,0.0,0.0,0.0,0.0,0.0,0.0,0.34077927470207214,0.6568564176559448,0.0014886370627209544,0.00040368721238337457,0.00020912748004775494,3.882436431013048e-05,7.164953422034159e-05,8.643086039228365e-05,6.59591969451867e-05
473,liver,liver,1,0.0,1.0,0.0,0.0,0.0,0.0,0.0,0.0,0.0,0.06175794452428818,0.9365562796592712,0.0005329322884790599,0.0008864692063070834,5.086555756861344e-05,3.3480129786767066e-05,5.810830043628812e-05,7.380525494227186e-05,5.012412293581292e-05
2780,lung_epithelium,lung_epithelium,1,1.0,0.0,0.0,0.0,0.0,0.0,0.0,0.0,0.0,0.9992403984069824,6.011790537741035e-05,0.0005032259505242109,2.5646513677202165e-05,2.8975711757084355e-05,2.6893902031588368e-05,3.6255478335078806e-05,4.1463456000201404e-05,3.7072866689413786e-05
85,liver,liver,1,0.0,1.0,0.0,0.0,0.0,0.0,0.0,0.0,0.0,0.0003893842804245651,0.9211897253990173,9.14434131118469e-05,0.07633621245622635,0.0015349676832556725,0.00011069487663917243,0.00018352954066358507,0.00011231750249862671,5.1755429012700915e-05
899,liver,liver,1,0.0,0.5,0.0,0.5,0.0,0.0,0.0,0.0,0.0,0.0008550810744054615,0.602018415927887,0.001244846498593688,0.39204150438308716,0.0033721947111189365,0.00010548324644332752,0.00013513157318811864,0.00010757252312032506,0.0001196617231471464
573,muscle,muscle,1,0.0,0.0,1.0,0.0,0.0,0.0,0.0,0.0,0.0,0.00011861351231345907,0.00015145544603001326,0.9995540976524353,1.8076010746881366e-05,6.19279671809636e-05,2.0097515516681597e-05,1.8003687728196383e-05,2.4487908376613632e-05,3.3269967389060184e-05
1018,muscle,muscle,1,0.0,0.0,1.0,0.0,0.0,0.0,0.0,0.0,0.0,8.535388769814745e-05,0.0003540039760991931,0.9994254112243652,3.5161639971192926e-05,2.1059202481410466e-05,1.793470983102452e-05,1.9820283341687173e-05,1.9669605535455048e-05,2.165824298572261e-05
1048,muscle,muscle,1,0.0,0.0,1.0,0.0,0.0,0.0,0.0,0.0,0.0,0.0021002490539103746,0.0007129462901502848,0.9969255328178406,6.955792923690751e-05,0.00010039024346042424,1.7406737242708914e-05,2.3427099222317338e-05,2.5213365006493405e-05,2.5297204047092237e-05
2978,liver,liver,1,0.0,1.0,0.0,0.0,0.0,0.0,0.0,0.0,0.0,0.0009904453763738275,0.9930256605148315,0.004018529783934355,0.0002877914812415838,1.659613371884916e-05,8.435079507762566e-05,9.082799078896642e-05,7.612106128362939e-05,0.001409703167155385
1106,lung_epithelium,lung_epithelium,1,1.0,0.0,0.0,0.0,0.0,0.0,0.0,0.0,0.0,0.9962085485458374,0.0003601557982619852,0.003071378218010068,0.00015593823627568781,4.565317431115545e-05,3.222318991902284e-05,5.0834303692681715e-05,5.547935143113136e-05,1.9872779375873506e-05
1471,lung_epithelium,lung_epithelium,1,1.0,0.0,0.0,0.0,0.0,0.0,0.0,0.0,0.0,0.9997286200523376,5.6490101997042075e-05,0.00010413461859570816,1.4845188161416445e-05,2.088101791741792e-05,1.0415134966024198e-05,1.539130971650593e-05,1.6853533452376723e-05,3.2380688935518265e-05
257,liver,liver,1,0.0,1.0,0.0,0.0,0.0,0.0,0.0,0.0,0.0,0.17802686989307404,0.820101797580719,0.0006720495875924826,0.0008471126784570515,4.964765321346931e-05,4.825393625651486e-05,8.548602636437863e-05,0.00010607167496345937,6.266524724196643e-05
2570,lung_epithelium,lung_epithelium,1,1.0,0.0,0.0,0.0,0.0,0.0,0.0,0.0,0.0,0.9996021389961243,7.380365423159674e-05,0.0002091397764161229,1.7981847122428007e-05,3.422520239837468e-05,1.238110962731298e-05,1.9603618056862615e-05,2.0864639736828394e-05,9.875856449070852e-06
521,liver,liver,1,0.0,1.0,0.0,0.0,0.0,0.0,0.0,0.0,0.0,0.06305362284183502,0.9346334338188171,0.0007385584758594632,0.001275939284823835,6.0665232012979686e-05,3.955479041906074e-05,6.732938345521688e-05,8.350153075298294e-05,4.7466426622122526e-05
2890,liver,liver,1,0.0,0.20000000298023224,0.0,0.20000000298023224,0.0,0.20000000298023224,0.20000000298023224,0.20000000298023224,0.0,0.011226019822061062,0.32674601674079895,0.028390701860189438,0.15082800388336182,0.00021591752010863274,0.1586659997701645,0.15459564328193665,0.1687268614768982,0.0006048281211405993
3025,liver,liver,1,0.0,1.0,0.0,0.0,0.0,0.0,0.0,0.0,0.0,0.0035434337332844734,0.9941658973693848,0.0006502564065158367,0.0006064519984647632,1.7851254597189836e-05,5.9630237956298515e-05,5.932779095019214e-05,5.7813744206214324e-05,0.0008393856696784496
3187,bone_marrow,bone_marrow,1,0.0,0.0,0.0,0.0,1.0,0.0,0.0,0.0,0.0,0.0004847037198487669,0.09498389810323715,0.0001968194846995175,0.02989119477570057,0.8732280731201172,0.0001285452162846923,0.0001455856836400926,0.00010583384573692456,0.0008353234152309597
2871,lung_epithelium,lung_epithelium,1,1.0,0.0,0.0,0.0,0.0,0.0,0.0,0.0,0.0,0.9991403818130493,0.00010846579243661836,0.0005423923139460385,2.4989587473100983e-05,3.130703771603294e-05,2.420942473690957e-05,2.9241431548143737e-05,3.421053770580329e-05,6.474744441220537e-05
270,liver,liver,1,0.0,1.0,0.0,0.0,0.0,0.0,0.0,0.0,0.0,0.04172901064157486,0.9568610191345215,0.0004734385875053704,0.0007125514093786478,4.037479084217921e-05,2.9020278816460632e-05,5.099147165310569e-05,6.289781595114619e-05,4.079371501575224e-05
626,muscle,muscle,1,0.0,0.0,1.0,0.0,0.0,0.0,0.0,0.0,0.0,0.00021499332797247916,0.00023958498786669225,0.9993630051612854,2.4570917958044447e-05,5.199470979277976e-05,1.9331011571921408e-05,2.0529652829281986e-05,2.811275226122234e-05,3.782017665798776e-05
2979,liver,liver,1,0.0,1.0,0.0,0.0,0.0,0.0,0.0,0.0,0.0,0.0012087696231901646,0.9776586294174194,0.018932480365037918,0.0001998690131586045,4.870332850259729e-05,7.776782877044752e-05,8.588065975345671e-05,7.070301217027009e-05,0.0017171691870316863
2727,lung_epithelium,lung_epithelium,1,1.0,0.0,0.0,0.0,0.0,0.0,0.0,0.0,0.0,0.9982534050941467,0.0010166754946112633,0.0003924413467757404,8.949633775046095e-05,2.4114802727126516e-05,9.133579624176491e-06,1.2260733456059825e-05,1.584480924066156e-05,0.00018655092571862042
1203,lung_epithelium,lung_epithelium,1,1.0,0.0,0.0,0.0,0.0,0.0,0.0,0.0,0.0,0.9995617270469666,4.629052273230627e-05,0.00020217693236190826,1.7061500329873525e-05,2.9545180950663052e-05,2.3227907149703242e-05,2.855909951904323e-05,2.8117565307184123e-05,6.330465112114325e-05
1825,lung_epithelium,lung_epithelium,1,1.0,0.0,0.0,0.0,0.0,0.0,0.0,0.0,0.0,0.9994630217552185,3.06340771203395e-05,0.00030429658363573253,2.3798851543688215e-05,2.885029425669927e-05,2.6416990294819698e-05,3.369388650753535e-05,3.7103378417668864e-05,5.217083526076749e-05
577,muscle,muscle,1,0.0,0.0,1.0,0.0,0.0,0.0,0.0,0.0,0.0,0.0001423200883436948,0.00016164702537935227,0.9995189905166626,1.871617860160768e-05,6.410796049749479e-05,1.896079811558593e-05,1.6923630028031766e-05,2.3764712750562467e-05,3.459740401012823e-05
69,liver,liver,1,0.0,1.0,0.0,0.0,0.0,0.0,0.0,0.0,0.0,0.0018579385941848159,0.9267196655273438,4.870743214269169e-05,0.07043219357728958,0.0004949261201545596,0.0001079947833204642,0.0001761948806233704,0.00012561457697302103,3.665388430817984e-05
2430,lung_epithelium,lung_epithelium,1,1.0,0.0,0.0,0.0,0.0,0.0,0.0,0.0,0.0,0.9987664222717285,8.245768549386412e-05,0.0009573546121828258,2.7225391022511758e-05,4.739506766782142e-05,2.3078868252923712e-05,2.960695928777568e-05,3.410149292903952e-05,3.2542880944674835e-05
724,muscle,muscle,1,0.0,0.0,1.0,0.0,0.0,0.0,0.0,0.0,0.0,6.94474219926633e-05,0.0001053897212841548,0.9996682405471802,1.5126188372960314e-05,4.1307081119157374e-05,1.9086170141235925e-05,1.8125410861102864e-05,2.493390093150083e-05,3.8384998333640397e-05
979,liver,liver,1,0.0,0.5,0.0,0.5,0.0,0.0,0.0,0.0,0.0,0.0023938666563481092,0.6690282821655273,0.0006375303491950035,0.32577022910118103,0.0017358262557536364,0.00010388372174929827,0.00011748991528293118,0.00011954070214414969,9.329774911748245e-05
1551,lung_epithelium,lung_epithelium,1,1.0,0.0,0.0,0.0,0.0,0.0,0.0,0.0,0.0,0.9994951486587524,3.8190035411389545e-05,0.00019223942945245653,2.012018558161799e-05,2.9663848181371577e-05,2.4504850443918258e-05,2.9387316317297518e-05,3.1356437830254436e-05,0.00013935471361037344
809,liver,liver,1,0.0,1.0,0.0,0.0,0.0,0.0,0.0,0.0,0.0,0.0058793723583221436,0.9885311126708984,0.004051396623253822,0.0002916500379797071,0.0008451472385786474,0.00011121625720988959,0.00016330544895026833,8.923907444113865e-05,3.7526093365158886e-05
2480,lung_epithelium,lung_epithelium,1,1.0,0.0,0.0,0.0,0.0,0.0,0.0,0.0,0.0,0.9991173148155212,0.00010853137064259499,0.0005777504993602633,3.40162732754834e-05,2.8269849281059578e-05,2.377353848714847e-05,3.0295383112388663e-05,3.4975644666701555e-05,4.509601785684936e-05
155,liver,liver,1,0.0,1.0,0.0,0.0,0.0,0.0,0.0,0.0,0.0,0.3246023654937744,0.6630494594573975,0.0007481758948415518,0.010964150540530682,0.00019340080325491726,9.94607325992547e-05,0.0001317935821134597,0.00017238307918887585,3.8864709495101124e-05
226,liver,liver,1,0.0,1.0,0.0,0.0,0.0,0.0,0.0,0.0,0.0,0.040678441524505615,0.9575055241584778,0.0007605968858115375,0.000771990860812366,3.6406909202924e-05,3.8686641346430406e-05,6.581936759175733e-05,7.647035818081349e-05,6.61425365251489e-05
1036,muscle,muscle,1,0.0,0.0,1.0,0.0,0.0,0.0,0.0,0.0,0.0,0.00012740747479256243,0.0003351637860760093,0.9993902444839478,3.321363328723237e-05,3.687773642013781e-05,1.5245296708599199e-05,1.7876549463835545e-05,1.7860924344859086e-05,2.6045823688036762e-05
2868,lung_epithelium,lung_epithelium,1,1.0,0.0,0.0,0.0,0.0,0.0,0.0,0.0,0.0,0.9990901947021484,9.232153388438746e-05,0.0006226238911040127,3.2598945836070925e-05,2.882496119127609e-05,2.3751503249513917e-05,3.101108086411841e-05,3.46059568983037e-05,4.4023123336955905e-05
650,muscle,muscle,1,0.0,0.0,1.0,0.0,0.0,0.0,0.0,0.0,0.0,0.00016130357107613236,0.00013953298912383616,0.999528169631958,1.6862019037944265e-05,5.397029599407688e-05,2.084459993056953e-05,1.9436254660831764e-05,2.7130126909469254e-05,3.280054443166591e-05
2341,lung_epithelium,lung_epithelium,1,1.0,0.0,0.0,0.0,0.0,0.0,0.0,0.0,0.0,0.998829185962677,0.00034013879485428333,0.0004149818851146847,4.561930472846143e-05,2.5255943910451606e-05,9.144855539489072e-06,1.3096038856019732e-05,1.715982216410339e-05,0.0003054685948882252
3020,liver,liver,1,0.0,1.0,0.0,0.0,0.0,0.0,0.0,0.0,0.0,0.00122052279766649,0.9963451027870178,0.0018331725150346756,0.00013634157949127257,2.4009945263969712e-05,3.4402430173940957e-05,4.219039328745566e-05,3.804542575380765e-05,0.00032626051688566804
976,liver,liver,1,0.0,0.5,0.0,0.5,0.0,0.0,0.0,0.0,0.0,0.008633315563201904,0.6164923906326294,0.0003358086396474391,0.37354370951652527,0.0003412540245335549,0.00014753916184417903,0.00017247679352294654,0.0001889855193439871,0.00014453036419581622
1743,lung_epithelium,lung_epithelium,1,1.0,0.0,0.0,0.0,0.0,0.0,0.0,0.0,0.0,0.9994378685951233,5.898089148104191e-05,0.0003305048157926649,2.295699050591793e-05,3.6179775634082034e-05,2.2715770683134906e-05,3.198528429493308e-05,3.153916622977704e-05,2.7232008505961858e-05
1740,lung_epithelium,lung_epithelium,1,1.0,0.0,0.0,0.0,0.0,0.0,0.0,0.0,0.0,0.9995924830436707,8.755696035223082e-05,0.00019753329979721457,3.15636680170428e-05,1.5769053788972087e-05,1.2589474863489158e-05,1.948683893715497e-05,2.243426388304215e-05,2.0604456949513406e-05
2113,lung_epithelium,lung_epithelium,1,1.0,0.0,0.0,0.0,0.0,0.0,0.0,0.0,0.0,0.9989537000656128,0.0005394007312133908,3.16168661811389e-05,0.0003482940373942256,4.1362793126609176e-05,1.0576231943559833e-05,1.5296573110390455e-05,2.015290556300897e-05,3.968222881667316e-05
82,liver,liver,1,0.0,1.0,0.0,0.0,0.0,0.0,0.0,0.0,0.0,0.002622033003717661,0.9280797839164734,5.902136763324961e-05,0.0683530941605568,0.00037858588621020317,0.0001216030286741443,0.00020553424837999046,0.0001440697378711775,3.632440711953677e-05
1406,lung_epithelium,lung_epithelium,1,1.0,0.0,0.0,0.0,0.0,0.0,0.0,0.0,0.0,0.9996453523635864,7.33063425286673e-05,7.285283936653286e-05,6.12269650446251e-05,2.5297515094280243e-05,1.5235132195812184e-05,3.247205677325837e-05,3.5694163670996204e-05,3.8632417272310704e-05
617,muscle,muscle,1,0.0,0.0,1.0,0.0,0.0,0.0,0.0,0.0,0.0,0.0001142355176853016,0.00015120906755328178,0.9995520710945129,1.6382475223508663e-05,3.7871945096412674e-05,2.2267780877882615e-05,2.2940177586860955e-05,3.0513552701449953e-05,5.253232302493416e-05
2048,lung_epithelium,lung_epithelium,1,1.0,0.0,0.0,0.0,0.0,0.0,0.0,0.0,0.0,0.9995279312133789,9.234350000042468e-05,0.00014335349260363728,2.288914220116567e-05,2.7941314328927547e-05,2.9983546482981183e-05,3.841953002847731e-05,3.213088712072931e-05,8.505312871420756e-05
762,muscle,muscle,1,0.0,0.0,1.0,0.0,0.0,0.0,0.0,0.0,0.0,0.00011612905655056238,0.00012438575504347682,0.9995792508125305,1.6630523532512598e-05,6.624859088333324e-05,1.811469155654777e-05,1.7395113900420256e-05,2.495247099432163e-05,3.689635923365131e-05
2591,lung_epithelium,lung_epithelium,1,1.0,0.0,0.0,0.0,0.0,0.0,0.0,0.0,0.0,0.9993541836738586,7.471657590940595e-05,0.00028178171487525105,3.9998660213314e-05,2.2886209990247153e-05,2.1303383618942462e-05,2.6597532269079238e-05,3.0188975870260037e-05,0.00014833199384156615
1262,lung_epithelium,lung_epithelium,1,1.0,0.0,0.0,0.0,0.0,0.0,0.0,0.0,0.0,0.9995786547660828,5.795442848466337e-05,3.662593007902615e-05,2.419185511826072e-05,1.8244241800857708e-05,1.8895696484833024e-05,3.159228799631819e-05,3.020739313797094e-05,0.0002037099184235558
1027,muscle,muscle,1,0.0,0.0,1.0,0.0,0.0,0.0,0.0,0.0,0.0,0.00017369688430335373,0.0005550621426664293,0.9990900754928589,5.2639203204307705e-05,5.0392285629641265e-05,1.4525731785397511e-05,1.661542773945257e-05,1.781494211172685e-05,2.914268770837225e-05
211,liver,liver,1,0.0,1.0,0.0,0.0,0.0,0.0,0.0,0.0,0.0,0.01737050525844097,0.9821573495864868,0.0001579570525791496,0.00013817865692544729,3.2225278118858114e-05,2.4752740500844084e-05,4.009234544355422e-05,4.832524427911267e-05,3.0648192478111014e-05
1594,lung_epithelium,lung_epithelium,1,1.0,0.0,0.0,0.0,0.0,0.0,0.0,0.0,0.0,0.9996529817581177,4.423027712618932e-05,0.000182255549589172,1.9040646293433383e-05,2.5239989554393105e-05,1.05382541732979e-05,1.4554249901266303e-05,1.7014101103995927e-05,3.4098415198968723e-05
1644,lung_epithelium,lung_epithelium,1,1.0,0.0,0.0,0.0,0.0,0.0,0.0,0.0,0.0,0.9994571805000305,3.07504233205691e-05,0.00033299767528660595,1.5556768630631268e-05,4.374240234028548e-05,2.317432517884299e-05,2.9944703783257864e-05,3.507755172904581e-05,3.160044434480369e-05
1569,lung_epithelium,lung_epithelium,1,1.0,0.0,0.0,0.0,0.0,0.0,0.0,0.0,0.0,0.9997301697731018,6.304869020823389e-05,9.361754200654104e-05,1.871684980869759e-05,1.740371408232022e-05,1.0228754945273977e-05,1.943410279636737e-05,1.7564183508511633e-05,2.9785021979478188e-05
2893,liver,liver,1,0.0,0.20000000298023224,0.0,0.20000000298023224,0.0,0.20000000298023224,0.20000000298023224,0.20000000298023224,0.0,0.05086458846926689,0.31687629222869873,0.05058233439922333,0.1490180939435959,0.00027657096507027745,0.13451972603797913,0.1314171999692917,0.1661631166934967,0.0002821014204528183
1909,lung_epithelium,lung_epithelium,1,1.0,0.0,0.0,0.0,0.0,0.0,0.0,0.0,0.0,0.999359667301178,4.582126348395832e-05,0.00039438458043150604,3.5314376873429865e-05,2.5164841645164415e-05,2.2009027816238813e-05,3.030726838915143e-05,3.4713870263658464e-05,5.266591324470937e-05
2011,lung_epithelium,lung_epithelium,1,1.0,0.0,0.0,0.0,0.0,0.0,0.0,0.0,0.0,0.9996730089187622,0.0001057803092407994,3.570754415704869e-05,7.890841516200453e-05,2.738241892075166e-05,1.2229205822222866e-05,1.9507264369167387e-05,2.1600009858957492e-05,2.5859175366349518e-05
3044,liver,liver,1,0.0,1.0,0.0,0.0,0.0,0.0,0.0,0.0,0.0,0.01877439208328724,0.9628500938415527,0.017204629257321358,0.0007541808299720287,8.497607632307336e-05,7.723911403445527e-05,9.914331167237833e-05,0.00010259137343382463,5.2771098125958815e-05
2494,lung_epithelium,lung_epithelium,1,1.0,0.0,0.0,0.0,0.0,0.0,0.0,0.0,0.0,0.9991393089294434,7.336768612731248e-05,0.0005307585233822465,3.5466586268739775e-05,2.9556616937043145e-05,2.090079397021327e-05,2.8646463761106133e-05,3.478813232504763e-05,0.00010714538802858442
1539,lung_epithelium,lung_epithelium,1,1.0,0.0,0.0,0.0,0.0,0.0,0.0,0.0,0.0,0.9996304512023926,7.328805077122524e-05,9.516959835309535e-05,5.967176184640266e-05,3.075461063417606e-05,1.4871872735966463e-05,3.07416521536652e-05,3.377572284080088e-05,3.12418160319794e-05
1161,lung_epithelium,lung_epithelium,1,1.0,0.0,0.0,0.0,0.0,0.0,0.0,0.0,0.0,0.9989664554595947,5.0293787353439257e-05,0.0007491761934943497,4.296484257793054e-05,3.308901432319544e-05,2.4627826860523783e-05,3.493050462566316e-05,4.492130392463878e-05,5.3590887546306476e-05
2195,lung_epithelium,lung_epithelium,1,1.0,0.0,0.0,0.0,0.0,0.0,0.0,0.0,0.0,0.9994899034500122,2.8145457690698095e-05,0.0002829842851497233,2.6170331693720073e-05,3.0375691494555213e-05,2.4352475520572625e-05,3.1924661016091704e-05,3.5282017051940784e-05,5.093111758469604e-05
3305,ear,ear,1,0.0,0.0,0.0,0.0,0.0,0.0,0.0,0.0,1.0,0.008711973205208778,0.00017489663150627166,0.0011621266603469849,1.655551022849977e-05,0.00035848934203386307,6.3573635998182e-05,5.383535972214304e-05,7.223780994536355e-05,0.9893863201141357
1023,muscle,muscle,1,0.0,0.0,1.0,0.0,0.0,0.0,0.0,0.0,0.0,0.001111619989387691,0.012733967043459415,0.9856559038162231,0.0002021196560235694,1.9642498955363408e-05,5.9297897678334266e-05,8.844002149999142e-05,9.435244282940403e-05,3.455512342043221e-05
2372,lung_epithelium,lung_epithelium,1,1.0,0.0,0.0,0.0,0.0,0.0,0.0,0.0,0.0,0.9991449117660522,0.0001491260773036629,0.000512553146108985,3.128858588752337e-05,3.107053998974152e-05,2.0108533135498874e-05,2.5044741050805897e-05,2.6361503842053935e-05,5.9415233408799395e-05
25,liver,liver,1,0.0,1.0,0.0,0.0,0.0,0.0,0.0,0.0,0.0,0.05992989242076874,0.9301028847694397,6.275565829128027e-05,0.00896917562931776,0.00047608473687432706,9.31925605982542e-05,0.00019868681556545198,0.00012641545617952943,4.09263011533767e-05
1760,lung_epithelium,lung_epithelium,1,1.0,0.0,0.0,0.0,0.0,0.0,0.0,0.0,0.0,0.9997726082801819,3.625258250394836e-05,4.0124814404407516e-05,1.7143005607067607e-05,2.4970202503027394e-05,1.1971673302468844e-05,2.1377298253355548e-05,1.9902834537788294e-05,5.5655964388279244e-05
1550,lung_epithelium,lung_epithelium,1,1.0,0.0,0.0,0.0,0.0,0.0,0.0,0.0,0.0,0.9996384382247925,7.175590872066095e-05,9.230818250216544e-05,5.695365689462051e-05,3.0420651455642655e-05,1.456311838410329e-05,3.039223338419106e-05,3.3634078135946766e-05,3.147992174490355e-05
196,liver,liver,1,0.0,1.0,0.0,0.0,0.0,0.0,0.0,0.0,0.0,0.0173129104077816,0.9822112917900085,0.00016421338659711182,0.00013643415877595544,3.287523577455431e-05,2.42025671468582e-05,3.868783824145794e-05,4.792624895344488e-05,3.1314833904616535e-05
2298,lung_epithelium,lung_epithelium,1,1.0,0.0,0.0,0.0,0.0,0.0,0.0,0.0,0.0,0.9459084272384644,0.048501189798116684,0.000854715530294925,0.0003406349860597402,6.092670446378179e-05,6.224758544703946e-05,6.932488031452522e-05,6.873168604215607e-05,0.004133826121687889
2924,liver,liver,1,0.0,0.20000000298023224,0.0,0.20000000298023224,0.0,0.20000000298023224,0.20000000298023224,0.20000000298023224,0.0,0.26131927967071533,0.6891680359840393,0.037300847470760345,0.00223376601934433,0.0007804553606547415,0.0030451046768575907,0.003014262765645981,0.003119027242064476,1.921024522744119e-05
2716,lung_epithelium,lung_epithelium,1,1.0,0.0,0.0,0.0,0.0,0.0,0.0,0.0,0.0,0.9993187189102173,8.934013749239966e-05,0.0002840545494109392,3.689349614433013e-05,2.4838549506966956e-05,2.0760528059327044e-05,2.4673519874340855e-05,2.9971668482176028e-05,0.00017054499767255038
2740,lung_epithelium,lung_epithelium,1,1.0,0.0,0.0,0.0,0.0,0.0,0.0,0.0,0.0,0.983453094959259,0.008717815391719341,8.28214397188276e-05,0.007023188751190901,0.00044456293107941747,2.0363777366583236e-05,2.840058550646063e-05,3.260617813793942e-05,0.00019713124493137002
2172,lung_epithelium,lung_epithelium,1,1.0,0.0,0.0,0.0,0.0,0.0,0.0,0.0,0.0,0.9995006322860718,6.254774052649736e-05,0.000299057544907555,1.3717813999392092e-05,4.194061693851836e-05,1.6927644537645392e-05,2.2814116164227016e-05,2.2544089006260037e-05,1.985643757507205e-05
2562,lung_epithelium,lung_epithelium,1,1.0,0.0,0.0,0.0,0.0,0.0,0.0,0.0,0.0,0.99892657995224,0.00011740130139514804,0.000736978545319289,2.8237833248567767e-05,2.471003244863823e-05,2.7027519536204636e-05,3.584151636459865e-05,4.190297840978019e-05,6.12223957432434e-05
2982,liver,lung_epithelium,0,0.0,1.0,0.0,0.0,0.0,0.0,0.0,0.0,0.0,0.5819615721702576,0.4112010896205902,0.003598927054554224,0.0005916344816796482,0.00012169741239631549,6.068629591027275e-05,6.969644891796634e-05,7.374482083832845e-05,0.002320942236110568
1939,lung_epithelium,lung_epithelium,1,1.0,0.0,0.0,0.0,0.0,0.0,0.0,0.0,0.0,0.9901143312454224,0.002213871106505394,4.274744424037635e-05,9.39009478315711e-05,3.892555469064973e-05,7.518575876019895e-05,9.422963194083422e-05,9.688917634775862e-05,0.007229916751384735
2423,lung_epithelium,lung_epithelium,1,1.0,0.0,0.0,0.0,0.0,0.0,0.0,0.0,0.0,0.9992460012435913,0.00035016253241337836,0.00023403327213600278,4.3778934923466295e-05,1.5515850463998504e-05,1.5976165741449222e-05,3.0147273719194345e-05,3.385746094863862e-05,3.059009031858295e-05
1812,lung_epithelium,lung_epithelium,1,1.0,0.0,0.0,0.0,0.0,0.0,0.0,0.0,0.0,0.9997696280479431,6.51591835776344e-05,4.026388342026621e-05,9.498185136180837e-06,3.923372787539847e-05,1.0853238563868217e-05,1.6357702406821772e-05,1.481050276197493e-05,3.42420389642939e-05
1337,lung_epithelium,lung_epithelium,1,1.0,0.0,0.0,0.0,0.0,0.0,0.0,0.0,0.0,0.9996140599250793,7.363503391388804e-05,0.00014606791955884546,2.699664037209004e-05,1.3275691344460938e-05,1.362529474135954e-05,2.2349286155076697e-05,2.4447885152767412e-05,6.566177034983411e-05
2179,lung_epithelium,lung_epithelium,1,1.0,0.0,0.0,0.0,0.0,0.0,0.0,0.0,0.0,0.9993776679039001,4.470754720387049e-05,0.00036915892269462347,3.691780875669792e-05,2.54277929343516e-05,2.5742398065631278e-05,3.514192212605849e-05,4.116394484299235e-05,4.405196159495972e-05
1970,lung_epithelium,lung_epithelium,1,1.0,0.0,0.0,0.0,0.0,0.0,0.0,0.0,0.0,0.9997308850288391,8.853652980178595e-05,2.8411413950379938e-05,1.927427547343541e-05,1.8726932466961443e-05,1.2247969607415143e-05,2.198380207119044e-05,1.6861933545442298e-05,6.31017392151989e-05
1610,lung_epithelium,lung_epithelium,1,1.0,0.0,0.0,0.0,0.0,0.0,0.0,0.0,0.0,0.9994633793830872,4.527925557340495e-05,0.00031956113525666296,2.0609479179256596e-05,3.814212323050015e-05,2.272211349918507e-05,2.947709617728833e-05,2.984743878187146e-05,3.095132706221193e-05
1322,lung_epithelium,lung_epithelium,1,1.0,0.0,0.0,0.0,0.0,0.0,0.0,0.0,0.0,0.9996808767318726,7.356597052421421e-05,8.37687257444486e-05,2.3572754798806272e-05,1.4731375813425984e-05,1.320960382145131e-05,1.9915363736799918e-05,2.1834026483702473e-05,6.852016667835414e-05
1848,lung_epithelium,lung_epithelium,1,1.0,0.0,0.0,0.0,0.0,0.0,0.0,0.0,0.0,0.9997531771659851,7.784198533045128e-05,5.8342837292002514e-05,1.7807666154112667e-05,2.3219818103825673e-05,9.158877219306305e-06,1.760362647473812e-05,1.4557221220456995e-05,2.8247321097296663e-05
2020,lung_epithelium,lung_epithelium,1,1.0,0.0,0.0,0.0,0.0,0.0,0.0,0.0,0.0,0.9995941519737244,2.4067529011517763e-05,0.0001899367052828893,1.6009145838324912e-05,3.962475238949992e-05,2.3237122150021605e-05,2.973765913338866e-05,3.0703380616614595e-05,5.238969242782332e-05
555,muscle,muscle,1,0.0,0.0,1.0,0.0,0.0,0.0,0.0,0.0,0.0,0.000211473205126822,0.0001767061185091734,0.9994252920150757,1.6968486306723207e-05,5.5988777603488415e-05,1.837976014940068e-05,1.9476798115647398e-05,2.7809070161310956e-05,4.7967714635888115e-05
1298,lung_epithelium,lung_epithelium,1,1.0,0.0,0.0,0.0,0.0,0.0,0.0,0.0,0.0,0.9993388056755066,6.567782838828862e-05,0.00042326326365582645,2.556376603024546e-05,3.1987303373171017e-05,2.3633556338609196e-05,3.264810220571235e-05,3.386977914487943e-05,2.4448892872896977e-05
1013,muscle,muscle,1,0.0,0.0,1.0,0.0,0.0,0.0,0.0,0.0,0.0,0.00033714924938976765,0.0016720767598599195,0.9977578520774841,0.00010500940697966143,4.662466744775884e-05,1.801787038857583e-05,2.227621735073626e-05,2.2409836674341932e-05,1.8559458112576976e-05
1039,muscle,muscle,1,0.0,0.0,1.0,0.0,0.0,0.0,0.0,0.0,0.0,8.548578625777736e-05,0.00019772360974457115,0.9995636343955994,4.034675293951295e-05,3.2990599720506e-05,2.0166402464383282e-05,2.1905147150391713e-05,2.4380531613132916e-05,1.333337331743678e-05
858,liver,liver,1,0.0,0.5,0.0,0.5,0.0,0.0,0.0,0.0,0.0,0.0012042202288284898,0.5566938519477844,0.0008731965790502727,0.4397287368774414,0.0009617137839086354,0.00011761135829146951,0.00013356312410905957,0.00013183057308197021,0.00015519636508543044
255,liver,liver,1,0.0,1.0,0.0,0.0,0.0,0.0,0.0,0.0,0.0,0.29380571842193604,0.7033116221427917,0.0022269566543400288,0.00020600174320861697,9.676475747255608e-05,6.178709008963779e-05,0.00010785493941511959,0.00012944800255354494,5.3873005526838824e-05
2133,lung_epithelium,lung_epithelium,1,1.0,0.0,0.0,0.0,0.0,0.0,0.0,0.0,0.0,0.9996393918991089,0.0001123476613429375,7.303299207706004e-05,2.1444790036184713e-05,1.4795684364798944e-05,1.2621334462892264e-05,2.252924969070591e-05,1.9531496946001425e-05,8.421878010267392e-05
2981,liver,liver,1,0.0,1.0,0.0,0.0,0.0,0.0,0.0,0.0,0.0,0.3786791265010834,0.574388861656189,0.000845439441036433,0.00043098474270664155,0.0001854701549746096,0.00019281153799965978,0.0001871600979939103,0.00019307412730995566,0.04489712789654732
2313,lung_epithelium,lung_epithelium,1,1.0,0.0,0.0,0.0,0.0,0.0,0.0,0.0,0.0,0.9996084570884705,9.011738438857719e-05,5.170319491298869e-05,2.6402096409583464e-05,2.0627847334253602e-05,1.2640807653951924e-05,1.832954330893699e-05,2.116060750267934e-05,0.00015066942432895303
958,liver,liver,1,0.0,0.5,0.0,0.5,0.0,0.0,0.0,0.0,0.0,0.0012061382876709104,0.5899444222450256,0.00036930645001120865,0.40725812315940857,0.0006273948238231242,0.00012937161955051124,0.00018190567789133638,0.00015177816385403275,0.00013157846115063876
1424,lung_epithelium,lung_epithelium,1,1.0,0.0,0.0,0.0,0.0,0.0,0.0,0.0,0.0,0.9992795586585999,4.095094118383713e-05,0.00047442736104130745,3.315817957627587e-05,2.7387151931179687e-05,2.6890138542512432e-05,3.872208981192671e-05,4.381093822303228e-05,3.500128150335513e-05
1195,lung_epithelium,lung_epithelium,1,1.0,0.0,0.0,0.0,0.0,0.0,0.0,0.0,0.0,0.9996837377548218,6.742756522726268e-05,3.0000090191606432e-05,1.5601082850480452e-05,2.0775620214408264e-05,1.4679990272270516e-05,2.4880959244910628e-05,2.0895995476166718e-05,0.00012203036749269813
898,liver,liver,1,0.0,0.5,0.0,0.5,0.0,0.0,0.0,0.0,0.0,0.0007825861684978008,0.5539366006851196,0.0012713340111076832,0.4419388771057129,0.0014920792309567332,0.00011501948756631464,0.00013152246538084,0.00012384353613015264,0.00020816954202018678
1135,muscle,muscle,1,0.0,0.0,1.0,0.0,0.0,0.0,0.0,0.0,0.0,0.00027071713702753186,0.0005750053678639233,0.998939573764801,2.970503737742547e-05,8.833569154376164e-05,1.6026651792344637e-05,1.7061096514225937e-05,1.8974778868141584e-05,4.460024501895532e-05
1109,lung_epithelium,lung_epithelium,1,1.0,0.0,0.0,0.0,0.0,0.0,0.0,0.0,0.0,0.9960544109344482,0.00023619936837349087,0.003369952319189906,0.00011483226262498647,5.2085568313486874e-05,3.627011756179854e-05,5.559151395573281e-05,5.993325976305641e-05,2.0670564481406473e-05
2477,lung_epithelium,lung_epithelium,1,1.0,0.0,0.0,0.0,0.0,0.0,0.0,0.0,0.0,0.981620728969574,0.01194679643958807,6.007546107866801e-05,0.005708562210202217,8.88611757545732e-05,4.4140044337837026e-05,6.042406675987877e-05,6.966669752728194e-05,0.0004007935058325529
2406,lung_epithelium,lung_epithelium,1,1.0,0.0,0.0,0.0,0.0,0.0,0.0,0.0,0.0,0.9988106489181519,0.00014987130998633802,0.0008258656016550958,4.455376256373711e-05,2.8372835004120134e-05,2.8850910894107074e-05,4.0115231968229637e-05,4.493499000091106e-05,2.6835310563910753e-05
1465,lung_epithelium,lung_epithelium,1,1.0,0.0,0.0,0.0,0.0,0.0,0.0,0.0,0.0,0.9997115731239319,5.372654050006531e-05,4.7143472329480574e-05,1.4089971045905259e-05,2.211062383139506e-05,1.3179256711737253e-05,2.0155272068222985e-05,2.0561898054438643e-05,9.733055776450783e-05
2424,lung_epithelium,lung_epithelium,1,1.0,0.0,0.0,0.0,0.0,0.0,0.0,0.0,0.0,0.9992700219154358,9.478381252847612e-05,0.0004225185257382691,3.915586057701148e-05,2.291782948304899e-05,2.5218510927516036e-05,3.4067805245285854e-05,3.885859769070521e-05,5.258575765765272e-05
1538,lung_epithelium,lung_epithelium,1,1.0,0.0,0.0,0.0,0.0,0.0,0.0,0.0,0.0,0.9996994733810425,4.9030441005015746e-05,4.260943751432933e-05,2.0977191525162198e-05,1.8740636733127758e-05,1.376738782710163e-05,2.3838465494918637e-05,2.286793096573092e-05,0.00010871417907765135
2861,lung_epithelium,lung_epithelium,1,1.0,0.0,0.0,0.0,0.0,0.0,0.0,0.0,0.0,0.9983384609222412,0.0002534696541260928,0.0011567709734663367,5.009152300772257e-05,2.7584925192059018e-05,2.718597352213692e-05,3.7574965972453356e-05,4.149143205722794e-05,6.728323933202773e-05
1911,lung_epithelium,lung_epithelium,1,1.0,0.0,0.0,0.0,0.0,0.0,0.0,0.0,0.0,0.9991415739059448,5.398312714532949e-05,0.0006031219381839037,4.170693500782363e-05,2.954143928945996e-05,2.39002620219253e-05,3.5202047001803294e-05,4.0386290493188426e-05,3.063313852180727e-05
1359,lung_epithelium,lung_epithelium,1,1.0,0.0,0.0,0.0,0.0,0.0,0.0,0.0,0.0,0.9992284774780273,4.3026841012761e-05,0.0005186211201362312,2.1141269826330245e-05,3.693113831104711e-05,2.960391248052474e-05,3.98690281144809e-05,4.809530946658924e-05,3.418256892473437e-05
250,liver,liver,1,0.0,1.0,0.0,0.0,0.0,0.0,0.0,0.0,0.0,0.09173128008842468,0.9065644145011902,0.0001646542950766161,0.0006349070463329554,2.9222461307654157e-05,8.311638521263376e-05,0.00012013094965368509,0.0001618124224478379,0.0005105620948597789
454,liver,liver,1,0.0,1.0,0.0,0.0,0.0,0.0,0.0,0.0,0.0,0.026018671691417694,0.9726312756538391,0.0003484816988930106,0.0007945825927890837,3.103869312326424e-05,2.9659358915523626e-05,5.0926395488204435e-05,5.7910376199288294e-05,3.7550948036368936e-05
2256,lung_epithelium,lung_epithelium,1,1.0,0.0,0.0,0.0,0.0,0.0,0.0,0.0,0.0,0.9988499879837036,8.865546260494739e-05,0.0008641898166388273,3.0920473363948986e-05,3.936899884138256e-05,2.8297452445258386e-05,4.104497566004284e-05,4.339110091677867e-05,1.4210070730769075e-05
1487,lung_epithelium,lung_epithelium,1,1.0,0.0,0.0,0.0,0.0,0.0,0.0,0.0,0.0,0.9993460774421692,7.03658297425136e-05,0.0004017426981590688,2.8092710635974072e-05,2.8248881790204905e-05,2.425205457257107e-05,3.12356096401345e-05,3.2264866604236886e-05,3.779043981921859e-05
1425,lung_epithelium,lung_epithelium,1,1.0,0.0,0.0,0.0,0.0,0.0,0.0,0.0,0.0,0.9994592070579529,5.192518074181862e-05,0.0002993347297888249,2.1776140783913434e-05,2.574032623670064e-05,2.4585520804976113e-05,3.278736403444782e-05,3.279480733908713e-05,5.1853825425496325e-05
3010,liver,liver,1,0.0,1.0,0.0,0.0,0.0,0.0,0.0,0.0,0.0,0.01247780118137598,0.9864119291305542,0.00030541050364263356,0.0002721866767387837,3.208640919183381e-05,5.7917528465623036e-05,5.8724323025671765e-05,5.933755528531037e-05,0.0003245344269089401
1907,lung_epithelium,lung_epithelium,1,1.0,0.0,0.0,0.0,0.0,0.0,0.0,0.0,0.0,0.9994125366210938,0.00023652244999539107,0.00011805393296526745,2.240418689325452e-05,1.4412393284146674e-05,1.408718071616022e-05,2.277966996189207e-05,2.068715366476681e-05,0.0001386086514685303
3115,muscle,muscle,1,0.0,0.0,1.0,0.0,0.0,0.0,0.0,0.0,0.0,0.00023126331507228315,0.00042398617370054126,0.9990537762641907,6.687203131150454e-05,0.00010678347462089732,1.621320188860409e-05,1.7759148249751888e-05,2.0860894437646493e-05,6.249402213143185e-05
1258,lung_epithelium,lung_epithelium,1,1.0,0.0,0.0,0.0,0.0,0.0,0.0,0.0,0.0,0.9996069073677063,6.108725210651755e-05,4.1859038901748136e-05,2.4367940568481572e-05,1.7186797776957974e-05,1.7217409549630247e-05,2.846473034878727e-05,2.765650424407795e-05,0.00017533559002913535
741,muscle,muscle,1,0.0,0.0,1.0,0.0,0.0,0.0,0.0,0.0,0.0,3.6051871575182304e-05,9.781325206859037e-05,0.999700665473938,1.6679830878274515e-05,4.181237090961076e-05,2.276062878081575e-05,1.9466489902697504e-05,2.586166374385357e-05,3.890638254233636e-05
1788,lung_epithelium,lung_epithelium,1,1.0,0.0,0.0,0.0,0.0,0.0,0.0,0.0,0.0,0.9995821118354797,0.0001069524951162748,0.00019741823780350387,1.2222275472595356e-05,2.1499936337932013e-05,1.4322208699013572e-05,2.4476312319166027e-05,2.3842123482609168e-05,1.7282225599046797e-05
1321,lung_epithelium,lung_epithelium,1,1.0,0.0,0.0,0.0,0.0,0.0,0.0,0.0,0.0,0.9994593262672424,5.2318820962682366e-05,0.0002873627527151257,2.461684198351577e-05,2.571410186646972e-05,2.4779623345239088e-05,3.0333858376252465e-05,3.367420140421018e-05,6.19627971900627e-05
3034,liver,liver,1,0.0,1.0,0.0,0.0,0.0,0.0,0.0,0.0,0.0,0.0014851841842755675,0.9976429343223572,0.0002839454682543874,0.00020902608230244368,2.9016593543929048e-05,3.693222242873162e-05,4.058335616718978e-05,3.9664872019784525e-05,0.00023258666624315083
1536,lung_epithelium,lung_epithelium,1,1.0,0.0,0.0,0.0,0.0,0.0,0.0,0.0,0.0,0.9992920160293579,7.284292951226234e-05,0.0004525815602391958,2.7012149075744674e-05,3.27715024468489e-05,2.47564421442803e-05,3.3684813388390467e-05,3.4070242691086605e-05,3.0198383683455177e-05
2909,liver,liver,1,0.0,0.20000000298023224,0.0,0.20000000298023224,0.0,0.20000000298023224,0.20000000298023224,0.20000000298023224,0.0,0.16163741052150726,0.5023043155670166,0.2939624786376953,0.010804655030369759,0.0006485386984422803,0.009886669926345348,0.010340246371924877,0.010220811702311039,0.00019482859352137893
722,muscle,muscle,1,0.0,0.0,1.0,0.0,0.0,0.0,0.0,0.0,0.0,0.0001108436772483401,0.00011146486212965101,0.9996030926704407,1.3632047739520203e-05,5.430317469290458e-05,1.904728742374573e-05,1.8625834854901768e-05,2.6253741452819668e-05,4.276355684851296e-05
2114,lung_epithelium,lung_epithelium,1,1.0,0.0,0.0,0.0,0.0,0.0,0.0,0.0,0.0,0.9961915016174316,0.001961715519428253,3.558546450221911e-05,0.0016307199839502573,7.648648170288652e-05,1.3509926247934345e-05,2.0603183656930923e-05,2.6820875064004213e-05,4.3166593968635425e-05
3077,muscle,muscle,1,0.0,0.0,1.0,0.0,0.0,0.0,0.0,0.0,0.0,0.018217192962765694,0.000909630034584552,0.980348527431488,0.00012311554746702313,7.797390571795404e-05,2.71586723101791e-05,3.6959008866688237e-05,4.561213427223265e-05,0.00021386634034570307
1002,muscle,muscle,1,0.0,0.0,1.0,0.0,0.0,0.0,0.0,0.0,0.0,0.000132245579152368,0.00021950025984551758,0.9994956254959106,4.36110858572647e-05,2.703505197132472e-05,2.103444785461761e-05,2.3458149371435866e-05,2.5526067474856973e-05,1.1968869330303278e-05
3232,bone_marrow,bone_marrow,1,0.0,0.0,0.0,0.0,1.0,0.0,0.0,0.0,0.0,0.00025223143165931106,0.0004238818655721843,0.00018898431153502315,8.589405479142442e-05,0.9847277402877808,0.00014283935888670385,0.0001089021607185714,0.0001324210170423612,0.013937117531895638
2218,lung_epithelium,lung_epithelium,1,1.0,0.0,0.0,0.0,0.0,0.0,0.0,0.0,0.0,0.9997047781944275,4.678096229326911e-05,0.00012494153634179384,1.9759212591452524e-05,1.8072789316647686e-05,1.1848604117403738e-05,2.086644781229552e-05,2.1059806385892443e-05,3.194510645698756e-05
744,muscle,muscle,1,0.0,0.0,1.0,0.0,0.0,0.0,0.0,0.0,0.0,6.21955405222252e-05,0.00011203005124116316,0.9996272325515747,1.4949137039366178e-05,8.144919411279261e-05,1.8658891349332407e-05,1.6174171832972206e-05,2.2670035832561553e-05,4.46943668066524e-05
1833,lung_epithelium,lung_epithelium,1,1.0,0.0,0.0,0.0,0.0,0.0,0.0,0.0,0.0,0.9991793036460876,5.8070003433385864e-05,0.0005758431507274508,2.6750351025839336e-05,3.3029031328624114e-05,2.7205962396692485e-05,3.7161080399528146e-05,3.877514973282814e-05,2.396953095740173e-05
3159,bone_marrow,bone_marrow,1,0.0,0.0,0.0,0.0,1.0,0.0,0.0,0.0,0.0,0.00032189549528993666,0.009789313189685345,6.340341496979818e-05,0.0013196757063269615,0.9864746928215027,5.797548146802001e-05,6.054677578504197e-05,4.9659145588520914e-05,0.0018628148827701807
192,liver,liver,1,0.0,1.0,0.0,0.0,0.0,0.0,0.0,0.0,0.0,0.029763726517558098,0.9687182307243347,0.00046009806101210415,0.0008419600198976696,2.65237958956277e-05,3.3792417525546625e-05,5.622525350190699e-05,6.211093568708748e-05,3.7279904063325375e-05
1498,lung_epithelium,lung_epithelium,1,1.0,0.0,0.0,0.0,0.0,0.0,0.0,0.0,0.0,0.999687671661377,8.257287845481187e-05,9.678656351752579e-05,2.4777769795036875e-05,1.4800167264183983e-05,1.1082974197051954e-05,1.7371152353007346e-05,1.7943899365491234e-05,4.704510865849443e-05
1353,lung_epithelium,lung_epithelium,1,1.0,0.0,0.0,0.0,0.0,0.0,0.0,0.0,0.0,0.9992902278900146,7.553360774181783e-05,0.0004661930142901838,2.1198828108026646e-05,3.145359369227663e-05,2.5370851290063e-05,3.304892379674129e-05,3.497930083540268e-05,2.196956666011829e-05
2110,lung_epithelium,lung_epithelium,1,1.0,0.0,0.0,0.0,0.0,0.0,0.0,0.0,0.0,0.999722421169281,5.6427030358463526e-05,8.213897672249004e-05,2.477801899658516e-05,1.8984850612469018e-05,9.441627298656385e-06,1.564198828418739e-05,1.8618005924508907e-05,5.160888395039365e-05
1719,lung_epithelium,lung_epithelium,1,1.0,0.0,0.0,0.0,0.0,0.0,0.0,0.0,0.0,0.9996769428253174,8.656656427774578e-05,0.00010305338946636766,2.2558237105840817e-05,1.7538775864522904e-05,1.2502545359893702e-05,2.3133970898925327e-05,2.0602072254405357e-05,3.721189932548441e-05
1987,lung_epithelium,lung_epithelium,1,1.0,0.0,0.0,0.0,0.0,0.0,0.0,0.0,0.0,0.9995802044868469,3.941348404623568e-05,0.0001357691508019343,1.854550646385178e-05,3.112999547738582e-05,2.5010318495333195e-05,2.9528375307563692e-05,2.8261994884815067e-05,0.00011226733477087691
2025,lung_epithelium,lung_epithelium,1,1.0,0.0,0.0,0.0,0.0,0.0,0.0,0.0,0.0,0.9997711777687073,5.9206406149314716e-05,5.300778866512701e-05,1.605947909411043e-05,2.654817399161402e-05,1.0137845492863562e-05,1.87999085028423e-05,1.579571471665986e-05,2.925327862612903e-05
3247,bone_marrow,bone_marrow,1,0.0,0.0,0.0,0.0,1.0,0.0,0.0,0.0,0.0,0.00022015719150658697,0.001131132710725069,8.411488670390099e-05,0.00012180565681774169,0.9937735199928284,7.679094414925203e-05,6.674920587101951e-05,7.272570655914024e-05,0.004453116562217474
3289,ear,bone_marrow,0,0.0,0.0,0.0,0.0,0.0,0.0,0.0,0.0,1.0,0.028944768011569977,0.0018493785755708814,0.00030169999809004366,0.00026559087564237416,0.5213823914527893,0.00035260312142781913,0.0002865648129954934,0.000395945884520188,0.4462210536003113
1229,lung_epithelium,lung_epithelium,1,1.0,0.0,0.0,0.0,0.0,0.0,0.0,0.0,0.0,0.9997225403785706,4.509257269091904e-05,0.0001164231653092429,2.372163362451829e-05,2.094021692755632e-05,1.0730545909609646e-05,1.9598466678871773e-05,1.9738452465389855e-05,2.1167121303733438e-05
1688,lung_epithelium,lung_epithelium,1,1.0,0.0,0.0,0.0,0.0,0.0,0.0,0.0,0.0,0.9997429251670837,6.071072129998356e-05,7.818193262210116e-05,1.9583041648729704e-05,1.754177537804935e-05,1.1117812391603366e-05,1.9941155187552795e-05,1.7595708413864486e-05,3.2381765777245164e-05
1718,lung_epithelium,lung_epithelium,1,1.0,0.0,0.0,0.0,0.0,0.0,0.0,0.0,0.0,0.9994619488716125,0.0001811317924875766,0.00013429798127617687,7.81952912802808e-05,3.0273306037997827e-05,1.66006684594322e-05,4.108544089831412e-05,3.737973020179197e-05,1.906387842609547e-05
1972,lung_epithelium,lung_epithelium,1,1.0,0.0,0.0,0.0,0.0,0.0,0.0,0.0,0.0,0.9997039437294006,6.214516906766221e-05,3.747034497791901e-05,5.5381064157700166e-05,2.4384649805142544e-05,1.5568939488730393e-05,3.3370288292644545e-05,3.1407977076014504e-05,3.638340422185138e-05
1138,muscle,muscle,1,0.0,0.0,1.0,0.0,0.0,0.0,0.0,0.0,0.0,0.05207153037190437,0.0008903865818865597,0.9446303248405457,6.975177529966459e-05,0.002036838559433818,6.052140088286251e-05,7.037592149572447e-05,8.370468276552856e-05,8.657111902721226e-05
465,liver,liver,1,0.0,1.0,0.0,0.0,0.0,0.0,0.0,0.0,0.0,0.15399783849716187,0.8443924188613892,0.0010682052234187722,0.00021101384481880814,5.928856262471527e-05,4.391240145196207e-05,7.63767966418527e-05,9.492979006608948e-05,5.6051649153232574e-05
962,liver,liver,1,0.0,0.5,0.0,0.5,0.0,0.0,0.0,0.0,0.0,0.0004338100552558899,0.56739741563797,0.0006660231156274676,0.42834755778312683,0.0024669640697538853,0.0001192327108583413,0.00015957062714733183,0.0001231931964866817,0.000286170223262161
2923,liver,muscle,0,0.0,0.20000000298023224,0.0,0.20000000298023224,0.0,0.20000000298023224,0.20000000298023224,0.20000000298023224,0.0,0.0073616644367575645,0.009724576957523823,0.9608694314956665,0.004275687504559755,0.00025809300132095814,0.005340288858860731,0.005733395926654339,0.00625360244885087,0.00018327977159060538
1817,lung_epithelium,lung_epithelium,1,1.0,0.0,0.0,0.0,0.0,0.0,0.0,0.0,0.0,0.9997474551200867,5.140696157468483e-05,4.9208982090931386e-05,1.7723175915307365e-05,1.757723839546088e-05,1.3350078006624244e-05,2.4298495191032998e-05,2.0961857444490306e-05,5.79880470468197e-05
1475,lung_epithelium,lung_epithelium,1,1.0,0.0,0.0,0.0,0.0,0.0,0.0,0.0,0.0,0.9996923208236694,5.3080646466696635e-05,0.00014606278273276985,1.610136496310588e-05,2.280935223097913e-05,1.0955910511256661e-05,1.5687779523432255e-05,1.752212665451225e-05,2.556656727392692e-05
893,liver,liver,1,0.0,0.5,0.0,0.5,0.0,0.0,0.0,0.0,0.0,0.004248160403221846,0.6346169710159302,0.00040000310400500894,0.3567260503768921,0.003545481013134122,0.00010984906111843884,0.0001519496290711686,0.0001325716293649748,6.899615982547402e-05
1897,lung_epithelium,lung_epithelium,1,1.0,0.0,0.0,0.0,0.0,0.0,0.0,0.0,0.0,0.9994981288909912,3.697807915159501e-05,0.00023653142852708697,2.2268237444222905e-05,2.6917548893834464e-05,2.5213012122549117e-05,3.2243904570350423e-05,3.249471774324775e-05,8.915300713852048e-05
816,liver,liver,1,0.0,1.0,0.0,0.0,0.0,0.0,0.0,0.0,0.0,0.005277120508253574,0.9854626655578613,0.005429551005363464,0.0003682190435938537,0.0029579908587038517,0.0001270983921131119,0.00019065995002165437,0.00010370342351961881,8.303192589664832e-05
2983,liver,liver,1,0.0,1.0,0.0,0.0,0.0,0.0,0.0,0.0,0.0,0.015210182406008244,0.9783512949943542,0.0029778697062283754,0.002211894141510129,2.5494495275779627e-05,9.578630124451593e-05,9.796069207368419e-05,9.704006515676156e-05,0.0009325704304501414
1216,lung_epithelium,lung_epithelium,1,1.0,0.0,0.0,0.0,0.0,0.0,0.0,0.0,0.0,0.9993519186973572,3.4205841075163335e-05,0.0004201139381621033,2.131800829374697e-05,4.282455120119266e-05,2.4871871573850513e-05,3.438667772570625e-05,4.002356217824854e-05,3.0399782190215774e-05
803,liver,liver,1,0.0,1.0,0.0,0.0,0.0,0.0,0.0,0.0,0.0,0.08706958591938019,0.9100836515426636,0.0014546249294653535,8.984366286313161e-05,0.000564125832170248,0.00013618810044135898,0.00017190506332553923,0.00012686853006016463,0.00030320731457322836
1834,lung_epithelium,lung_epithelium,1,1.0,0.0,0.0,0.0,0.0,0.0,0.0,0.0,0.0,0.99974125623703,4.0106304368237033e-05,4.899668783764355e-05,1.9612129108281806e-05,1.8431410353514366e-05,1.488642010372132e-05,2.7265095923212357e-05,2.3902521206764504e-05,6.54079849482514e-05
1244,lung_epithelium,lung_epithelium,1,1.0,0.0,0.0,0.0,0.0,0.0,0.0,0.0,0.0,0.9994232654571533,3.99614691559691e-05,0.00035940157249569893,1.732584678393323e-05,4.8404039262095466e-05,2.1913478121859953e-05,2.646185748744756e-05,3.330846448079683e-05,3.0025987143744715e-05
84,liver,liver,1,0.0,1.0,0.0,0.0,0.0,0.0,0.0,0.0,0.0,0.0032981864642351866,0.93585205078125,5.819576472276822e-05,0.05992763116955757,0.00039963642484508455,0.00011048862506868318,0.00018985310452990234,0.00013006133667659014,3.394730083527975e-05
1313,lung_epithelium,lung_epithelium,1,1.0,0.0,0.0,0.0,0.0,0.0,0.0,0.0,0.0,0.9995193481445312,7.630165055161342e-05,4.1075851186178625e-05,2.4912194930948317e-05,1.7352582290186547e-05,1.8975562852574512e-05,2.9616257961606607e-05,2.9709894079132937e-05,0.00024267419939860702
2925,liver,liver,1,0.0,0.20000000298023224,0.0,0.20000000298023224,0.0,0.20000000298023224,0.20000000298023224,0.20000000298023224,0.0,0.0020726798102259636,0.46845224499702454,0.14018037915229797,0.08562567830085754,0.00011492682824609801,0.10130809992551804,0.1007237508893013,0.09963231533765793,0.001889965613372624
2482,lung_epithelium,lung_epithelium,1,1.0,0.0,0.0,0.0,0.0,0.0,0.0,0.0,0.0,0.9992430210113525,0.0003252596652600914,6.825125456089154e-05,3.28869246004615e-05,1.523879291198682e-05,1.2080447959306184e-05,1.7329464753856882e-05,2.0560277334880084e-05,0.0002654335112310946
662,muscle,muscle,1,0.0,0.0,1.0,0.0,0.0,0.0,0.0,0.0,0.0,0.00016986537957563996,0.00013742336886934936,0.999515175819397,1.61438510986045e-05,6.005231261951849e-05,2.0880084775853902e-05,1.9502789655234665e-05,2.681145451788325e-05,3.4120290365535766e-05
2469,lung_epithelium,lung_epithelium,1,1.0,0.0,0.0,0.0,0.0,0.0,0.0,0.0,0.0,0.9993451237678528,0.0002521233691368252,0.00012904457980766892,4.61985582660418e-05,1.5217387954180595e-05,1.2090697964595165e-05,1.680634159129113e-05,2.0087527445866726e-05,0.00016337593842763454
2270,lung_epithelium,lung_epithelium,1,1.0,0.0,0.0,0.0,0.0,0.0,0.0,0.0,0.0,0.9992610812187195,0.0003021302109118551,0.00017343592480756342,2.466310979798436e-05,7.682869181735441e-05,2.420881537545938e-05,5.7516852393746376e-05,5.346776742953807e-05,2.6681302188080736e-05
1371,lung_epithelium,lung_epithelium,1,1.0,0.0,0.0,0.0,0.0,0.0,0.0,0.0,0.0,0.9996707439422607,6.217659392859787e-05,6.6010958107654e-05,5.0335143896518275e-05,3.0106002668617293e-05,1.536832860438153e-05,3.0034452720428817e-05,3.391817517695017e-05,4.119816730963066e-05
2702,lung_epithelium,lung_epithelium,1,1.0,0.0,0.0,0.0,0.0,0.0,0.0,0.0,0.0,0.9993519186973572,0.00010468792606843635,0.00031791304354555905,1.9295028323540464e-05,3.939952512155287e-05,2.3712205802439712e-05,2.6330330001655966e-05,2.8917353120050393e-05,8.77545535331592e-05
947,liver,liver,1,0.0,0.5,0.0,0.5,0.0,0.0,0.0,0.0,0.0,0.0019302587024867535,0.6021910905838013,0.00018033877131529152,0.39441466331481934,0.0006820199196226895,0.00011964399163844064,0.00019028960377909243,0.00015122198965400457,0.00014047704462427646
1401,lung_epithelium,lung_epithelium,1,1.0,0.0,0.0,0.0,0.0,0.0,0.0,0.0,0.0,0.9994736313819885,5.310057531460188e-05,0.00028507859678938985,2.276138729939703e-05,2.603505527076777e-05,2.3074868295225315e-05,2.9311360776773654e-05,3.10059440380428e-05,5.5938540754141286e-05
2421,lung_epithelium,lung_epithelium,1,1.0,0.0,0.0,0.0,0.0,0.0,0.0,0.0,0.0,0.9992424249649048,0.00010418029705761,0.00043040161835961044,3.681441012304276e-05,2.2206389985512942e-05,2.548156408010982e-05,3.378106339368969e-05,3.9569767977809533e-05,6.515638960991055e-05
2034,lung_epithelium,lung_epithelium,1,1.0,0.0,0.0,0.0,0.0,0.0,0.0,0.0,0.0,0.9994612336158752,3.932950130547397e-05,0.0002439397358102724,3.0562790925614536e-05,2.2349024220602587e-05,3.0164121199049987e-05,4.035169695271179e-05,4.7237725084414706e-05,8.487373270327225e-05
1937,lung_epithelium,lung_epithelium,1,1.0,0.0,0.0,0.0,0.0,0.0,0.0,0.0,0.0,0.9986383318901062,0.00037983807851560414,5.749767296947539e-05,3.346652738400735e-05,2.569116622908041e-05,2.2049616745789535e-05,2.7542419047676958e-05,3.3486798201920465e-05,0.0007821808685548604
3165,bone_marrow,bone_marrow,1,0.0,0.0,0.0,0.0,1.0,0.0,0.0,0.0,0.0,0.00026457454077899456,0.004996027331799269,7.83012219471857e-05,0.0010370349045842886,0.9920278191566467,5.326816244632937e-05,5.304945807438344e-05,4.708647611550987e-05,0.0014428881695494056
3275,bone_marrow,bone_marrow,1,0.0,0.0,0.0,0.0,1.0,0.0,0.0,0.0,0.0,0.00021087533968966454,0.008713366463780403,0.00015695649199187756,0.0005232634139247239,0.9870267510414124,6.449201464420184e-05,6.166401726659387e-05,5.5483462347183377e-05,0.0031871458049863577
3160,bone_marrow,bone_marrow,1,0.0,0.0,0.0,0.0,1.0,0.0,0.0,0.0,0.0,0.0027126462664455175,0.14211657643318176,0.00011110684863524511,0.022193700075149536,0.8318266272544861,0.00010689852206269279,0.00013581247185356915,0.00010266300523653626,0.0006939914310351014
2639,lung_epithelium,lung_epithelium,1,1.0,0.0,0.0,0.0,0.0,0.0,0.0,0.0,0.0,0.9994105100631714,4.653624273487367e-05,0.00023399590281769633,2.347284316783771e-05,3.6510413337964565e-05,2.084594416373875e-05,2.3513845007983036e-05,2.8742450012941845e-05,0.00017593675875104964
1660,lung_epithelium,lung_epithelium,1,1.0,0.0,0.0,0.0,0.0,0.0,0.0,0.0,0.0,0.9997255206108093,5.222700929152779e-05,0.00010331820521969348,2.2331452782964334e-05,1.817890370148234e-05,1.0719429155869875e-05,1.95441552932607e-05,1.9044444343307987e-05,2.9125178116373718e-05
1160,lung_epithelium,lung_epithelium,1,1.0,0.0,0.0,0.0,0.0,0.0,0.0,0.0,0.0,0.9959099292755127,0.00268122972920537,0.00028934975853189826,3.9672777347732335e-05,2.3879551008576527e-05,2.458321068843361e-05,2.8959722840227187e-05,3.306654252810404e-05,0.0009693325264379382
47,liver,liver,1,0.0,1.0,0.0,0.0,0.0,0.0,0.0,0.0,0.0,0.0013696273090317845,0.8403542041778564,0.00040525043732486665,0.156606063246727,0.0008903809357434511,9.079204755835235e-05,0.00013064855011180043,0.0001043297306750901,4.8795736802276224e-05
1102,lung_epithelium,lung_epithelium,1,1.0,0.0,0.0,0.0,0.0,0.0,0.0,0.0,0.0,0.9975816011428833,0.0003248539287596941,0.0018016521353274584,8.477213850710541e-05,3.199381535523571e-05,2.887028495024424e-05,3.969710087403655e-05,4.5489818148780614e-05,6.106328510213643e-05
1357,lung_epithelium,lung_epithelium,1,1.0,0.0,0.0,0.0,0.0,0.0,0.0,0.0,0.0,0.9994240999221802,0.00022310831991489977,0.00012046089977957308,2.0416429833858274e-05,5.915447763982229e-05,2.3475648049497977e-05,4.889811316388659e-05,4.961365630151704e-05,3.076193024753593e-05
3296,ear,bone_marrow,0,0.0,0.0,0.0,0.0,0.0,0.0,0.0,0.0,1.0,0.0003022362943738699,0.009430253878235817,0.002362268278375268,0.004709635395556688,0.606076717376709,0.00025482565979473293,0.0001698261039564386,0.00018438052211422473,0.3765098750591278
1422,lung_epithelium,lung_epithelium,1,1.0,0.0,0.0,0.0,0.0,0.0,0.0,0.0,0.0,0.9994389414787292,3.31954906869214e-05,0.00030624298960901797,2.6372255888418294e-05,2.542154470575042e-05,2.63286547124153e-05,3.531307083903812e-05,3.9411639590980485e-05,6.875806138850749e-05
171,liver,liver,1,0.0,1.0,0.0,0.0,0.0,0.0,0.0,0.0,0.0,0.2798140048980713,0.7172797918319702,0.002174019580706954,0.00031340145505964756,0.00011556535173440352,5.2058247092645615e-05,9.54659262788482e-05,0.00011905562860192731,3.6569228541338816e-05
2402,lung_epithelium,lung_epithelium,1,1.0,0.0,0.0,0.0,0.0,0.0,0.0,0.0,0.0,0.9993224143981934,8.466510917060077e-05,0.00040063876076601446,2.6909530788543634e-05,2.7485504688229412e-05,2.044157008640468e-05,2.4854965886333957e-05,2.9436478143907152e-05,6.312944606179371e-05
1185,lung_epithelium,lung_epithelium,1,1.0,0.0,0.0,0.0,0.0,0.0,0.0,0.0,0.0,0.9994848966598511,2.7939020583289675e-05,0.000273359299171716,2.4544309781049378e-05,2.9767521482426673e-05,2.6288691515219398e-05,3.416666731936857e-05,4.0267081203637645e-05,5.877646617591381e-05
1530,lung_epithelium,lung_epithelium,1,1.0,0.0,0.0,0.0,0.0,0.0,0.0,0.0,0.0,0.999510645866394,3.362127608852461e-05,0.00024025628226809204,1.9928289475501515e-05,3.3450811315560713e-05,2.049281647487078e-05,2.428606603643857e-05,2.7556830900721252e-05,8.968709880718961e-05
1684,lung_epithelium,lung_epithelium,1,1.0,0.0,0.0,0.0,0.0,0.0,0.0,0.0,0.0,0.9997541308403015,6.933663826202974e-05,5.559647615882568e-05,1.7824027963797562e-05,1.798142693587579e-05,1.08490230559255e-05,1.9945029634982347e-05,1.668288496148307e-05,3.767956513911486e-05
1657,lung_epithelium,lung_epithelium,1,1.0,0.0,0.0,0.0,0.0,0.0,0.0,0.0,0.0,0.9997170567512512,7.518474012613297e-05,7.34506465960294e-05,1.9752127627725713e-05,1.8516957425163127e-05,1.1584256753849331e-05,2.1362213374231942e-05,1.866103229986038e-05,4.445848389877938e-05
2251,lung_epithelium,lung_epithelium,1,1.0,0.0,0.0,0.0,0.0,0.0,0.0,0.0,0.0,0.9993305206298828,8.172274101525545e-05,0.0004318012797739357,2.3952292394824326e-05,2.9585933589260094e-05,2.2293568690656684e-05,3.157659011776559e-05,3.1839063012739643e-05,1.6768968635005876e-05
2425,lung_epithelium,lung_epithelium,1,1.0,0.0,0.0,0.0,0.0,0.0,0.0,0.0,0.0,0.9989970326423645,0.00020694051636382937,0.0005831136368215084,4.283274392946623e-05,2.5193809051415883e-05,2.763731208688114e-05,3.569613181753084e-05,4.056099714944139e-05,4.095076656085439e-05
2419,lung_epithelium,lung_epithelium,1,1.0,0.0,0.0,0.0,0.0,0.0,0.0,0.0,0.0,0.9987106323242188,0.0009043975733220577,0.0001724203902995214,3.237577038817108e-05,1.1394363355066162e-05,1.6534660971956328e-05,2.592372038634494e-05,2.826815216394607e-05,9.797440725378692e-05
244,liver,liver,1,0.0,1.0,0.0,0.0,0.0,0.0,0.0,0.0,0.0,0.02601480297744274,0.9717777371406555,8.48419513204135e-05,0.0006314965430647135,2.3412338123307563e-05,0.000208035038667731,0.00024967992794699967,0.0002675263676792383,0.0007423560018651187
1505,lung_epithelium,lung_epithelium,1,1.0,0.0,0.0,0.0,0.0,0.0,0.0,0.0,0.0,0.999690055847168,5.5093460105126724e-05,4.418250318849459e-05,3.093502891715616e-05,1.6477501048939303e-05,1.4215784176485613e-05,2.3788530597812496e-05,2.410677552688867e-05,0.000101253273896873
1945,lung_epithelium,lung_epithelium,1,1.0,0.0,0.0,0.0,0.0,0.0,0.0,0.0,0.0,0.9347320795059204,0.02901805192232132,0.00010360224405303597,0.0002054893848253414,0.00010571273742243648,0.00025291083147749305,0.0002845617418643087,0.0002289913536515087,0.03506854176521301
591,muscle,muscle,1,0.0,0.0,1.0,0.0,0.0,0.0,0.0,0.0,0.0,0.00013083894737064838,0.00013261588173918426,0.9995644688606262,1.610583240108099e-05,5.750222771894187e-05,2.0427849449333735e-05,1.8719387298915535e-05,2.559234962973278e-05,3.3719490602379665e-05
2827,lung_epithelium,lung_epithelium,1,1.0,0.0,0.0,0.0,0.0,0.0,0.0,0.0,0.0,0.9994521737098694,7.863409700803459e-05,0.00033335696207359433,1.6389964002883062e-05,4.146485298406333e-05,1.6845997379277833e-05,2.3460463125957176e-05,2.2713304133503698e-05,1.4942770576453768e-05
2935,liver,muscle,0,0.0,0.20000000298023224,0.0,0.20000000298023224,0.0,0.20000000298023224,0.20000000298023224,0.20000000298023224,0.0,0.0009536793804727495,0.14870652556419373,0.7774053812026978,0.01154794916510582,6.181050412124023e-05,0.019352072849869728,0.021417291834950447,0.020024800673127174,0.0005305421072989702
1075,muscle,muscle,1,0.0,0.0,1.0,0.0,0.0,0.0,0.0,0.0,0.0,0.0001803977065719664,0.0005124863819219172,0.9991138577461243,3.486150308162905e-05,6.74552284181118e-05,1.707024421193637e-05,1.830231303756591e-05,1.910936407512054e-05,3.638954149209894e-05
1394,lung_epithelium,lung_epithelium,1,1.0,0.0,0.0,0.0,0.0,0.0,0.0,0.0,0.0,0.9996325969696045,5.956454333500005e-05,3.6821060348302126e-05,2.2412817997974344e-05,1.7455651686759666e-05,1.5931020243442617e-05,2.7549418518901803e-05,2.5868634111247957e-05,0.00016184974811039865
3207,bone_marrow,bone_marrow,1,0.0,0.0,0.0,0.0,1.0,0.0,0.0,0.0,0.0,0.0011873961193487048,0.2662818133831024,0.002633804688230157,0.23917491734027863,0.4765605628490448,0.0002473483909852803,0.00022225694556254894,0.0002111531503032893,0.013480759225785732
298,liver,liver,1,0.0,1.0,0.0,0.0,0.0,0.0,0.0,0.0,0.0,0.09709899127483368,0.9015185832977295,0.0003121722547803074,0.0007556889322586358,3.43682877428364e-05,4.647369132726453e-05,8.132564835250378e-05,9.535145363770425e-05,5.711190169677138e-05
1859,lung_epithelium,lung_epithelium,1,1.0,0.0,0.0,0.0,0.0,0.0,0.0,0.0,0.0,0.9996260404586792,4.608163362718187e-05,0.00010641115659382194,1.477161731600063e-05,3.8100333767943084e-05,2.1436531824292615e-05,2.674758798093535e-05,2.246897747681942e-05,9.800941916182637e-05
1330,lung_epithelium,lung_epithelium,1,1.0,0.0,0.0,0.0,0.0,0.0,0.0,0.0,0.0,0.9996007084846497,0.00012123113265261054,7.208605529740453e-05,2.066679189738352e-05,1.4348121112561785e-05,1.438725485058967e-05,2.6075118512380868e-05,2.216284701717086e-05,0.0001082653907360509
1350,lung_epithelium,lung_epithelium,1,1.0,0.0,0.0,0.0,0.0,0.0,0.0,0.0,0.0,0.9997125267982483,4.6487311919918284e-05,8.926129521569237e-05,1.2385442460072227e-05,2.4460299755446613e-05,1.115530358219985e-05,1.7184484022436664e-05,1.9470342522254214e-05,6.705929263262078e-05
277,liver,liver,1,0.0,1.0,0.0,0.0,0.0,0.0,0.0,0.0,0.0,0.22133755683898926,0.775922417640686,0.0014332917053252459,0.0006762863486073911,4.482423173612915e-05,0.00010377701255492866,0.00019825456547550857,0.00022406326024793088,5.9501620853552595e-05
1943,lung_epithelium,lung_epithelium,1,1.0,0.0,0.0,0.0,0.0,0.0,0.0,0.0,0.0,0.9915279150009155,0.0016209937166422606,4.054092278238386e-05,8.897861698642373e-05,3.742963235708885e-05,7.45058132451959e-05,9.706841228762642e-05,9.989633690565825e-05,0.006412673741579056
1273,lung_epithelium,lung_epithelium,1,1.0,0.0,0.0,0.0,0.0,0.0,0.0,0.0,0.0,0.9995137453079224,7.626615843037143e-05,0.0002096116659231484,2.123489321093075e-05,2.884735840780195e-05,2.575518738012761e-05,3.2924992410698906e-05,2.989409586007241e-05,6.175161252031103e-05
275,liver,liver,1,0.0,1.0,0.0,0.0,0.0,0.0,0.0,0.0,0.0,0.041529882699251175,0.9566929340362549,0.0007583864498883486,0.0007616861839778721,6.286722782533616e-05,3.065178316319361e-05,5.4308919061440974e-05,6.326532457023859e-05,4.607142909662798e-05
2299,lung_epithelium,lung_epithelium,1,1.0,0.0,0.0,0.0,0.0,0.0,0.0,0.0,0.0,0.9989122152328491,7.854021532693878e-05,0.0007660791161470115,5.966625394648872e-05,2.9989776521688327e-05,2.0770417904714122e-05,2.955147465399932e-05,3.795530574279837e-05,6.514976121252403e-05
2097,lung_epithelium,lung_epithelium,1,1.0,0.0,0.0,0.0,0.0,0.0,0.0,0.0,0.0,0.9994891881942749,0.00020700535969808698,9.740722452988848e-05,1.822469857870601e-05,1.7063875930034555e-05,1.1970082596235443e-05,1.837523996073287e-05,1.7293676137342118e-05,0.00012349295138847083
2431,lung_epithelium,lung_epithelium,1,1.0,0.0,0.0,0.0,0.0,0.0,0.0,0.0,0.0,0.9994543194770813,5.588595013250597e-05,0.00023371154384221882,1.7232225218322128e-05,8.491386688547209e-05,1.0627893061609939e-05,1.4618943168898113e-05,1.8687842384679243e-05,0.00010997666686307639
2451,lung_epithelium,lung_epithelium,1,1.0,0.0,0.0,0.0,0.0,0.0,0.0,0.0,0.0,0.9992073178291321,0.00010079520143335685,0.00046025135088711977,5.6636396038811654e-05,2.2811813323642127e-05,1.8491513401386328e-05,2.6314997739973478e-05,3.07580157823395e-05,7.655549416085705e-05
2261,lung_epithelium,lung_epithelium,1,1.0,0.0,0.0,0.0,0.0,0.0,0.0,0.0,0.0,0.9969064593315125,0.002736475085839629,4.404649735079147e-05,0.00014089410251472145,8.243924821726978e-05,1.801132566470187e-05,3.5700089938472956e-05,2.8101714633521624e-05,7.862196980568115e-06
1545,lung_epithelium,lung_epithelium,1,1.0,0.0,0.0,0.0,0.0,0.0,0.0,0.0,0.0,0.9994520545005798,5.012669862480834e-05,0.00031620135996490717,2.316461359441746e-05,2.8036723961122334e-05,2.267142554046586e-05,2.9052609534119256e-05,3.072869003517553e-05,4.7995908971643075e-05
1311,lung_epithelium,lung_epithelium,1,1.0,0.0,0.0,0.0,0.0,0.0,0.0,0.0,0.0,0.9993820190429688,6.395238597178832e-05,0.00036403475678525865,2.642908839334268e-05,2.749493251030799e-05,2.558711639721878e-05,3.1971118005458266e-05,3.434163591009565e-05,4.4092212192481384e-05
1588,lung_epithelium,lung_epithelium,1,1.0,0.0,0.0,0.0,0.0,0.0,0.0,0.0,0.0,0.9992875456809998,2.934945405286271e-05,0.0004804568598046899,2.807379132718779e-05,3.734779966180213e-05,2.271616722282488e-05,3.091446706093848e-05,3.8053087337175384e-05,4.550841549644247e-05
364,liver,liver,1,0.0,1.0,0.0,0.0,0.0,0.0,0.0,0.0,0.0,0.06095556169748306,0.9371617436408997,0.0007980070076882839,0.0008388790301978588,6.856734398752451e-05,2.9790900953230448e-05,5.5439380957977846e-05,6.15888275206089e-05,3.0414914363063872e-05
26,liver,liver,1,0.0,1.0,0.0,0.0,0.0,0.0,0.0,0.0,0.0,0.003545566229149699,0.9935909509658813,2.073683572234586e-05,0.0017727898666635156,0.000845087633933872,4.1985906136687845e-05,9.430878708371893e-05,4.000058470410295e-05,4.8591398808639497e-05
988,liver,liver,1,0.0,0.5,0.0,0.5,0.0,0.0,0.0,0.0,0.0,0.0004936878103762865,0.60589200258255,0.006611296441406012,0.3842680752277374,0.0013746313052251935,0.0003420556604396552,0.0005259697209112346,0.0002850240853149444,0.0002072765928460285
2354,lung_epithelium,lung_epithelium,1,1.0,0.0,0.0,0.0,0.0,0.0,0.0,0.0,0.0,0.9992475509643555,0.0003150886041112244,0.00027038974803872406,3.1835021218284965e-05,3.1266412406694144e-05,6.022480647516204e-06,8.767840881773736e-06,1.0034209481091239e-05,7.909350097179413e-05
2028,lung_epithelium,lung_epithelium,1,1.0,0.0,0.0,0.0,0.0,0.0,0.0,0.0,0.0,0.9994613528251648,7.720453868387267e-05,0.00025200797244906425,2.5398097932338715e-05,2.479993418091908e-05,2.902695632656105e-05,3.7432684621308e-05,3.595954331103712e-05,5.6798649893607944e-05
1990,lung_epithelium,lung_epithelium,1,1.0,0.0,0.0,0.0,0.0,0.0,0.0,0.0,0.0,0.9996684789657593,0.00012733165931422263,1.620857983652968e-05,6.166506500449032e-05,3.749417737708427e-05,1.4252101209422108e-05,2.115570350724738e-05,2.0003646568511613e-05,3.333265340188518e-05
813,liver,liver,1,0.0,1.0,0.0,0.0,0.0,0.0,0.0,0.0,0.0,0.02047652378678322,0.9762858152389526,0.0019726159516721964,0.00020821389625780284,0.0006207768456079066,0.00011652816465357319,0.0001750741939758882,0.00010856669541681185,3.592996290535666e-05
279,liver,liver,1,0.0,1.0,0.0,0.0,0.0,0.0,0.0,0.0,0.0,0.02687815949320793,0.9724571704864502,0.00022612459724768996,0.0002595702826511115,4.1096391214523464e-05,2.5832774554146454e-05,4.075146352988668e-05,4.909404378850013e-05,2.2089685444370843e-05
1985,lung_epithelium,lung_epithelium,1,1.0,0.0,0.0,0.0,0.0,0.0,0.0,0.0,0.0,0.9993880987167358,5.9243633586447686e-05,0.000380879791919142,2.4653923901496455e-05,3.1323877919930965e-05,2.42231380980229e-05,3.2419553463114426e-05,3.238343197153881e-05,2.679294084373396e-05
1501,lung_epithelium,lung_epithelium,1,1.0,0.0,0.0,0.0,0.0,0.0,0.0,0.0,0.0,0.9994807839393616,8.139618876157328e-05,0.0002456089132465422,2.2848738808534108e-05,2.882567059714347e-05,2.4360149836866185e-05,3.08404014504049e-05,2.8673503038589843e-05,5.672650513588451e-05
3264,bone_marrow,bone_marrow,1,0.0,0.0,0.0,0.0,1.0,0.0,0.0,0.0,0.0,0.0004917638725601137,0.0036090484354645014,0.00015921088925097138,0.00015517209249082953,0.9907800555229187,7.783895853208378e-05,6.996169395279139e-05,7.898727199062705e-05,0.004578055813908577
2284,lung_epithelium,lung_epithelium,1,1.0,0.0,0.0,0.0,0.0,0.0,0.0,0.0,0.0,0.9995957016944885,0.00016615475760772824,2.6364570658188313e-05,8.197707211365923e-05,2.23749375436455e-05,1.5119496310944669e-05,2.437061812088359e-05,2.4421175112365745e-05,4.3516356527106836e-05
1033,muscle,muscle,1,0.0,0.0,1.0,0.0,0.0,0.0,0.0,0.0,0.0,0.00019587822316680104,0.001538543147034943,0.998068630695343,7.556533819297329e-05,2.3352076823357493e-05,2.171734558942262e-05,2.767861951724626e-05,2.7378808226785623e-05,2.1194688088144176e-05
2683,lung_epithelium,lung_epithelium,1,1.0,0.0,0.0,0.0,0.0,0.0,0.0,0.0,0.0,0.9993588328361511,6.39495556242764e-05,0.0001890995481517166,3.390206256881356e-05,2.4705073883524165e-05,2.3159162083175033e-05,2.7136271455674432e-05,3.058628135477193e-05,0.00024859700351953506
1248,lung_epithelium,lung_epithelium,1,1.0,0.0,0.0,0.0,0.0,0.0,0.0,0.0,0.0,0.9996402263641357,0.0001807866501621902,2.490687074896414e-05,1.1704840289894491e-05,4.310898657422513e-05,1.296420941798715e-05,1.8159627870772965e-05,1.3933670743426774e-05,5.422301546786912e-05
2022,lung_epithelium,lung_epithelium,1,1.0,0.0,0.0,0.0,0.0,0.0,0.0,0.0,0.0,0.999774158000946,5.884817073820159e-05,4.90114362037275e-05,1.5934734619804658e-05,2.6882133170147426e-05,1.0151138667424675e-05,1.8782167899189517e-05,1.5713623724877834e-05,3.055773049709387e-05
1954,lung_epithelium,lung_epithelium,1,1.0,0.0,0.0,0.0,0.0,0.0,0.0,0.0,0.0,0.9993246793746948,7.678794645471498e-05,0.000385799357900396,2.4603647034382448e-05,2.9246322810649872e-05,2.3272124963114038e-05,2.8794163881684653e-05,3.327914600959048e-05,7.353870751103386e-05
2126,lung_epithelium,lung_epithelium,1,1.0,0.0,0.0,0.0,0.0,0.0,0.0,0.0,0.0,0.9994075298309326,5.6590350141050294e-05,0.0001980441011255607,2.711997331061866e-05,2.3810629500076175e-05,2.6032912501250394e-05,3.1163323001237586e-05,3.3867359888972715e-05,0.00019590974261518568
2696,lung_epithelium,lung_epithelium,1,1.0,0.0,0.0,0.0,0.0,0.0,0.0,0.0,0.0,0.9993199110031128,0.000174811648321338,4.490831997827627e-05,1.3165464224584866e-05,4.3657924834406e-05,1.5501631423830986e-05,1.922626506711822e-05,2.0130033590248786e-05,0.0003487581270746887
1669,lung_epithelium,lung_epithelium,1,1.0,0.0,0.0,0.0,0.0,0.0,0.0,0.0,0.0,0.9992289543151855,5.481465996126644e-05,0.0005331970751285553,2.8420419766916893e-05,3.369589103385806e-05,2.4907665647333488e-05,3.490953895379789e-05,3.670216028694995e-05,2.4440611014142632e-05
890,liver,liver,1,0.0,0.5,0.0,0.5,0.0,0.0,0.0,0.0,0.0,0.0012667858973145485,0.5326790809631348,0.0009346602600999177,0.4625430405139923,0.001993286656215787,9.921476885210723e-05,0.00010955431207548827,0.00010742509766714647,0.0002669941168278456
239,liver,liver,1,0.0,1.0,0.0,0.0,0.0,0.0,0.0,0.0,0.0,0.1728711724281311,0.825387179851532,0.0003931947285309434,0.000652690592687577,4.5486714952858165e-05,7.163541158661246e-05,0.00010596784704830498,0.00014560647832695395,0.00032711727544665337
1671,lung_epithelium,lung_epithelium,1,1.0,0.0,0.0,0.0,0.0,0.0,0.0,0.0,0.0,0.9995368719100952,3.215845936210826e-05,0.00021440208365675062,2.1337575162760913e-05,3.030376865353901e-05,2.383024911978282e-05,2.9947319490020163e-05,3.1102445063879713e-05,8.005350537132472e-05
1222,lung_epithelium,lung_epithelium,1,1.0,0.0,0.0,0.0,0.0,0.0,0.0,0.0,0.0,0.9993595480918884,5.748555850004777e-05,0.00040611583972349763,2.6639381758286618e-05,3.534870847943239e-05,2.3576325475005433e-05,3.360510527272709e-05,3.3998152503045276e-05,2.3673883333685808e-05
1431,lung_epithelium,lung_epithelium,1,1.0,0.0,0.0,0.0,0.0,0.0,0.0,0.0,0.0,0.9994754195213318,4.141980753047392e-05,0.0001890316343633458,1.9102846636087634e-05,2.7488429623190314e-05,2.7530613806447946e-05,3.4574557503219694e-05,3.467378337518312e-05,0.0001507140405010432
409,liver,liver,1,0.0,1.0,0.0,0.0,0.0,0.0,0.0,0.0,0.0,0.01679711788892746,0.9827019572257996,6.694519834127277e-05,0.00024082661548163742,4.45044097432401e-05,2.917181518569123e-05,3.917725189239718e-05,5.012194742448628e-05,3.0136403438518755e-05
1650,lung_epithelium,lung_epithelium,1,1.0,0.0,0.0,0.0,0.0,0.0,0.0,0.0,0.0,0.9997496008872986,5.7512548664817587e-05,9.2298723757267e-05,1.1623676982708275e-05,3.113040293101221e-05,1.0146128261112608e-05,1.6645974028506316e-05,1.5272595192072913e-05,1.5807927411515266e-05
477,liver,liver,1,0.0,1.0,0.0,0.0,0.0,0.0,0.0,0.0,0.0,0.06347258388996124,0.9356194734573364,0.00036416813964024186,0.0003167371323797852,5.202571992413141e-05,2.9225198886706494e-05,5.436998253571801e-05,6.174525333335623e-05,2.9688486392842606e-05
2322,lung_epithelium,lung_epithelium,1,1.0,0.0,0.0,0.0,0.0,0.0,0.0,0.0,0.0,0.9996675252914429,9.225463145412505e-05,8.792887820163742e-05,2.519115514587611e-05,1.9830002202070318e-05,1.0707701221690513e-05,1.506444823462516e-05,1.7869850125862285e-05,6.378728721756488e-05
3088,muscle,muscle,1,0.0,0.0,1.0,0.0,0.0,0.0,0.0,0.0,0.0,9.519122977508232e-05,0.0009696494089439511,0.9986960291862488,6.147918611532077e-05,2.1415340597741306e-05,2.7921149012399837e-05,2.750064777501393e-05,3.08485577988904e-05,6.994623981881887e-05
695,muscle,muscle,1,0.0,0.0,1.0,0.0,0.0,0.0,0.0,0.0,0.0,7.003585778875276e-05,9.081776806851849e-05,0.9996627569198608,1.3913151633460075e-05,5.540894562727772e-05,1.9246017473051324e-05,1.7857497368822806e-05,2.4941278752521612e-05,4.5009834138909355e-05
2211,lung_epithelium,lung_epithelium,1,1.0,0.0,0.0,0.0,0.0,0.0,0.0,0.0,0.0,0.9997190833091736,7.994563929969445e-05,6.161117198644206e-05,1.7366348401992582e-05,1.8108468793798238e-05,1.1787046787503641e-05,2.216234315710608e-05,1.868778417701833e-05,5.121593130752444e-05
2282,lung_epithelium,lung_epithelium,1,1.0,0.0,0.0,0.0,0.0,0.0,0.0,0.0,0.0,0.9996503591537476,0.00012728893489111215,3.369685873622075e-05,7.6689560955856e-05,2.5262177587137558e-05,1.41734044518671e-05,2.294580190209672e-05,2.391847738181241e-05,2.568129639257677e-05
230,liver,liver,1,0.0,1.0,0.0,0.0,0.0,0.0,0.0,0.0,0.0,0.08724908530712128,0.9111183881759644,0.00048079644329845905,0.0008416468044742942,3.0348330255947076e-05,4.388242814457044e-05,7.897104660514742e-05,9.300574311055243e-05,6.383504660334438e-05
2091,lung_epithelium,lung_epithelium,1,1.0,0.0,0.0,0.0,0.0,0.0,0.0,0.0,0.0,0.9994953870773315,5.92075775784906e-05,0.00026966253062710166,1.9021348634851165e-05,2.910031435021665e-05,2.4319095246028155e-05,3.262069003540091e-05,3.060519520659e-05,3.9995386032387614e-05
2501,lung_epithelium,lung_epithelium,1,1.0,0.0,0.0,0.0,0.0,0.0,0.0,0.0,0.0,0.9522857666015625,0.03480874001979828,0.0003545288636814803,0.00020282807236071676,7.514307799283415e-05,6.68662105454132e-05,7.770238880766556e-05,7.384613127214834e-05,0.012054585851728916
92,liver,liver,1,0.0,1.0,0.0,0.0,0.0,0.0,0.0,0.0,0.0,0.0068484824150800705,0.9707857370376587,0.006584431976079941,0.015145297162234783,0.0003426805487833917,6.064052286092192e-05,9.912921086652204e-05,9.103247430175543e-05,4.2596333514666185e-05
358,liver,liver,1,0.0,1.0,0.0,0.0,0.0,0.0,0.0,0.0,0.0,0.20920135080814362,0.7890167236328125,0.0011794051388278604,0.00023790160776115954,6.478462455561385e-05,5.231898830970749e-05,8.965336746769026e-05,0.00011151139187859371,4.6338001993717626e-05
777,muscle,muscle,1,0.0,0.0,1.0,0.0,0.0,0.0,0.0,0.0,0.0,7.859471952542663e-05,9.845189924817532e-05,0.999645471572876,1.3968549865239765e-05,5.9679940022761e-05,1.8079663277603686e-05,1.696470098977443e-05,2.365454383834731e-05,4.507405174081214e-05
2889,liver,liver,1,0.0,0.20000000298023224,0.0,0.20000000298023224,0.0,0.20000000298023224,0.20000000298023224,0.20000000298023224,0.0,0.2343740165233612,0.5802059769630432,0.019820867106318474,0.04892905801534653,0.00010878819739446044,0.031885821372270584,0.03830307349562645,0.046155430376529694,0.00021697640477214009
2175,lung_epithelium,lung_epithelium,1,1.0,0.0,0.0,0.0,0.0,0.0,0.0,0.0,0.0,0.9994720816612244,0.0001740194857120514,6.59321594866924e-05,2.4878445401554927e-05,1.4770848792977631e-05,1.7556632883497514e-05,2.813424725900404e-05,2.504424446669873e-05,0.00017756786837708205
2151,lung_epithelium,lung_epithelium,1,1.0,0.0,0.0,0.0,0.0,0.0,0.0,0.0,0.0,0.9994695782661438,3.7514360883506015e-05,0.00029288820223882794,2.9957642254885286e-05,2.5714658477227204e-05,2.0909577870042995e-05,2.797797424136661e-05,3.159655898343772e-05,6.387576286215335e-05
776,muscle,muscle,1,0.0,0.0,1.0,0.0,0.0,0.0,0.0,0.0,0.0,7.273961091414094e-05,0.00011780272325268015,0.9996262788772583,1.6693675206624903e-05,6.811490311520174e-05,1.9393944967305288e-05,1.7189753634738736e-05,2.313871300430037e-05,3.857399133266881e-05
621,muscle,muscle,1,0.0,0.0,1.0,0.0,0.0,0.0,0.0,0.0,0.0,0.00021529819059651345,0.0002613285032566637,0.9993476271629333,2.4946450139395893e-05,4.763200195156969e-05,1.823339880502317e-05,1.964561852219049e-05,2.812272396113258e-05,3.713721889653243e-05
1511,lung_epithelium,lung_epithelium,1,1.0,0.0,0.0,0.0,0.0,0.0,0.0,0.0,0.0,0.9992800354957581,6.437098636524752e-05,0.0004844801442231983,2.4415230654994957e-05,3.39302459906321e-05,2.1812056729686446e-05,2.8049173124600202e-05,3.040605952264741e-05,3.236001430195756e-05
42,liver,liver,1,0.0,1.0,0.0,0.0,0.0,0.0,0.0,0.0,0.0,0.0029666961636394262,0.8532934188842773,8.84068213053979e-05,0.14055006206035614,0.0027546824421733618,7.0036796387285e-05,0.00010667570313671604,8.970701310317963e-05,8.030264143599197e-05
2319,lung_epithelium,lung_epithelium,1,1.0,0.0,0.0,0.0,0.0,0.0,0.0,0.0,0.0,0.9992807507514954,0.0002687936066649854,7.119931251509115e-05,2.29537945415359e-05,2.1113321054144762e-05,1.6150333976838738e-05,2.2435589926317334e-05,2.1215026208665222e-05,0.0002754359447862953
2136,lung_epithelium,lung_epithelium,1,1.0,0.0,0.0,0.0,0.0,0.0,0.0,0.0,0.0,0.9996721744537354,7.723187445662916e-05,0.00010931627912214026,2.8361017029965296e-05,1.366819105896866e-05,1.1168766832270194e-05,1.910316314024385e-05,2.033998134720605e-05,4.8679903557058424e-05
2464,lung_epithelium,lung_epithelium,1,1.0,0.0,0.0,0.0,0.0,0.0,0.0,0.0,0.0,0.9993114471435547,4.963446917827241e-05,0.00040360065759159625,3.807214670814574e-05,2.738520379352849e-05,2.2405894924304448e-05,3.0255818273872137e-05,3.823764200205915e-05,7.897501927800477e-05
1071,muscle,muscle,1,0.0,0.0,1.0,0.0,0.0,0.0,0.0,0.0,0.0,0.010274950414896011,0.0008638380095362663,0.9876354336738586,0.0001436676102457568,0.0009185077506117523,3.398488843231462e-05,3.5543780541047454e-05,4.782213727594353e-05,4.6224824473029e-05
2897,liver,liver,1,0.0,0.20000000298023224,0.0,0.20000000298023224,0.0,0.20000000298023224,0.20000000298023224,0.20000000298023224,0.0,0.1114574521780014,0.6783676743507385,0.045074112713336945,0.06293515115976334,0.00012795616930816323,0.027350643649697304,0.03205520659685135,0.042489178478717804,0.00014255495625548065
2878,lung_epithelium,lung_epithelium,1,1.0,0.0,0.0,0.0,0.0,0.0,0.0,0.0,0.0,0.9990668892860413,0.0001125089474953711,0.0006498066941276193,3.5883662349078804e-05,3.341680348967202e-05,1.956069354491774e-05,2.5816570996539667e-05,2.8005293643218465e-05,2.8150505386292934e-05
1938,lung_epithelium,lung_epithelium,1,1.0,0.0,0.0,0.0,0.0,0.0,0.0,0.0,0.0,0.9990682005882263,0.0002364348474657163,6.264518015086651e-05,3.294404086773284e-05,2.5502864446025342e-05,1.9685352526721545e-05,2.5011002435348928e-05,3.0818500817986205e-05,0.0004987866850569844
357,liver,liver,1,0.0,1.0,0.0,0.0,0.0,0.0,0.0,0.0,0.0,0.16686557233333588,0.8310062289237976,0.0007745806942693889,0.0010026677045971155,6.53463284834288e-05,4.7742287279106677e-05,8.218221046263352e-05,0.00010231594933429733,5.342025542631745e-05
1612,lung_epithelium,lung_epithelium,1,1.0,0.0,0.0,0.0,0.0,0.0,0.0,0.0,0.0,0.9997677206993103,4.01616380258929e-05,4.53240645583719e-05,1.4823162018728908e-05,2.7145819331053644e-05,1.2089467418263666e-05,2.0133793441345915e-05,1.8624001313582994e-05,5.403128307079896e-05
385,liver,liver,1,0.0,1.0,0.0,0.0,0.0,0.0,0.0,0.0,0.0,0.06851623952388763,0.9289500117301941,0.0005895148497074842,0.001630989252589643,4.482676013140008e-05,4.607283335644752e-05,7.977512723300606e-05,9.254129690816626e-05,4.9989270337391645e-05
2338,lung_epithelium,lung_epithelium,1,1.0,0.0,0.0,0.0,0.0,0.0,0.0,0.0,0.0,0.9988898634910583,0.000139964948175475,0.000770908547565341,3.922339601558633e-05,2.8717451641568914e-05,2.138710260624066e-05,2.754305023699999e-05,3.181018473696895e-05,5.059539762442e-05
2724,lung_epithelium,lung_epithelium,1,1.0,0.0,0.0,0.0,0.0,0.0,0.0,0.0,0.0,0.9982792139053345,0.00023914080520626158,0.0011305621592327952,0.0001546396524645388,6.422377191483974e-05,1.3059328921372071e-05,2.0838160708080977e-05,2.8822334570577368e-05,6.948757072677836e-05
3167,bone_marrow,bone_marrow,1,0.0,0.0,0.0,0.0,1.0,0.0,0.0,0.0,0.0,0.00020403147209435701,0.04030222073197365,0.0002025649737333879,0.01501137763261795,0.9421854615211487,0.00010064445086754858,0.00011056034418288618,8.388125570490956e-05,0.0017992730718106031
0,liver,liver,1,0.0,1.0,0.0,0.0,0.0,0.0,0.0,0.0,0.0,0.0024196526501327753,0.8809669613838196,0.00021250393183436245,0.11163942515850067,0.0018637393368408084,8.750752749620005e-05,7.846226799301803e-05,7.38935123081319e-05,0.0026579261757433414
1868,lung_epithelium,lung_epithelium,1,1.0,0.0,0.0,0.0,0.0,0.0,0.0,0.0,0.0,0.9996293783187866,6.056423808331601e-05,0.00011999487469438463,4.614431964000687e-05,3.9557580748805776e-05,1.3930240129411686e-05,3.0824230634607375e-05,3.339154500281438e-05,2.6061052267323248e-05
2134,lung_epithelium,lung_epithelium,1,1.0,0.0,0.0,0.0,0.0,0.0,0.0,0.0,0.0,0.9993802309036255,3.834752715192735e-05,0.00037820666329935193,3.554364593583159e-05,2.6482477551326156e-05,2.3133943614084274e-05,3.3654006983852014e-05,3.9827500586397946e-05,4.4550102757057175e-05
1436,lung_epithelium,lung_epithelium,1,1.0,0.0,0.0,0.0,0.0,0.0,0.0,0.0,0.0,0.9996740818023682,0.00011611648369580507,2.905080509663094e-05,5.66279049962759e-05,2.3520944523625076e-05,1.4671660210296977e-05,2.3231181330629624e-05,2.417478935967665e-05,3.8542188121937215e-05
1560,lung_epithelium,lung_epithelium,1,1.0,0.0,0.0,0.0,0.0,0.0,0.0,0.0,0.0,0.9997392296791077,7.461709901690483e-05,4.036230529891327e-05,1.657407483435236e-05,1.8259794160258025e-05,1.1390857252990827e-05,2.1602241758955643e-05,1.7256923456443474e-05,6.064134868211113e-05
2631,lung_epithelium,lung_epithelium,1,1.0,0.0,0.0,0.0,0.0,0.0,0.0,0.0,0.0,0.9991883635520935,0.0003078027511946857,7.970052683958784e-05,2.1923691747360863e-05,2.7276484615867957e-05,1.480652190366527e-05,2.006760405492969e-05,1.896814319479745e-05,0.0003210596041753888
1383,lung_epithelium,lung_epithelium,1,1.0,0.0,0.0,0.0,0.0,0.0,0.0,0.0,0.0,0.9994757771492004,4.13632151321508e-05,0.00015905909822322428,1.899947164929472e-05,3.061571987927891e-05,2.599868821562268e-05,3.0040024284971878e-05,3.1841900636209175e-05,0.00018639072368387133
2721,lung_epithelium,lung_epithelium,1,1.0,0.0,0.0,0.0,0.0,0.0,0.0,0.0,0.0,0.9509328007698059,0.03274167329072952,0.00011397455091355368,0.015639694407582283,0.00016931656864471734,4.934394746669568e-05,6.391278293449432e-05,7.770173397148028e-05,0.0002115554962074384
900,liver,liver,1,0.0,0.5,0.0,0.5,0.0,0.0,0.0,0.0,0.0,0.000987666891887784,0.6505861282348633,0.0010854502907022834,0.346285879611969,0.00042327679693698883,0.00015744520351290703,0.0001703462185105309,0.00016843725461512804,0.0001353515253867954
1188,lung_epithelium,lung_epithelium,1,1.0,0.0,0.0,0.0,0.0,0.0,0.0,0.0,0.0,0.9994544386863708,3.2536525395698845e-05,0.0003126926312688738,2.70390428340761e-05,3.0215307560865767e-05,2.634621887409594e-05,3.455678961472586e-05,3.9545750041725114e-05,4.255347448633984e-05
2507,lung_epithelium,lung_epithelium,1,1.0,0.0,0.0,0.0,0.0,0.0,0.0,0.0,0.0,0.9988093376159668,0.00031118825427256525,0.0005400250665843487,3.849404674838297e-05,3.022242344741244e-05,2.8666076104855165e-05,3.3317886845907196e-05,3.5422428481979296e-05,0.00017341571219731122
348,liver,liver,1,0.0,1.0,0.0,0.0,0.0,0.0,0.0,0.0,0.0,0.060471560806035995,0.9380030035972595,0.0005483698332682252,0.0007452244753949344,5.296508243191056e-05,3.10117429762613e-05,5.6210148613899946e-05,6.090653550927527e-05,3.0789167794864625e-05
2171,lung_epithelium,lung_epithelium,1,1.0,0.0,0.0,0.0,0.0,0.0,0.0,0.0,0.0,0.9991822838783264,4.484248347580433e-05,0.0005664841155521572,1.834199247241486e-05,6.748262967448682e-05,2.3608905394212343e-05,3.423272573854774e-05,3.823532460955903e-05,2.4388806195929646e-05
303,liver,liver,1,0.0,1.0,0.0,0.0,0.0,0.0,0.0,0.0,0.0,0.0575941801071167,0.9412134289741516,0.00022062129573896527,0.0006875810795463622,5.220507227932103e-05,3.5422290238784626e-05,5.717181193176657e-05,7.543872925452888e-05,6.394078809535131e-05
65,liver,liver,1,0.0,1.0,0.0,0.0,0.0,0.0,0.0,0.0,0.0,0.008121460676193237,0.8207889795303345,0.0001416186278220266,0.16979631781578064,0.0002096039679599926,0.00012824521400034428,0.00013612369366455823,0.000161017756909132,0.0005165601032786071
3217,bone_marrow,liver,0,0.0,0.0,0.0,0.0,1.0,0.0,0.0,0.0,0.0,0.00023387777036987245,0.6218659281730652,0.0030308912973850965,0.22888527810573578,0.1435370296239853,0.00025153823662549257,0.0003022223536390811,0.00021726085105910897,0.0016760262660682201
2355,lung_epithelium,lung_epithelium,1,1.0,0.0,0.0,0.0,0.0,0.0,0.0,0.0,0.0,0.9992644190788269,0.00017436056805308908,0.00038176975795067847,3.413112790440209e-05,3.9822047256166115e-05,6.5760204961407e-06,1.0165682397200726e-05,1.239033281308366e-05,7.642607670277357e-05
2486,lung_epithelium,lung_epithelium,1,1.0,0.0,0.0,0.0,0.0,0.0,0.0,0.0,0.0,0.9993113279342651,4.957651617587544e-05,0.00043251545866951346,3.494562770356424e-05,2.978370503115002e-05,2.1249490600894205e-05,2.9324353818083182e-05,3.698573345900513e-05,5.430508826975711e-05
864,liver,liver,1,0.0,0.5,0.0,0.5,0.0,0.0,0.0,0.0,0.0,0.00217061978764832,0.5495980978012085,0.0005559341516345739,0.4465998709201813,0.0004887926043011248,0.0001375619031023234,0.00017103976279031485,0.00015926732157822698,0.00011880626698257402
3256,bone_marrow,bone_marrow,1,0.0,0.0,0.0,0.0,1.0,0.0,0.0,0.0,0.0,0.00031282080453820527,0.12389344722032547,0.008454547263681889,0.04896613582968712,0.5828385949134827,0.0004530294390860945,0.0003499469894450158,0.00030647145467810333,0.23442500829696655
2279,lung_epithelium,lung_epithelium,1,1.0,0.0,0.0,0.0,0.0,0.0,0.0,0.0,0.0,0.9994730353355408,0.0003362676652614027,2.3488779334002174e-05,4.722661469713785e-05,4.5580196456285194e-05,1.4534042747982312e-05,2.4822349587338977e-05,2.1689993445761502e-05,1.3369457519729622e-05
1769,lung_epithelium,lung_epithelium,1,1.0,0.0,0.0,0.0,0.0,0.0,0.0,0.0,0.0,0.9997460246086121,9.423134906683117e-05,3.340923649375327e-05,1.630358565307688e-05,2.4005734303500503e-05,1.0305555406375788e-05,2.054696415143553e-05,1.4865820958220866e-05,4.027414615848102e-05
2079,lung_epithelium,lung_epithelium,1,1.0,0.0,0.0,0.0,0.0,0.0,0.0,0.0,0.0,0.999626636505127,0.0001289275096496567,2.2151378288981505e-05,1.6844454876263626e-05,2.1854568331036717e-05,1.5826075468794443e-05,2.7564785341382958e-05,1.9635515855043195e-05,0.00012063479516655207
736,muscle,muscle,1,0.0,0.0,1.0,0.0,0.0,0.0,0.0,0.0,0.0,0.00010628603195073083,0.00011694040586007759,0.9995902180671692,1.3719959497393575e-05,6.615367601625621e-05,1.7950569599634036e-05,1.732484088279307e-05,2.505275006114971e-05,4.647005334845744e-05
410,liver,liver,1,0.0,1.0,0.0,0.0,0.0,0.0,0.0,0.0,0.0,0.152556911110878,0.8415991067886353,0.004734209273010492,0.0006967901717871428,0.00015734569751657546,4.178472954663448e-05,8.62989472807385e-05,8.868007716955617e-05,3.890391599270515e-05
1447,lung_epithelium,lung_epithelium,1,1.0,0.0,0.0,0.0,0.0,0.0,0.0,0.0,0.0,0.9997342228889465,5.294323273119517e-05,8.227706712204963e-05,1.9067780158366077e-05,1.7568760085850954e-05,1.1814549907285254e-05,2.068475805572234e-05,1.9879118553944863e-05,4.158757292316295e-05
831,liver,liver,1,0.0,0.5,0.0,0.5,0.0,0.0,0.0,0.0,0.0,0.007113635540008545,0.5925576686859131,0.0004846014780923724,0.39884135127067566,0.000346853252267465,0.00015050462388899177,0.0001785458589438349,0.00018154237477574497,0.00014530509361065924
315,liver,liver,1,0.0,1.0,0.0,0.0,0.0,0.0,0.0,0.0,0.0,0.1870587170124054,0.8113625049591064,0.0003040574083570391,0.000852433848194778,5.25641517015174e-05,5.5936478020157665e-05,9.390808554599062e-05,0.00011952158820349723,0.00010040681809186935
2422,lung_epithelium,lung_epithelium,1,1.0,0.0,0.0,0.0,0.0,0.0,0.0,0.0,0.0,0.9985923171043396,0.00013667595339938998,0.0010443840874359012,4.627585076377727e-05,3.1910836696624756e-05,3.055119304917753e-05,4.4214371882844716e-05,5.043404598836787e-05,2.317839789611753e-05
1202,lung_epithelium,lung_epithelium,1,1.0,0.0,0.0,0.0,0.0,0.0,0.0,0.0,0.0,0.9994767308235168,3.167250906699337e-05,0.00030216167215257883,2.4008952095755376e-05,3.152487624902278e-05,2.4472612494719215e-05,3.2133837521541864e-05,3.6552479286910966e-05,4.063414962729439e-05
3096,muscle,muscle,1,0.0,0.0,1.0,0.0,0.0,0.0,0.0,0.0,0.0,0.00020039411901962012,0.0013939517084509134,0.9981420040130615,5.6980392400873825e-05,1.9476776287774555e-05,2.861800567188766e-05,2.8927552193636075e-05,3.221422230126336e-05,9.750999015523121e-05
1472,lung_epithelium,lung_epithelium,1,1.0,0.0,0.0,0.0,0.0,0.0,0.0,0.0,0.0,0.9993085861206055,3.7408935895655304e-05,0.0004641867708414793,2.823414070007857e-05,3.741946420632303e-05,2.3785554731148295e-05,3.272161120548844e-05,3.792534698732197e-05,2.9771750632789917e-05
647,muscle,muscle,1,0.0,0.0,1.0,0.0,0.0,0.0,0.0,0.0,0.0,0.00018902365991380066,0.00025276700034737587,0.9993570446968079,2.5755545721040107e-05,7.740504224784672e-05,1.825095205276739e-05,1.8068121789838187e-05,2.3304282876779325e-05,3.829434353974648e-05
2358,lung_epithelium,lung_epithelium,1,1.0,0.0,0.0,0.0,0.0,0.0,0.0,0.0,0.0,0.9990851879119873,5.4505297157447785e-05,0.0006570290424861014,3.822989310720004e-05,4.238153633195907e-05,1.8122324036085047e-05,2.661010694282595e-05,3.18899801641237e-05,4.5937074901303276e-05
415,liver,liver,1,0.0,1.0,0.0,0.0,0.0,0.0,0.0,0.0,0.0,0.05828007683157921,0.9401475191116333,0.0003046010679099709,0.0009836910758167505,4.2126506741624326e-05,4.171787077211775e-05,6.951497198315337e-05,8.451918256469071e-05,4.629388058674522e-05
2646,lung_epithelium,lung_epithelium,1,1.0,0.0,0.0,0.0,0.0,0.0,0.0,0.0,0.0,0.999535083770752,0.00010954985918942839,0.00024557681172154844,1.4737138371856418e-05,3.8293936086120084e-05,1.1770565834012814e-05,1.9036675439565443e-05,1.7460408344049938e-05,8.57859595271293e-06
2742,lung_epithelium,lung_epithelium,1,1.0,0.0,0.0,0.0,0.0,0.0,0.0,0.0,0.0,0.998889148235321,0.00013386321370489895,0.0006121002952568233,0.00010796559217851609,9.875735850073397e-05,1.2592716302606277e-05,2.1999672753736377e-05,2.9964925488457084e-05,9.3669026682619e-05
170,liver,liver,1,0.0,1.0,0.0,0.0,0.0,0.0,0.0,0.0,0.0,0.04521622508764267,0.9533665180206299,0.0004844552022404969,0.0007081173826009035,3.321866461192258e-05,3.352080238983035e-05,6.01311658101622e-05,6.644446693826467e-05,3.145320079056546e-05
1697,lung_epithelium,lung_epithelium,1,1.0,0.0,0.0,0.0,0.0,0.0,0.0,0.0,0.0,0.9994538426399231,3.641053262981586e-05,0.00032173871295526624,2.7106258130515926e-05,2.5660359824541956e-05,2.256357402075082e-05,3.1307990866480395e-05,3.19984283123631e-05,4.9443387979408726e-05
943,liver,liver,1,0.0,0.5,0.0,0.5,0.0,0.0,0.0,0.0,0.0,0.000295738922432065,0.6002556681632996,0.0010061467764899135,0.3957226276397705,0.0018851604545488954,0.0001362100156256929,0.0001510536967543885,0.0001266137114726007,0.00042075931560248137
607,muscle,muscle,1,0.0,0.0,1.0,0.0,0.0,0.0,0.0,0.0,0.0,8.054719364736229e-05,0.0001203386127599515,0.9996393918991089,1.6858106391737238e-05,4.9948015657719225e-05,1.9735247406060807e-05,1.7659478544373997e-05,2.426650644338224e-05,3.117545566055924e-05
1639,lung_epithelium,lung_epithelium,1,1.0,0.0,0.0,0.0,0.0,0.0,0.0,0.0,0.0,0.9995799660682678,8.252399129560217e-05,0.00020192298688925803,2.1036383259342983e-05,3.4605753171490505e-05,1.7045629647327587e-05,2.399087679805234e-05,2.3222328309202567e-05,1.5751646060380153e-05
1872,lung_epithelium,lung_epithelium,1,1.0,0.0,0.0,0.0,0.0,0.0,0.0,0.0,0.0,0.999714195728302,4.66338315163739e-05,0.00012478872667998075,1.8990020180353895e-05,1.8994402125827037e-05,1.0460564226377755e-05,1.8397333406028338e-05,1.8458880731486715e-05,2.9236301998025738e-05
382,liver,liver,1,0.0,1.0,0.0,0.0,0.0,0.0,0.0,0.0,0.0,0.07889140397310257,0.9196444749832153,0.000530342455022037,0.000671511166729033,4.487544720177539e-05,3.654925967566669e-05,6.679072976112366e-05,7.76217202655971e-05,3.646472760010511e-05
2555,lung_epithelium,lung_epithelium,1,1.0,0.0,0.0,0.0,0.0,0.0,0.0,0.0,0.0,0.9980077147483826,0.0009117209701798856,0.00010499303607502952,3.4736734960461035e-05,1.4998729966464452e-05,2.1579106032731943e-05,2.9685394110856578e-05,3.387906326679513e-05,0.0008408223511651158
2017,lung_epithelium,lung_epithelium,1,1.0,0.0,0.0,0.0,0.0,0.0,0.0,0.0,0.0,0.9997221827507019,9.007565677165985e-05,2.4016129827941768e-05,1.4272371117840521e-05,3.3304640965070575e-05,1.2494374459492974e-05,2.1269626813591458e-05,1.5664300008211285e-05,6.675468466710299e-05
2181,lung_epithelium,lung_epithelium,1,1.0,0.0,0.0,0.0,0.0,0.0,0.0,0.0,0.0,0.9996059536933899,0.00011019231169484556,9.238399070454761e-05,2.947579196188599e-05,1.2644851267396007e-05,1.4178438505041413e-05,2.1560588720603846e-05,2.3507613150286488e-05,9.01655585039407e-05
1189,lung_epithelium,lung_epithelium,1,1.0,0.0,0.0,0.0,0.0,0.0,0.0,0.0,0.0,0.999546468257904,4.631162664736621e-05,0.00020687039068434387,1.908588455989957e-05,2.9448669010889716e-05,2.5116409233305603e-05,3.109174213022925e-05,3.055426714126952e-05,6.50884467177093e-05
1149,lung_epithelium,lung_epithelium,1,1.0,0.0,0.0,0.0,0.0,0.0,0.0,0.0,0.0,0.9948386549949646,0.004263940267264843,0.0006182325887493789,6.385811138898134e-05,1.6235104340012185e-05,3.252781243645586e-05,4.0030387026490644e-05,4.245769378030673e-05,8.399948274018243e-05
2952,ear,ear,1,0.0,0.0,0.0,0.0,0.0,0.0,0.0,0.0,1.0,0.0029321101028472185,0.0010528943967074156,3.439252759562805e-05,8.840818918542936e-05,6.521055911434814e-05,0.00011595585965551436,0.00010726761684054509,0.0001398339809384197,0.9954639077186584
2158,lung_epithelium,lung_epithelium,1,1.0,0.0,0.0,0.0,0.0,0.0,0.0,0.0,0.0,0.9994552731513977,8.49600401124917e-05,0.0002757545153144747,2.2464580979431048e-05,2.7331168894306757e-05,2.2604979676543735e-05,2.9348388125072233e-05,2.7622632842394523e-05,5.4735912272008136e-05
2112,lung_epithelium,lung_epithelium,1,1.0,0.0,0.0,0.0,0.0,0.0,0.0,0.0,0.0,0.9993507266044617,9.21546234167181e-05,0.00036332220770418644,2.535596286179498e-05,3.0110119041637518e-05,2.3172917281044647e-05,2.854757258319296e-05,2.961820973723661e-05,5.689514000550844e-05
2375,lung_epithelium,lung_epithelium,1,1.0,0.0,0.0,0.0,0.0,0.0,0.0,0.0,0.0,0.9990221261978149,0.0002838670916389674,5.842206519446336e-05,6.458321149693802e-05,1.4445850865740795e-05,1.967844036698807e-05,3.016608206962701e-05,3.28042333421763e-05,0.0004738715651910752
2835,lung_epithelium,lung_epithelium,1,1.0,0.0,0.0,0.0,0.0,0.0,0.0,0.0,0.0,0.9990660548210144,0.00010196299263043329,0.0006417165277525783,3.7338522815844044e-05,2.7190326363779604e-05,2.3521035473095253e-05,3.150002521579154e-05,3.425588147365488e-05,3.645977267296985e-05
1283,lung_epithelium,lung_epithelium,1,1.0,0.0,0.0,0.0,0.0,0.0,0.0,0.0,0.0,0.9995379447937012,6.306416617007926e-05,0.0002468353195581585,1.5285460904124193e-05,3.9460373955080286e-05,2.0391513317008503e-05,2.5610932425479405e-05,2.4799423044896685e-05,2.657343793543987e-05
3230,bone_marrow,bone_marrow,1,0.0,0.0,0.0,0.0,1.0,0.0,0.0,0.0,0.0,0.0006378921098075807,0.0003251394664403051,0.0001243917504325509,9.647147817304358e-05,0.981270432472229,0.00012728541332762688,9.539039456285536e-05,0.00012836387031711638,0.01719464547932148
2959,liver,liver,1,0.0,1.0,0.0,0.0,0.0,0.0,0.0,0.0,0.0,0.0027302338276058435,0.7537213563919067,0.22066707909107208,0.017294077202677727,3.872490196954459e-05,0.0016020525945350528,0.0017390878638252616,0.0015576088335365057,0.0006498118746094406
1469,lung_epithelium,lung_epithelium,1,1.0,0.0,0.0,0.0,0.0,0.0,0.0,0.0,0.0,0.9993643164634705,3.1754261726746336e-05,0.00041132920887321234,2.567409501352813e-05,3.632074731285684e-05,2.32572292588884e-05,3.184475644957274e-05,3.798208126681857e-05,3.7536821764661e-05
240,liver,liver,1,0.0,1.0,0.0,0.0,0.0,0.0,0.0,0.0,0.0,0.08135704696178436,0.9164227843284607,9.356621012557298e-05,0.0005591349909082055,3.4141106880269945e-05,0.0001538825745228678,0.0002134488895535469,0.00026049924781545997,0.000905462249647826
118,lung_epithelium,lung_epithelium,1,1.0,0.0,0.0,0.0,0.0,0.0,0.0,0.0,0.0,0.9863542914390564,0.0004835049039684236,0.012709002010524273,6.344635767163709e-05,6.688087160000578e-05,6.176415627123788e-05,8.580814755987376e-05,0.00013302866136655211,4.22458142566029e-05
3205,bone_marrow,bone_marrow,1,0.0,0.0,0.0,0.0,1.0,0.0,0.0,0.0,0.0,0.001422200701199472,0.04147111624479294,0.00011014840129064396,0.01965322159230709,0.9362253546714783,8.576844265917316e-05,9.823474829318002e-05,7.976327469805256e-05,0.0008542620926164091
1546,lung_epithelium,lung_epithelium,1,1.0,0.0,0.0,0.0,0.0,0.0,0.0,0.0,0.0,0.9997051358222961,6.118503370089456e-05,0.00010880058107431978,2.167310958611779e-05,1.664209230511915e-05,1.0794569789140951e-05,1.794636955310125e-05,1.8626458768267184e-05,3.9039809053065255e-05
2553,lung_epithelium,lung_epithelium,1,1.0,0.0,0.0,0.0,0.0,0.0,0.0,0.0,0.0,0.9992644190788269,5.44935573998373e-05,0.00040438800351694226,2.6096293368027546e-05,2.4445394956273958e-05,2.4789564122329466e-05,3.429393836995587e-05,4.1861942008836195e-05,0.0001251997600775212
2170,lung_epithelium,lung_epithelium,1,1.0,0.0,0.0,0.0,0.0,0.0,0.0,0.0,0.0,0.9994755387306213,0.0002213488332927227,0.0001458251354051754,8.609876203991007e-06,8.757125760894269e-05,9.740724635776132e-06,1.7174183085444383e-05,1.582986988069024e-05,1.8310927771381103e-05
111,liver,liver,1,0.0,1.0,0.0,0.0,0.0,0.0,0.0,0.0,0.0,0.00380808231420815,0.9912528395652771,0.0016844169003888965,0.0026905739214271307,0.0003454854595474899,5.150320430402644e-05,8.038785017561167e-05,6.627841503359377e-05,2.043610038526822e-05
1317,lung_epithelium,lung_epithelium,1,1.0,0.0,0.0,0.0,0.0,0.0,0.0,0.0,0.0,0.9994500279426575,3.3093539968831465e-05,0.0003041156742256135,3.0480978239211254e-05,2.7766747734858654e-05,2.4855484298313968e-05,3.328566890559159e-05,4.055215686094016e-05,5.57251441932749e-05
3254,bone_marrow,liver,0,0.0,0.0,0.0,0.0,1.0,0.0,0.0,0.0,0.0,0.02248889021575451,0.7053930759429932,0.0002449659805279225,0.24211324751377106,0.02286013960838318,0.00011241735046496615,0.00010491978173376992,0.00012318004155531526,0.006559156347066164
924,liver,liver,1,0.0,0.5,0.0,0.5,0.0,0.0,0.0,0.0,0.0,0.00026579908444546163,0.5458336472511292,0.0022533165756613016,0.4142727255821228,0.033273614943027496,0.00020678946748375893,0.00023057944781612605,0.00018844273290596902,0.003475107718259096
1386,lung_epithelium,lung_epithelium,1,1.0,0.0,0.0,0.0,0.0,0.0,0.0,0.0,0.0,0.9995119571685791,3.749195457203314e-05,0.00018489136709831655,2.1184832803555764e-05,2.9086260838084854e-05,2.4894225134630688e-05,2.908223723352421e-05,3.178246333845891e-05,0.00012968476221431047
866,liver,liver,1,0.0,0.5,0.0,0.5,0.0,0.0,0.0,0.0,0.0,0.005073589272797108,0.6274569630622864,0.00027007036260329187,0.3649309575557709,0.0013231148477643728,9.993548883358017e-05,0.0001051729850587435,0.0001116454805014655,0.0006285691051743925
2493,lung_epithelium,lung_epithelium,1,1.0,0.0,0.0,0.0,0.0,0.0,0.0,0.0,0.0,0.8851304650306702,0.09476394206285477,0.0004747974453493953,0.0002943475847132504,0.00012216744653414935,0.0001371734106214717,0.00015707507554907352,0.00012516204151324928,0.018794918432831764
272,liver,liver,1,0.0,1.0,0.0,0.0,0.0,0.0,0.0,0.0,0.0,0.07335888594388962,0.9251066446304321,0.00033084125607274473,0.0008861314272508025,4.031352000311017e-05,4.184282079222612e-05,6.826721801189706e-05,9.190425043925643e-05,7.519384234910831e-05
666,muscle,muscle,1,0.0,0.0,1.0,0.0,0.0,0.0,0.0,0.0,0.0,5.837621938553639e-05,0.0001339986629318446,0.9996471405029297,1.988686744880397e-05,4.048962000524625e-05,1.9638840967672877e-05,1.8787146473187022e-05,2.382889942964539e-05,3.783875945373438e-05
362,liver,liver,1,0.0,1.0,0.0,0.0,0.0,0.0,0.0,0.0,0.0,0.2014075368642807,0.7963935732841492,0.0012198732001706958,0.0005165376351214945,0.0001088598946807906,6.171689892653376e-05,0.00011756559979403391,0.00013664356083609164,3.766017107409425e-05
1413,lung_epithelium,lung_epithelium,1,1.0,0.0,0.0,0.0,0.0,0.0,0.0,0.0,0.0,0.9994593262672424,0.00020727177616208792,1.9965711544500664e-05,0.00017219834262505174,2.7747417334467173e-05,1.4513233509205747e-05,2.3443612008122727e-05,2.6647250706446357e-05,4.897077087662183e-05
138,lung_epithelium,liver,0,1.0,0.0,0.0,0.0,0.0,0.0,0.0,0.0,0.0,0.28518229722976685,0.7133240699768066,0.00034772511571645737,0.0006118838209658861,3.336771624162793e-05,8.220157178584486e-05,0.00015386445738840848,0.0001723704772302881,9.21688333619386e-05
2373,lung_epithelium,lung_epithelium,1,1.0,0.0,0.0,0.0,0.0,0.0,0.0,0.0,0.0,0.957881510257721,0.027887847274541855,0.00013769335055258125,0.013276588171720505,0.0005530250491574407,2.4531738745281473e-05,3.1833984394324943e-05,3.681800080812536e-05,0.00017011779709719121
742,muscle,muscle,1,0.0,0.0,1.0,0.0,0.0,0.0,0.0,0.0,0.0,4.561015157378279e-05,8.684613567311317e-05,0.9996788501739502,1.4929036296962295e-05,6.113699782872573e-05,2.0628967831726186e-05,1.7762415154720657e-05,2.3671964299865067e-05,5.056833106209524e-05
2638,lung_epithelium,lung_epithelium,1,1.0,0.0,0.0,0.0,0.0,0.0,0.0,0.0,0.0,0.9995775818824768,7.59295653551817e-05,8.145222091116011e-05,2.7060845241067e-05,3.5773769923252985e-05,1.1194538274139632e-05,1.5569077731925063e-05,2.0247891370672733e-05,0.00015524605987593532
856,liver,liver,1,0.0,0.5,0.0,0.5,0.0,0.0,0.0,0.0,0.0,0.00171002303250134,0.5687023997306824,0.0006442954763770103,0.42745140194892883,0.0009851687354966998,0.0001061182701960206,0.00011696355795720592,0.00011424582044128329,0.00016938804765231907
542,muscle,muscle,1,0.0,0.0,1.0,0.0,0.0,0.0,0.0,0.0,0.0,0.00017254086560569704,0.00015238270862028003,0.9994885921478271,1.7681803001323715e-05,4.245140735292807e-05,2.090860107273329e-05,2.1932306481176056e-05,3.0390343454200774e-05,5.303269426804036e-05
1933,lung_epithelium,lung_epithelium,1,1.0,0.0,0.0,0.0,0.0,0.0,0.0,0.0,0.0,0.9993348717689514,5.4793817980680615e-05,0.0002114548988174647,2.4503910026396625e-05,3.005802682309877e-05,2.585318907222245e-05,3.157371611450799e-05,3.931245373678394e-05,0.0002475567162036896
1752,lung_epithelium,lung_epithelium,1,1.0,0.0,0.0,0.0,0.0,0.0,0.0,0.0,0.0,0.999561607837677,4.116849595448002e-05,0.00022508736583404243,1.7555510567035526e-05,3.353307329234667e-05,2.1317846403690055e-05,2.7577401851885952e-05,2.7193180358153768e-05,4.50537700089626e-05
2757,lung_epithelium,lung_epithelium,1,1.0,0.0,0.0,0.0,0.0,0.0,0.0,0.0,0.0,0.9995864033699036,0.0001705869217403233,1.3471950296661817e-05,5.3977455536369234e-05,4.19605421484448e-05,1.4033134903002065e-05,2.1801293769385666e-05,2.0465191482799128e-05,7.730704237474129e-05
1689,lung_epithelium,lung_epithelium,1,1.0,0.0,0.0,0.0,0.0,0.0,0.0,0.0,0.0,0.9997367262840271,7.01819226378575e-05,5.738891559303738e-05,2.184393088100478e-05,1.5327481378335506e-05,1.0767151252366602e-05,2.1896867110626772e-05,1.709325260890182e-05,4.878604522673413e-05
2178,lung_epithelium,lung_epithelium,1,1.0,0.0,0.0,0.0,0.0,0.0,0.0,0.0,0.0,0.9996086955070496,0.00010635218495735899,8.455805800622329e-05,3.0604609492002055e-05,1.2665184840443544e-05,1.4332263162941672e-05,2.194240914832335e-05,2.407919782854151e-05,9.681186202215031e-05
1801,lung_epithelium,lung_epithelium,1,1.0,0.0,0.0,0.0,0.0,0.0,0.0,0.0,0.0,0.9993709921836853,0.000434327608672902,3.074912092415616e-05,5.2822950237896293e-05,4.4695356336887926e-05,1.3120074072503485e-05,2.3019772925181314e-05,2.0647210476454347e-05,9.6853054856183e-06
375,liver,liver,1,0.0,1.0,0.0,0.0,0.0,0.0,0.0,0.0,0.0,0.03438098356127739,0.964287519454956,0.00038966568536125124,0.0007202552515082061,2.882345324906055e-05,3.235535405110568e-05,5.576680268859491e-05,6.573335122084245e-05,3.89535998692736e-05
1879,lung_epithelium,lung_epithelium,1,1.0,0.0,0.0,0.0,0.0,0.0,0.0,0.0,0.0,0.9993423819541931,7.116828055586666e-05,0.0004067757981829345,2.726677485043183e-05,3.05544635921251e-05,2.4572404072387144e-05,3.584248770494014e-05,3.4416731068631634e-05,2.7123405743623152e-05
